dimension,value,editions,universe_denominator,coverage_percent
year,2021,5,,
year,2022,8,,
year,2023,12,,
year,2024,13,,
year,2025,27,,
year,2026,26,,
year,2027,5,,
year,2028,1,,
country,Australia,2,,
country,Brazil,2,,
country,China,6,,
country,France,5,,
country,Germany,1,,
country,Honduras,2,,
country,Indonesia,1,,
country,Italy,1,,
country,Kenya,1,,
country,Malaysia,1,,
country,Mexico,1,,
country,Morocco,1,,
country,New Zealand,1,,
country,Saudi Arabia,1,,
country,Singapore,4,,
country,South Africa,7,,
country,Thailand,1,,
country,Türkiye,2,,
country,United States,8,,
country,unknown,49,,
format,academic_celebration,1,,
format,alumni_networking,1,,
format,art_exhibition_opening,1,,
format,art_installation_launch,1,,
format,art_launch,1,,
format,brand_pop_up,1,,
format,city_cultural_festival,1,,
format,community_meetup,1,,
format,community_party,1,,
format,conference,5,,
format,course,3,,
format,entrepreneurship_workshop,1,,
format,film_festival,6,,
format,film_screening,1,,
format,filmmaking_workshop,4,,
format,hackathon,2,,
format,hybrid_trade_fair,1,,
format,industry_networking,1,,
format,literary_meetup,1,,
format,meetup,1,,
format,multi_sport_games,2,,
format,music_festival,3,,
format,online_workshop,1,,
format,performance,1,,
format,research_seminar,1,,
format,road_marathon,3,,
format,seminar,1,,
format,sports_race,3,,
format,sports_tournament,2,,
format,trade_fair,28,,
format,trade_fair_and_literary_festival,5,,
format,trade_show,2,,
format,wellness_workshop,1,,
format,wheelchair_marathon,1,,
format,workshop,6,,
format,workshop_and_public_conversation,2,,
sector,art_and_blockchain,1,,
sector,artificial_intelligence,1,,
sector,arts,4,,
sector,arts_and_community,1,,
sector,arts_education,4,,
sector,blockchain,1,,
sector,cancer_research,1,,
sector,consumer_beverages,1,,
sector,consumer_electronics_hvac_energy,2,,
sector,culture,4,,
sector,education,1,,
sector,entrepreneurship,1,,
sector,environmental_documentary,1,,
sector,fashion_and_reuse,2,,
sector,film_and_audiovisual,6,,
sector,games_and_education,2,,
sector,higher_education,1,,
sector,humanities,3,,
sector,industrial_automation,20,,
sector,intellectual_property,1,,
sector,language_and_culture,1,,
sector,logistics,8,,
sector,music_consumer_brands,3,,
sector,performing_arts,2,,
sector,professional_community,1,,
sector,publishing_and_literature,6,,
sector,retail,1,,
sector,software_python,5,,
sector,sports,7,,
sector,sports_consumer_beverages,2,,
sector,sports_travel_electronics,2,,
sector,wellness_and_culture,1,,
status,announced,20,,
status,cancelled,1,,
status,future_confirmed,2,,
status,held_reported,7,,
status,historical_evidence,10,,
status,historical_listing,40,,
status,reported_held,17,,
