classification_id,entity_table,entity_id,term_id,origin,source_ids_json,method,version,extra_json,missing_reasons_json
cls_da290237296a28e3,event_editions,evt_42591655e3d34587,term_5a0b77bb07776502,researcher_derived,"[""src_9df391d2639fd117"",""src_7c14181968ea6ade"",""src_9004085a317f1ba7"",""src_3ca3d5c7529b528f""]",reading_listing,research-2026-09-28-v1,,{}
cls_9ce40816e445bc11,event_editions,evt_42591655e3d34587,term_b5ce18ee61f28243,researcher_derived,"[""src_9df391d2639fd117"",""src_7c14181968ea6ade"",""src_9004085a317f1ba7"",""src_3ca3d5c7529b528f""]",reading_listing,research-2026-09-28-v1,,{}
cls_17185d2ab24d7323,event_editions,evt_26f715d6bddd88e5,term_b3026c0c33dead74,researcher_derived,"[""src_3ca3d5c7529b528f"",""src_7c14181968ea6ade"",""src_9004085a317f1ba7""]",reading_listing,research-2026-09-28-v1,,{}
cls_9f2b96328d26319d,event_editions,evt_26f715d6bddd88e5,term_b5ce18ee61f28243,researcher_derived,"[""src_3ca3d5c7529b528f"",""src_7c14181968ea6ade"",""src_9004085a317f1ba7""]",reading_listing,research-2026-09-28-v1,,{}
cls_1af7115fe994dc65,event_editions,evt_f166e8263b931260,term_b3026c0c33dead74,researcher_derived,"[""src_4cd2862e6eab7bc3"",""src_7c14181968ea6ade"",""src_9004085a317f1ba7""]",reading_listing,research-2026-09-28-v1,,{}
cls_522c3142c35b5139,event_editions,evt_f166e8263b931260,term_b5ce18ee61f28243,researcher_derived,"[""src_4cd2862e6eab7bc3"",""src_7c14181968ea6ade"",""src_9004085a317f1ba7""]",reading_listing,research-2026-09-28-v1,,{}
cls_2761753dd5bbd27d,event_editions,evt_3f6c66c57cf7196d,term_b3026c0c33dead74,researcher_derived,"[""src_4b857ce1676ddc3f"",""src_7c14181968ea6ade"",""src_9004085a317f1ba7""]",reading_listing,research-2026-09-28-v1,,{}
cls_4c2bb7d76e23317e,event_editions,evt_3f6c66c57cf7196d,term_b5ce18ee61f28243,researcher_derived,"[""src_4b857ce1676ddc3f"",""src_7c14181968ea6ade"",""src_9004085a317f1ba7""]",reading_listing,research-2026-09-28-v1,,{}
cls_4f5312f5817c065c,event_editions,evt_a3ff92ede2c426e6,term_b3026c0c33dead74,researcher_derived,"[""src_fcddee0e747f012d"",""src_7c14181968ea6ade"",""src_9004085a317f1ba7""]",reading_listing,research-2026-09-28-v1,,{}
cls_4216f59da92896d9,event_editions,evt_a3ff92ede2c426e6,term_b5ce18ee61f28243,researcher_derived,"[""src_fcddee0e747f012d"",""src_7c14181968ea6ade"",""src_9004085a317f1ba7""]",reading_listing,research-2026-09-28-v1,,{}
cls_b2c71b2e95be2eda,event_editions,evt_ae94cffcb363bfbb,term_b3026c0c33dead74,researcher_derived,"[""src_23d9024c2436f690"",""src_7c14181968ea6ade"",""src_9004085a317f1ba7""]",reading_listing,research-2026-09-28-v1,,{}
cls_6efb405a2037c748,event_editions,evt_ae94cffcb363bfbb,term_b5ce18ee61f28243,researcher_derived,"[""src_23d9024c2436f690"",""src_7c14181968ea6ade"",""src_9004085a317f1ba7""]",reading_listing,research-2026-09-28-v1,,{}
cls_0c85306a36a2ccd6,event_editions,evt_537b79cd799b7b5a,term_706846269702ec65,researcher_derived,"[""src_c34e2f2f38dab538"",""src_7e720eba9a9905db"",""src_7f8f5835c9e6b941"",""src_71498cf72b899179"",""src_59dad8e17aea7570""]",reading_listing,research-2026-09-28-v1,,{}
cls_75452c814e737533,event_editions,evt_537b79cd799b7b5a,term_fa983086043c8b30,researcher_derived,"[""src_c34e2f2f38dab538"",""src_7e720eba9a9905db"",""src_7f8f5835c9e6b941"",""src_71498cf72b899179"",""src_59dad8e17aea7570""]",reading_listing,research-2026-09-28-v1,,{}
cls_ee5c6895dfa01ac4,event_editions,evt_3bde3e1c9c148055,term_706846269702ec65,researcher_derived,"[""src_59dad8e17aea7570"",""src_7e720eba9a9905db"",""src_7f8f5835c9e6b941""]",reading_listing,research-2026-09-28-v1,,{}
cls_a549aa2a46abb19b,event_editions,evt_3bde3e1c9c148055,term_fa983086043c8b30,researcher_derived,"[""src_59dad8e17aea7570"",""src_7e720eba9a9905db"",""src_7f8f5835c9e6b941""]",reading_listing,research-2026-09-28-v1,,{}
cls_65945e0a972ab1a1,event_editions,evt_1c1e593329e65b57,term_706846269702ec65,researcher_derived,"[""src_e4059929539cdcbf"",""src_7e720eba9a9905db"",""src_7f8f5835c9e6b941""]",reading_listing,research-2026-09-28-v1,,{}
cls_c1d139a2449471a9,event_editions,evt_1c1e593329e65b57,term_fa983086043c8b30,researcher_derived,"[""src_e4059929539cdcbf"",""src_7e720eba9a9905db"",""src_7f8f5835c9e6b941""]",reading_listing,research-2026-09-28-v1,,{}
cls_00960b7d77a5ee34,event_editions,evt_3c520dca1ba3c34c,term_706846269702ec65,researcher_derived,"[""src_1999b464e21997cd"",""src_7e720eba9a9905db"",""src_7f8f5835c9e6b941""]",reading_listing,research-2026-09-28-v1,,{}
cls_87900748f9e3b662,event_editions,evt_3c520dca1ba3c34c,term_fa983086043c8b30,researcher_derived,"[""src_1999b464e21997cd"",""src_7e720eba9a9905db"",""src_7f8f5835c9e6b941""]",reading_listing,research-2026-09-28-v1,,{}
cls_98516268b2d8b433,event_editions,evt_89645498ed7a7288,term_706846269702ec65,researcher_derived,"[""src_1415c5c16fdff55f"",""src_7e720eba9a9905db"",""src_7f8f5835c9e6b941"",""src_d21a92c0a0720249"",""src_86ca81a8405c10a9"",""src_8b2cfb4a9e111db3"",""src_104b14c867f63719""]",reading_listing,research-2026-09-28-v1,,{}
cls_b83be149c6ff40c0,event_editions,evt_89645498ed7a7288,term_fa983086043c8b30,researcher_derived,"[""src_1415c5c16fdff55f"",""src_7e720eba9a9905db"",""src_7f8f5835c9e6b941"",""src_d21a92c0a0720249"",""src_86ca81a8405c10a9"",""src_8b2cfb4a9e111db3"",""src_104b14c867f63719""]",reading_listing,research-2026-09-28-v1,,{}
cls_5b96c631cf777b6a,event_editions,evt_928d9b26ad74b89d,term_706846269702ec65,researcher_derived,"[""src_1b9e8a6ead03ced3"",""src_7e720eba9a9905db""]",reading_listing,research-2026-09-28-v1,,{}
cls_5fce91a4bf99484e,event_editions,evt_928d9b26ad74b89d,term_fa983086043c8b30,researcher_derived,"[""src_1b9e8a6ead03ced3"",""src_7e720eba9a9905db""]",reading_listing,research-2026-09-28-v1,,{}
cls_f7e08e6a5fc9ab2f,event_editions,evt_c078cb6a5cfce95b,term_915a7e39300ade6e,researcher_derived,"[""src_428ea3c8a8bf12ab""]",reading_listing,research-2026-09-28-v1,,{}
cls_ca193432e16e6f84,event_editions,evt_c078cb6a5cfce95b,term_7431ec6d50ee48d7,researcher_derived,"[""src_428ea3c8a8bf12ab""]",reading_listing,research-2026-09-28-v1,,{}
cls_c261e4c701143382,event_editions,evt_0cb6c7d0ff466716,term_532eb8d033169181,researcher_derived,"[""src_8b1eecd3abdb841b""]",reading_listing,research-2026-09-28-v1,,{}
cls_5046e590a78c8dfb,event_editions,evt_0cb6c7d0ff466716,term_cafc8ef04f840ed9,researcher_derived,"[""src_8b1eecd3abdb841b""]",reading_listing,research-2026-09-28-v1,,{}
cls_3afab00b5445062d,event_editions,evt_c2e6aefe4194efa9,term_961d419e3915f36b,researcher_derived,"[""src_45d9487cab564c74""]",reading_listing,research-2026-09-28-v1,,{}
cls_410db07d6f0d35bb,event_editions,evt_c2e6aefe4194efa9,term_70a0f197d6b1edfc,researcher_derived,"[""src_45d9487cab564c74""]",reading_listing,research-2026-09-28-v1,,{}
cls_ed06fa6ff3f40a1c,event_editions,evt_368f4c51b8b56af0,term_532eb8d033169181,researcher_derived,"[""src_824df2ea58e7c23e""]",reading_listing,research-2026-09-28-v1,,{}
cls_dd04398b50e8b990,event_editions,evt_368f4c51b8b56af0,term_d9fbdaf5aec16173,researcher_derived,"[""src_824df2ea58e7c23e""]",reading_listing,research-2026-09-28-v1,,{}
cls_c336bc6cdb73ca3f,event_editions,evt_0589d0e1d567dc8a,term_532eb8d033169181,researcher_derived,"[""src_a82c3b73de2356a8""]",reading_listing,research-2026-09-28-v1,,{}
cls_edb58b3f5a550535,event_editions,evt_0589d0e1d567dc8a,term_2d555b811623f730,researcher_derived,"[""src_a82c3b73de2356a8""]",reading_listing,research-2026-09-28-v1,,{}
cls_dc872ae13d207e32,event_editions,evt_1d932cf000a48381,term_532eb8d033169181,researcher_derived,"[""src_9484ede08fca8274""]",reading_listing,research-2026-09-28-v1,,{}
cls_6dc506821898b4e4,event_editions,evt_1d932cf000a48381,term_d9fbdaf5aec16173,researcher_derived,"[""src_9484ede08fca8274""]",reading_listing,research-2026-09-28-v1,,{}
cls_cfc5ec8031d06313,event_editions,evt_b22864bf40fe3288,term_87db4736a6bfff10,researcher_derived,"[""src_2c6e0ea38ce82045""]",reading_listing,research-2026-09-28-v1,,{}
cls_20a4a92f05b6099a,event_editions,evt_b22864bf40fe3288,term_ca9b051cdbd166c2,researcher_derived,"[""src_2c6e0ea38ce82045""]",reading_listing,research-2026-09-28-v1,,{}
cls_289f05648ba5b58d,event_editions,evt_a4d1aadbf77df432,term_87db4736a6bfff10,researcher_derived,"[""src_01a0254bee3d60f9""]",reading_listing,research-2026-09-28-v1,,{}
cls_5134f7c04f304aeb,event_editions,evt_a4d1aadbf77df432,term_ca9b051cdbd166c2,researcher_derived,"[""src_01a0254bee3d60f9""]",reading_listing,research-2026-09-28-v1,,{}
cls_73b2711af3cfe9a3,event_editions,evt_ecb00c62c32b35b5,term_87db4736a6bfff10,researcher_derived,"[""src_1984bb6e239f5faf""]",reading_listing,research-2026-09-28-v1,,{}
cls_d4f1cd393c729752,event_editions,evt_ecb00c62c32b35b5,term_ca9b051cdbd166c2,researcher_derived,"[""src_1984bb6e239f5faf""]",reading_listing,research-2026-09-28-v1,,{}
cls_592fa35f167232f7,event_editions,evt_a3e852b24f4952fb,term_4d7c9551d8a3f272,researcher_derived,"[""src_05ea1a4f87db45c8"",""src_eb2cb64c1e8d2670""]",reading_listing,research-2026-09-28-v1,,{}
cls_9256e293dbbd9568,event_editions,evt_a3e852b24f4952fb,term_bcc1ccc256af0d3f,researcher_derived,"[""src_05ea1a4f87db45c8"",""src_eb2cb64c1e8d2670""]",reading_listing,research-2026-09-28-v1,,{}
cls_e423ce4c0263ad80,event_editions,evt_1cd1637de3a2db91,term_4d7c9551d8a3f272,researcher_derived,"[""src_c197bc3cd21a33f3"",""src_eb2cb64c1e8d2670"",""src_e52494567c98a526""]",reading_listing,research-2026-09-28-v1,,{}
cls_9ff68f62de1edd7c,event_editions,evt_1cd1637de3a2db91,term_bcc1ccc256af0d3f,researcher_derived,"[""src_c197bc3cd21a33f3"",""src_eb2cb64c1e8d2670"",""src_e52494567c98a526""]",reading_listing,research-2026-09-28-v1,,{}
cls_313a0bc29493d345,event_editions,evt_9e6150dee728fe68,term_4d7c9551d8a3f272,researcher_derived,"[""src_eb2cb64c1e8d2670"",""src_1661ab9ef39ed6d0"",""src_e52494567c98a526""]",reading_listing,research-2026-09-28-v1,,{}
cls_2637cab5e7948cec,event_editions,evt_9e6150dee728fe68,term_bcc1ccc256af0d3f,researcher_derived,"[""src_eb2cb64c1e8d2670"",""src_1661ab9ef39ed6d0"",""src_e52494567c98a526""]",reading_listing,research-2026-09-28-v1,,{}
cls_922c0d15add6b51f,event_editions,evt_f06ed998fe0d915c,term_dda5c9ac8dc6c714,researcher_derived,"[""src_0ccd82271b8f4a8f""]",reading_listing,research-2026-09-28-v1,,{}
cls_15c01d5b3d5eb2f9,event_editions,evt_f06ed998fe0d915c,term_d9fbdaf5aec16173,researcher_derived,"[""src_0ccd82271b8f4a8f""]",reading_listing,research-2026-09-28-v1,,{}
cls_14c3680c597ea08b,event_editions,evt_11d7f1aa6ff2059c,term_221df589403fab93,researcher_derived,"[""src_f5fb805989fbd1c2""]",reading_listing,research-2026-09-28-v1,,{}
cls_49b0a037cbc8a701,event_editions,evt_11d7f1aa6ff2059c,term_d9fbdaf5aec16173,researcher_derived,"[""src_f5fb805989fbd1c2""]",reading_listing,research-2026-09-28-v1,,{}
cls_da016f711147624f,event_editions,evt_93046f8a82d552c7,term_93b3a8587ed483c8,researcher_derived,"[""src_44803fb30e78619b""]",reading_listing,research-2026-09-28-v1,,{}
cls_186b4bdcd14c6927,event_editions,evt_93046f8a82d552c7,term_0f71b9591a97fdcc,researcher_derived,"[""src_44803fb30e78619b""]",reading_listing,research-2026-09-28-v1,,{}
cls_c68d45c195b64e2c,event_editions,evt_db17b3f949710748,term_f226fc9cc765224c,researcher_derived,"[""src_4bd3767dc187ae9b""]",reading_listing,research-2026-09-28-v1,,{}
cls_16f55470fddb6154,event_editions,evt_db17b3f949710748,term_8dc7c39f8b6f7891,researcher_derived,"[""src_4bd3767dc187ae9b""]",reading_listing,research-2026-09-28-v1,,{}
cls_5a10cef57416dcb8,event_editions,evt_be65aac73906f0c8,term_c0c886c76b1a965f,researcher_derived,"[""src_4bd3767dc187ae9b""]",reading_listing,research-2026-09-28-v1,,{}
cls_a189b74e578ee96e,event_editions,evt_be65aac73906f0c8,term_4154925ce62df4cb,researcher_derived,"[""src_4bd3767dc187ae9b""]",reading_listing,research-2026-09-28-v1,,{}
cls_995705bcea72ad1c,event_editions,evt_b7ba26b3823a131c,term_d808647a871b1a4c,researcher_derived,"[""src_4bd3767dc187ae9b""]",reading_listing,research-2026-09-28-v1,,{}
cls_84150ad68ca90775,event_editions,evt_b7ba26b3823a131c,term_f3cede74380d871e,researcher_derived,"[""src_4bd3767dc187ae9b""]",reading_listing,research-2026-09-28-v1,,{}
cls_09890df6b183fdbd,event_editions,evt_43ca644578f899b3,term_f79e323f38ec3f80,researcher_derived,"[""src_489edf7babf8d40b""]",reading_listing,research-2026-09-28-v1,,{}
cls_73d88d1b2735a674,event_editions,evt_43ca644578f899b3,term_892808a05e99f3ff,researcher_derived,"[""src_489edf7babf8d40b""]",reading_listing,research-2026-09-28-v1,,{}
cls_4ec518cd1f63c77f,event_editions,evt_07e3a7d5ae9630e6,term_272b4b6ec2a0e2c5,researcher_derived,"[""src_35104009f6b928d4""]",reading_listing,research-2026-09-28-v1,,{}
cls_53cfdda9d9a8933e,event_editions,evt_07e3a7d5ae9630e6,term_9bb4df953ca5ba66,researcher_derived,"[""src_35104009f6b928d4""]",reading_listing,research-2026-09-28-v1,,{}
cls_3c9f37766159be4b,event_editions,evt_e87a4888a41331bd,term_bad7da9880451e3a,researcher_derived,"[""src_a4893c3147c8fd7e""]",reading_listing,research-2026-09-28-v1,,{}
cls_ce29f443a2b3cbe3,event_editions,evt_e87a4888a41331bd,term_233462d496c8fc2e,researcher_derived,"[""src_a4893c3147c8fd7e""]",reading_listing,research-2026-09-28-v1,,{}
cls_9fc67448261ea455,event_editions,evt_3c489ff25ffaa1e2,term_6375812c7241efbb,researcher_derived,"[""src_b25ccbc91f956ec9""]",reading_listing,research-2026-09-28-v1,,{}
cls_b8a6ec9f07ece6d7,event_editions,evt_3c489ff25ffaa1e2,term_618d9bee8de2b798,researcher_derived,"[""src_b25ccbc91f956ec9""]",reading_listing,research-2026-09-28-v1,,{}
cls_7e75760bafdf1058,event_editions,evt_096b6bfc996e453a,term_532eb8d033169181,researcher_derived,"[""src_941f3a7a585fcc8e""]",reading_listing,research-2026-09-28-v1,,{}
cls_df12ffabd4153bf7,event_editions,evt_096b6bfc996e453a,term_f49e8c9725ec7e2e,researcher_derived,"[""src_941f3a7a585fcc8e""]",reading_listing,research-2026-09-28-v1,,{}
cls_cc9fecb6dc3d7c98,event_editions,evt_6fcffac1537250da,term_532eb8d033169181,researcher_derived,"[""src_941f3a7a585fcc8e""]",reading_listing,research-2026-09-28-v1,,{}
cls_49d3a600b28f7ccd,event_editions,evt_6fcffac1537250da,term_f49e8c9725ec7e2e,researcher_derived,"[""src_941f3a7a585fcc8e""]",reading_listing,research-2026-09-28-v1,,{}
cls_fcf5a17d283910e2,event_editions,evt_67222706ad0bf68e,term_1bc2f54ecb3f0e4e,researcher_derived,"[""src_2905bc9fd949e366""]",reading_listing,research-2026-09-28-v1,,{}
cls_4d0886461940501d,event_editions,evt_67222706ad0bf68e,term_257c8ad962808574,researcher_derived,"[""src_2905bc9fd949e366""]",reading_listing,research-2026-09-28-v1,,{}
cls_960e421bf1c8f15e,event_editions,evt_40ad8a1ac99418ac,term_86bd97f7fa4ee244,researcher_derived,"[""src_cc8bdd6e528a8f0f""]",reading_listing,research-2026-09-28-v1,,{}
cls_79d308403d6111b6,event_editions,evt_40ad8a1ac99418ac,term_e619b895b01beaad,researcher_derived,"[""src_cc8bdd6e528a8f0f""]",reading_listing,research-2026-09-28-v1,,{}
cls_2227efdee7c5d942,event_editions,evt_3403f18c48759070,term_86bd97f7fa4ee244,researcher_derived,"[""src_138fa60f9d7ea4fe""]",reading_listing,research-2026-09-28-v1,,{}
cls_50d60b5f026193d0,event_editions,evt_3403f18c48759070,term_e619b895b01beaad,researcher_derived,"[""src_138fa60f9d7ea4fe""]",reading_listing,research-2026-09-28-v1,,{}
cls_2003ea6acb8e697d,event_editions,evt_69cc8c478f3dde8d,term_86bd97f7fa4ee244,researcher_derived,"[""src_138fa60f9d7ea4fe""]",reading_listing,research-2026-09-28-v1,,{}
cls_7807bb0500bcf17f,event_editions,evt_69cc8c478f3dde8d,term_e619b895b01beaad,researcher_derived,"[""src_138fa60f9d7ea4fe""]",reading_listing,research-2026-09-28-v1,,{}
cls_cceae435dba6d481,event_editions,evt_a5f95984d0a3b3cf,term_fd19c4a395a9c816,researcher_derived,"[""src_1ef6dcb4a983d5ad""]",reading_listing,research-2026-09-28-v1,,{}
cls_016b0ad18b212005,event_editions,evt_a5f95984d0a3b3cf,term_e619b895b01beaad,researcher_derived,"[""src_1ef6dcb4a983d5ad""]",reading_listing,research-2026-09-28-v1,,{}
cls_3ec675c351c1a973,event_editions,evt_0d53153aa7d0b70d,term_732b30380a459b7d,researcher_derived,"[""src_98b1ed7abbea556b""]",reading_listing,research-2026-09-28-v1,,{}
cls_27b4730798958ba4,event_editions,evt_0d53153aa7d0b70d,term_d157226e793ce7f4,researcher_derived,"[""src_98b1ed7abbea556b""]",reading_listing,research-2026-09-28-v1,,{}
cls_34920884901a3fb3,event_editions,evt_43e6402d85757762,term_732b30380a459b7d,researcher_derived,"[""src_98b1ed7abbea556b""]",reading_listing,research-2026-09-28-v1,,{}
cls_2476f8029a2d705d,event_editions,evt_43e6402d85757762,term_d157226e793ce7f4,researcher_derived,"[""src_98b1ed7abbea556b""]",reading_listing,research-2026-09-28-v1,,{}
cls_a8266f0740d7345e,event_editions,evt_b10d7b624fc3d5dc,term_9bd299ed6a71ecf5,researcher_derived,"[""src_79e817c41d230299"",""src_be561bf293635cd2"",""src_eb2cb64c1e8d2670""]",reading_listing,research-2026-09-28-v1,,{}
cls_51faaf7ef7dc85e8,event_editions,evt_b10d7b624fc3d5dc,term_bcc1ccc256af0d3f,researcher_derived,"[""src_79e817c41d230299"",""src_be561bf293635cd2"",""src_eb2cb64c1e8d2670""]",reading_listing,research-2026-09-28-v1,,{}
cls_7a91e9d8183077ee,event_editions,evt_85cedced82b14b2f,term_9bd299ed6a71ecf5,researcher_derived,"[""src_b8dc91bb87629b21"",""src_be561bf293635cd2"",""src_e52494567c98a526"",""src_eb2cb64c1e8d2670""]",reading_listing,research-2026-09-28-v1,,{}
cls_2f494079cdbcd4d4,event_editions,evt_85cedced82b14b2f,term_bcc1ccc256af0d3f,researcher_derived,"[""src_b8dc91bb87629b21"",""src_be561bf293635cd2"",""src_e52494567c98a526"",""src_eb2cb64c1e8d2670""]",reading_listing,research-2026-09-28-v1,,{}
cls_4d781b81ab7b952f,event_editions,evt_7fafff6076c4c679,term_5beac21861699c41,researcher_derived,"[""src_3d2ed13e43dcb327"",""src_eb2cb64c1e8d2670""]",reading_listing,research-2026-09-28-v1,,{}
cls_c43a376435f191ef,event_editions,evt_7fafff6076c4c679,term_bcc1ccc256af0d3f,researcher_derived,"[""src_3d2ed13e43dcb327"",""src_eb2cb64c1e8d2670""]",reading_listing,research-2026-09-28-v1,,{}
cls_4f5a9251d62bbc83,event_editions,evt_b0c6e05d325163d2,term_9bd299ed6a71ecf5,researcher_derived,"[""src_23867c841c6871d9"",""src_be561bf293635cd2"",""src_eb2cb64c1e8d2670""]",reading_listing,research-2026-09-28-v1,,{}
cls_2c4f4897fd6a9a3d,event_editions,evt_b0c6e05d325163d2,term_bcc1ccc256af0d3f,researcher_derived,"[""src_23867c841c6871d9"",""src_be561bf293635cd2"",""src_eb2cb64c1e8d2670""]",reading_listing,research-2026-09-28-v1,,{}
cls_e690f9f5057aef45,event_editions,evt_9ccb4e5afc58d963,term_eba426fb52c1d87f,researcher_derived,"[""src_b64c9533a7414c0c""]",reading_listing,research-2026-09-28-v1,,{}
cls_48c69a90bb6c35aa,event_editions,evt_9ccb4e5afc58d963,term_2d555b811623f730,researcher_derived,"[""src_b64c9533a7414c0c""]",reading_listing,research-2026-09-28-v1,,{}
cls_7b56f3d94b5df575,event_editions,evt_d8978ad15e6467ac,term_94c3900372134f95,researcher_derived,"[""src_0cfff74941d71d2c""]",reading_listing,research-2026-09-28-v1,,{}
cls_4c453e988b812d20,event_editions,evt_d8978ad15e6467ac,term_2d555b811623f730,researcher_derived,"[""src_0cfff74941d71d2c""]",reading_listing,research-2026-09-28-v1,,{}
cls_4762a319f863383a,event_editions,evt_238c590059068dfc,term_c6be16c0863b42cb,researcher_derived,"[""src_0cfff74941d71d2c""]",reading_listing,research-2026-09-28-v1,,{}
cls_52484c2b03bdc59a,event_editions,evt_238c590059068dfc,term_2d555b811623f730,researcher_derived,"[""src_0cfff74941d71d2c""]",reading_listing,research-2026-09-28-v1,,{}
cls_2cb567b1c2383c29,event_editions,evt_d016107b86ad15fa,term_be64d6f539d6380c,researcher_derived,"[""src_1130acc33a386197""]",reading_listing,research-2026-09-28-v1,,{}
cls_25d4295f0cd74f14,event_editions,evt_d016107b86ad15fa,term_aa9bfe790cdc45c4,researcher_derived,"[""src_1130acc33a386197""]",reading_listing,research-2026-09-28-v1,,{}
cls_3869ae8a34ecabcc,event_editions,evt_86ccff2abc06f79c,term_86bd97f7fa4ee244,researcher_derived,"[""src_ce817c34de050404""]",reading_listing,research-2026-09-28-v1,,{}
cls_b8949eb61c64ea7a,event_editions,evt_86ccff2abc06f79c,term_3e7766cb7182518e,researcher_derived,"[""src_ce817c34de050404""]",reading_listing,research-2026-09-28-v1,,{}
cls_08b44d9d6d14995e,event_editions,evt_482ab23213906ea0,term_c60b37ed70153c6e,researcher_derived,"[""src_f70ed47bfb8862ce""]",reading_listing,research-2026-09-28-v1,,{}
cls_a05b137441be9cb8,event_editions,evt_482ab23213906ea0,term_742c54c4545964f4,researcher_derived,"[""src_f70ed47bfb8862ce""]",reading_listing,research-2026-09-28-v1,,{}
cls_52e02314ee769df5,event_editions,evt_33c264941211cfff,term_c60b37ed70153c6e,researcher_derived,"[""src_f70ed47bfb8862ce""]",reading_listing,research-2026-09-28-v1,,{}
cls_237070c9b6c208b5,event_editions,evt_33c264941211cfff,term_742c54c4545964f4,researcher_derived,"[""src_f70ed47bfb8862ce""]",reading_listing,research-2026-09-28-v1,,{}
cls_4fc045fc11c763ef,event_editions,evt_4871448a539f5fb0,term_173132128dad8374,researcher_derived,"[""src_f402d36a48ea4259""]",reading_listing,research-2026-09-28-v1,,{}
cls_3298a0620dd29af9,event_editions,evt_4871448a539f5fb0,term_829a12ca5eb68f07,researcher_derived,"[""src_f402d36a48ea4259""]",reading_listing,research-2026-09-28-v1,,{}
cls_b34daa487db6508d,event_editions,evt_6228196d8ad98785,term_173132128dad8374,researcher_derived,"[""src_f402d36a48ea4259""]",reading_listing,research-2026-09-28-v1,,{}
cls_6749ba8d7de612a2,event_editions,evt_6228196d8ad98785,term_829a12ca5eb68f07,researcher_derived,"[""src_f402d36a48ea4259""]",reading_listing,research-2026-09-28-v1,,{}
cls_3d449e59f5d1c0c1,event_editions,evt_e41bc37a43b4420d,term_173132128dad8374,researcher_derived,"[""src_f402d36a48ea4259""]",reading_listing,research-2026-09-28-v1,,{}
cls_18d8402978a95285,event_editions,evt_e41bc37a43b4420d,term_829a12ca5eb68f07,researcher_derived,"[""src_f402d36a48ea4259""]",reading_listing,research-2026-09-28-v1,,{}
cls_1debf81e1f01bcd0,event_editions,evt_a335dad57b86fbf5,term_173132128dad8374,researcher_derived,"[""src_f402d36a48ea4259""]",reading_listing,research-2026-09-28-v1,,{}
cls_4f14aaeb6ca31d6b,event_editions,evt_a335dad57b86fbf5,term_829a12ca5eb68f07,researcher_derived,"[""src_f402d36a48ea4259""]",reading_listing,research-2026-09-28-v1,,{}
cls_8d1c5dc513fa967f,event_editions,evt_f5229c036ed7d706,term_173132128dad8374,researcher_derived,"[""src_f402d36a48ea4259""]",reading_listing,research-2026-09-28-v1,,{}
cls_4b9ebe9b74693dd8,event_editions,evt_f5229c036ed7d706,term_829a12ca5eb68f07,researcher_derived,"[""src_f402d36a48ea4259""]",reading_listing,research-2026-09-28-v1,,{}
cls_450561aa699a7971,event_editions,evt_14059a01a933c5a3,term_173132128dad8374,researcher_derived,"[""src_f402d36a48ea4259""]",reading_listing,research-2026-09-28-v1,,{}
cls_18b77173dbf656f0,event_editions,evt_14059a01a933c5a3,term_829a12ca5eb68f07,researcher_derived,"[""src_f402d36a48ea4259""]",reading_listing,research-2026-09-28-v1,,{}
cls_c08983fa633c7f5c,event_editions,evt_bf31a6d2618ec973,term_173132128dad8374,researcher_derived,"[""src_f402d36a48ea4259""]",reading_listing,research-2026-09-28-v1,,{}
cls_dc1d6f1ea915a8d3,event_editions,evt_bf31a6d2618ec973,term_829a12ca5eb68f07,researcher_derived,"[""src_f402d36a48ea4259""]",reading_listing,research-2026-09-28-v1,,{}
cls_c6d53dbe804c89e3,event_editions,evt_9cf09f3a61421893,term_173132128dad8374,researcher_derived,"[""src_f402d36a48ea4259""]",reading_listing,research-2026-09-28-v1,,{}
cls_ec084443f00d19ba,event_editions,evt_9cf09f3a61421893,term_829a12ca5eb68f07,researcher_derived,"[""src_f402d36a48ea4259""]",reading_listing,research-2026-09-28-v1,,{}
cls_63a93347477708b4,event_editions,evt_86c34a5441a9734d,term_173132128dad8374,researcher_derived,"[""src_f402d36a48ea4259""]",reading_listing,research-2026-09-28-v1,,{}
cls_c097b7e806b3f24b,event_editions,evt_86c34a5441a9734d,term_cd036a9560b31b57,researcher_derived,"[""src_f402d36a48ea4259""]",reading_listing,research-2026-09-28-v1,,{}
cls_41e39d30a0127314,event_editions,evt_1400433405edda61,term_173132128dad8374,researcher_derived,"[""src_f402d36a48ea4259""]",reading_listing,research-2026-09-28-v1,,{}
cls_bb02b0e215e77779,event_editions,evt_1400433405edda61,term_cd036a9560b31b57,researcher_derived,"[""src_f402d36a48ea4259""]",reading_listing,research-2026-09-28-v1,,{}
cls_563b63b9b482ef56,event_editions,evt_972df455e0b3f068,term_173132128dad8374,researcher_derived,"[""src_f402d36a48ea4259""]",reading_listing,research-2026-09-28-v1,,{}
cls_244e6845f2fff1fb,event_editions,evt_972df455e0b3f068,term_cd036a9560b31b57,researcher_derived,"[""src_f402d36a48ea4259""]",reading_listing,research-2026-09-28-v1,,{}
cls_235741e1945fcfa7,event_editions,evt_1bdcd83d45bdfcef,term_173132128dad8374,researcher_derived,"[""src_f402d36a48ea4259""]",reading_listing,research-2026-09-28-v1,,{}
cls_572d8c3ec5086f21,event_editions,evt_1bdcd83d45bdfcef,term_cd036a9560b31b57,researcher_derived,"[""src_f402d36a48ea4259""]",reading_listing,research-2026-09-28-v1,,{}
cls_44ba28c48ccbbb79,event_editions,evt_658afaa5d4547d12,term_173132128dad8374,researcher_derived,"[""src_f402d36a48ea4259""]",reading_listing,research-2026-09-28-v1,,{}
cls_2d928e130dcb2929,event_editions,evt_658afaa5d4547d12,term_cd036a9560b31b57,researcher_derived,"[""src_f402d36a48ea4259""]",reading_listing,research-2026-09-28-v1,,{}
cls_045deca0442c0bb3,event_editions,evt_077e47bbad9e3ed7,term_173132128dad8374,researcher_derived,"[""src_f402d36a48ea4259""]",reading_listing,research-2026-09-28-v1,,{}
cls_b1a1269b1b458aff,event_editions,evt_077e47bbad9e3ed7,term_cd036a9560b31b57,researcher_derived,"[""src_f402d36a48ea4259""]",reading_listing,research-2026-09-28-v1,,{}
cls_e935404dd0932e9e,event_editions,evt_46e9363c553d3d68,term_173132128dad8374,researcher_derived,"[""src_f402d36a48ea4259""]",reading_listing,research-2026-09-28-v1,,{}
cls_d466133d3ef09230,event_editions,evt_46e9363c553d3d68,term_cd036a9560b31b57,researcher_derived,"[""src_f402d36a48ea4259""]",reading_listing,research-2026-09-28-v1,,{}
cls_60eac1b2e629e51b,event_editions,evt_54632c21b0daa275,term_173132128dad8374,researcher_derived,"[""src_f402d36a48ea4259""]",reading_listing,research-2026-09-28-v1,,{}
cls_84604c9ca1ed6cb8,event_editions,evt_54632c21b0daa275,term_cd036a9560b31b57,researcher_derived,"[""src_f402d36a48ea4259""]",reading_listing,research-2026-09-28-v1,,{}
cls_b29684aa4c7aab98,event_editions,evt_84ae700b0a2e8277,term_173132128dad8374,researcher_derived,"[""src_f402d36a48ea4259"",""src_99776e9d21f0c33b"",""src_d0128bd34c5d6c43""]",reading_listing,research-2026-09-28-v1,,{}
cls_ab1b5b27480f2d61,event_editions,evt_84ae700b0a2e8277,term_cd036a9560b31b57,researcher_derived,"[""src_f402d36a48ea4259"",""src_99776e9d21f0c33b"",""src_d0128bd34c5d6c43""]",reading_listing,research-2026-09-28-v1,,{}
cls_9467293b24cf7fa6,event_editions,evt_e7f62488a5ffe3c3,term_173132128dad8374,researcher_derived,"[""src_f402d36a48ea4259""]",reading_listing,research-2026-09-28-v1,,{}
cls_976cd84c22f1c439,event_editions,evt_e7f62488a5ffe3c3,term_cd036a9560b31b57,researcher_derived,"[""src_f402d36a48ea4259""]",reading_listing,research-2026-09-28-v1,,{}
cls_b778f4b5cfaaefed,event_editions,evt_369b38c5bd632088,term_173132128dad8374,researcher_derived,"[""src_f402d36a48ea4259"",""src_e99fd95866866c30"",""src_fc14a66a9ac54d2e""]",reading_listing,research-2026-09-28-v1,,{}
cls_1ad8ddaf7bc23fb0,event_editions,evt_369b38c5bd632088,term_cd036a9560b31b57,researcher_derived,"[""src_f402d36a48ea4259"",""src_e99fd95866866c30"",""src_fc14a66a9ac54d2e""]",reading_listing,research-2026-09-28-v1,,{}
cls_0e34b4109cb7bdb3,event_editions,evt_13f43c19bf8fc644,term_173132128dad8374,researcher_derived,"[""src_f402d36a48ea4259""]",reading_listing,research-2026-09-28-v1,,{}
cls_4e9ab79e1b862b06,event_editions,evt_13f43c19bf8fc644,term_cd036a9560b31b57,researcher_derived,"[""src_f402d36a48ea4259""]",reading_listing,research-2026-09-28-v1,,{}
cls_7afb0092de6dbfb5,event_editions,evt_1156bbc52167727b,term_173132128dad8374,researcher_derived,"[""src_f402d36a48ea4259""]",reading_listing,research-2026-09-28-v1,,{}
cls_b8cbd7a63dc4c1bc,event_editions,evt_1156bbc52167727b,term_cd036a9560b31b57,researcher_derived,"[""src_f402d36a48ea4259""]",reading_listing,research-2026-09-28-v1,,{}
cls_914ae8795eebc702,event_editions,evt_eb111a081b035c1d,term_173132128dad8374,researcher_derived,"[""src_f402d36a48ea4259""]",reading_listing,research-2026-09-28-v1,,{}
cls_e6eb79a7969eef35,event_editions,evt_eb111a081b035c1d,term_cd036a9560b31b57,researcher_derived,"[""src_f402d36a48ea4259""]",reading_listing,research-2026-09-28-v1,,{}
cls_f0d9a129acb454bc,event_editions,evt_752246cf439bf417,term_173132128dad8374,researcher_derived,"[""src_f402d36a48ea4259""]",reading_listing,research-2026-09-28-v1,,{}
cls_3aec8ace95f9fdf4,event_editions,evt_752246cf439bf417,term_cd036a9560b31b57,researcher_derived,"[""src_f402d36a48ea4259""]",reading_listing,research-2026-09-28-v1,,{}
cls_0e7678e541707585,event_editions,evt_513070f1b8e79d7d,term_173132128dad8374,researcher_derived,"[""src_f402d36a48ea4259""]",reading_listing,research-2026-09-28-v1,,{}
cls_eb470c718329b5bc,event_editions,evt_513070f1b8e79d7d,term_cd036a9560b31b57,researcher_derived,"[""src_f402d36a48ea4259""]",reading_listing,research-2026-09-28-v1,,{}
cls_9e1df4c7e2208a1b,event_editions,evt_17d65786c7a61ea0,term_173132128dad8374,researcher_derived,"[""src_f402d36a48ea4259"",""src_eb3dc5a6a049788a""]",reading_listing,research-2026-09-28-v1,,{}
cls_244a243f09ab8c49,event_editions,evt_17d65786c7a61ea0,term_cd036a9560b31b57,researcher_derived,"[""src_f402d36a48ea4259"",""src_eb3dc5a6a049788a""]",reading_listing,research-2026-09-28-v1,,{}
cls_a3d4d2505bee2c78,event_editions,evt_41f7c969d8522557,term_173132128dad8374,researcher_derived,"[""src_f402d36a48ea4259""]",reading_listing,research-2026-09-28-v1,,{}
cls_2cd166e599431036,event_editions,evt_41f7c969d8522557,term_cd036a9560b31b57,researcher_derived,"[""src_f402d36a48ea4259""]",reading_listing,research-2026-09-28-v1,,{}
cls_1e12d6d9c2a3e9ac,event_editions,evt_c86717853fbaa0bb,term_173132128dad8374,researcher_derived,"[""src_f402d36a48ea4259"",""src_4298e7009542f090"",""src_f2c1ef1edc7c0079""]",reading_listing,research-2026-09-28-v1,,{}
cls_08fa7f23e50fda2b,event_editions,evt_c86717853fbaa0bb,term_cd036a9560b31b57,researcher_derived,"[""src_f402d36a48ea4259"",""src_4298e7009542f090"",""src_f2c1ef1edc7c0079""]",reading_listing,research-2026-09-28-v1,,{}
cls_f959518279bef9a8,event_editions,evt_949bbc13a26eb563,term_173132128dad8374,researcher_derived,"[""src_f402d36a48ea4259""]",reading_listing,research-2026-09-28-v1,,{}
cls_cbe8557f4c1fd844,event_editions,evt_949bbc13a26eb563,term_cd036a9560b31b57,researcher_derived,"[""src_f402d36a48ea4259""]",reading_listing,research-2026-09-28-v1,,{}
cls_e2730b5a8f35a2b3,event_editions,evt_21898dbf1363b872,term_97ee99797ac6dd84,researcher_derived,"[""src_06982e2d4e4c2477"",""src_ff00773374ceb4b1"",""src_05d713e7bac64deb""]",reading_listing,research-2026-09-28-v1,,{}
cls_9ffb88167df3c9f0,event_editions,evt_21898dbf1363b872,term_2220cb7d28a0ded7,researcher_derived,"[""src_06982e2d4e4c2477"",""src_ff00773374ceb4b1"",""src_05d713e7bac64deb""]",reading_listing,research-2026-09-28-v1,,{}
cls_e14b9106adcbdbb8,event_editions,evt_759f4e16a0895098,term_97ee99797ac6dd84,researcher_derived,"[""src_bcafaecfcdcace6e"",""src_311ea18834954a5d"",""src_99a9f9bee6c4a549"",""src_ccceb3198203800b"",""src_05d713e7bac64deb""]",reading_listing,research-2026-09-28-v1,,{}
cls_aa8c192be638cf27,event_editions,evt_759f4e16a0895098,term_2220cb7d28a0ded7,researcher_derived,"[""src_bcafaecfcdcace6e"",""src_311ea18834954a5d"",""src_99a9f9bee6c4a549"",""src_ccceb3198203800b"",""src_05d713e7bac64deb""]",reading_listing,research-2026-09-28-v1,,{}
cls_e801f5361dea3ef5,event_editions,evt_343acf413406c0f7,term_97ee99797ac6dd84,researcher_derived,"[""src_0f987c466489f8cf"",""src_9a47566ff16e2fde"",""src_6ff156810b5a70a2"",""src_9f2fa9e6c5cbf6df"",""src_b1fb9876e8e68608"",""src_05d713e7bac64deb""]",reading_listing,research-2026-09-28-v1,,{}
cls_ea37a705a188fab4,event_editions,evt_343acf413406c0f7,term_2220cb7d28a0ded7,researcher_derived,"[""src_0f987c466489f8cf"",""src_9a47566ff16e2fde"",""src_6ff156810b5a70a2"",""src_9f2fa9e6c5cbf6df"",""src_b1fb9876e8e68608"",""src_05d713e7bac64deb""]",reading_listing,research-2026-09-28-v1,,{}
cls_3a189821c43a9c76,event_editions,evt_bceea7bddb93b01d,term_d799d4a87b2d2d40,researcher_derived,"[""src_0f987c466489f8cf"",""src_b1fb9876e8e68608""]",reading_listing,research-2026-09-28-v1,,{}
cls_1301a35dc3bb35b7,event_editions,evt_bceea7bddb93b01d,term_35c226207352d130,researcher_derived,"[""src_0f987c466489f8cf"",""src_b1fb9876e8e68608""]",reading_listing,research-2026-09-28-v1,,{}
cls_ededaa6d7218e90f,event_editions,evt_347ceac6d8bd6531,term_4138498323c2bb86,researcher_derived,"[""src_47b38ab569239339"",""src_a443d248ec4ed629"",""src_519b56d5716234b3"",""src_5b3aaf225da19b11"",""src_5db1e48415dabd48"",""src_970eb9b4db022219""]",reading_listing,research-2026-09-28-v1,,{}
cls_bde8d7d0782d3dcf,event_editions,evt_347ceac6d8bd6531,term_5c648cae0203b81b,researcher_derived,"[""src_47b38ab569239339"",""src_a443d248ec4ed629"",""src_519b56d5716234b3"",""src_5b3aaf225da19b11"",""src_5db1e48415dabd48"",""src_970eb9b4db022219""]",reading_listing,research-2026-09-28-v1,,{}
cls_47726bd1b915a334,event_editions,evt_884aefcea84103a6,term_4138498323c2bb86,researcher_derived,"[""src_47b38ab569239339"",""src_a443d248ec4ed629"",""src_519b56d5716234b3"",""src_5b3aaf225da19b11"",""src_970eb9b4db022219""]",reading_listing,research-2026-09-28-v1,,{}
cls_caf4532b45ab6e50,event_editions,evt_884aefcea84103a6,term_5c648cae0203b81b,researcher_derived,"[""src_47b38ab569239339"",""src_a443d248ec4ed629"",""src_519b56d5716234b3"",""src_5b3aaf225da19b11"",""src_970eb9b4db022219""]",reading_listing,research-2026-09-28-v1,,{}
cls_0df92155b177720e,event_editions,evt_0d891407e0719cd2,term_1958cdec8cf7378d,researcher_derived,"[""src_f9849c7b21f9baf4"",""src_ecbbb3171e4acf77"",""src_2835b53159a67447""]",reading_listing,research-2026-09-28-v1,,{}
cls_6380bc356823d1fd,event_editions,evt_0d891407e0719cd2,term_89f659be57e23e12,researcher_derived,"[""src_f9849c7b21f9baf4"",""src_ecbbb3171e4acf77"",""src_2835b53159a67447""]",reading_listing,research-2026-09-28-v1,,{}
cls_5f8777377b988fb5,event_editions,evt_f3d0ef12f9fe682a,term_1958cdec8cf7378d,researcher_derived,"[""src_2b0968fbcfb8e2f9""]",reading_listing,research-2026-09-28-v1,,{}
cls_b16ff4315155f705,event_editions,evt_f3d0ef12f9fe682a,term_89f659be57e23e12,researcher_derived,"[""src_2b0968fbcfb8e2f9""]",reading_listing,research-2026-09-28-v1,,{}
cls_f054d72a954970c9,event_editions,evt_10393e173aeae756,term_e4ba664accbd0b0c,researcher_derived,"[""src_d898cbcf28212d4c"",""src_bda16158c0e2de7f"",""src_9f2fa9e6c5cbf6df""]",reading_listing,research-2026-09-28-v1,,{}
cls_23fb9ad125eaa1c2,event_editions,evt_10393e173aeae756,term_3102bede4732c880,researcher_derived,"[""src_d898cbcf28212d4c"",""src_bda16158c0e2de7f"",""src_9f2fa9e6c5cbf6df""]",reading_listing,research-2026-09-28-v1,,{}
cls_4fd2a9b8da0be8b3,event_editions,evt_eb0f0a2edae7eb88,term_e4ba664accbd0b0c,researcher_derived,"[""src_6e7d8ee77edcb712"",""src_9f2fa9e6c5cbf6df"",""src_48413b2bf50d8318""]",reading_listing,research-2026-09-28-v1,,{}
cls_1f83224f73c9c6b0,event_editions,evt_eb0f0a2edae7eb88,term_3102bede4732c880,researcher_derived,"[""src_6e7d8ee77edcb712"",""src_9f2fa9e6c5cbf6df"",""src_48413b2bf50d8318""]",reading_listing,research-2026-09-28-v1,,{}
cls_ccf4f939b234f20c,event_editions,evt_f483ad3b81f46644,term_d3e490ad5456338a,researcher_derived,"[""src_add31ce74fe78bce"",""src_a22d494816518b95""]",reading_listing,research-2026-09-28-v1,,{}
cls_3b4622e3c0c7ef2a,event_editions,evt_f483ad3b81f46644,term_880bd5a07686b821,researcher_derived,"[""src_add31ce74fe78bce"",""src_a22d494816518b95""]",reading_listing,research-2026-09-28-v1,,{}
cls_bc0d57adca14c5bb,event_editions,evt_b7c57b9d55e12e77,term_d3e490ad5456338a,researcher_derived,"[""src_adca5c9ded413d58"",""src_f71418848b9fcad7""]",reading_listing,research-2026-09-28-v1,,{}
cls_987d8473284ed042,event_editions,evt_b7c57b9d55e12e77,term_880bd5a07686b821,researcher_derived,"[""src_adca5c9ded413d58"",""src_f71418848b9fcad7""]",reading_listing,research-2026-09-28-v1,,{}
cls_a6c627bccc37cdf0,event_editions,evt_2f5a7f654cc3781d,term_d3e490ad5456338a,researcher_derived,"[""src_3a10729f8ee2c406"",""src_602bb5d5f3210bb5""]",reading_listing,research-2026-09-28-v1,,{}
cls_ce15703d8ba719a1,event_editions,evt_2f5a7f654cc3781d,term_880bd5a07686b821,researcher_derived,"[""src_3a10729f8ee2c406"",""src_602bb5d5f3210bb5""]",reading_listing,research-2026-09-28-v1,,{}
cls_70922b23dc6b6980,event_editions,evt_084faf6811b39ff7,term_d3e490ad5456338a,researcher_derived,"[""src_76d3990208dfce14"",""src_b7abf127fce0b3ab""]",reading_listing,research-2026-09-28-v1,,{}
cls_09dc2ea0ea955074,event_editions,evt_084faf6811b39ff7,term_880bd5a07686b821,researcher_derived,"[""src_76d3990208dfce14"",""src_b7abf127fce0b3ab""]",reading_listing,research-2026-09-28-v1,,{}
cls_d514348e7f414c92,event_editions,evt_095fb499a803def2,term_d3e490ad5456338a,researcher_derived,"[""src_607ad359514263be"",""src_80ab5b26edd36d59""]",reading_listing,research-2026-09-28-v1,,{}
cls_ab1b078d16eec612,event_editions,evt_095fb499a803def2,term_880bd5a07686b821,researcher_derived,"[""src_607ad359514263be"",""src_80ab5b26edd36d59""]",reading_listing,research-2026-09-28-v1,,{}
