candidate_id,run_id,edition_id,eligibility,components_json,score,rank,evidence_ids_json,missing_json,explanation,human_label,extra_json,missing_reasons_json
cand_a244d14dcff21d0d,evalrun_56941974e127ec06,evt_d016107b86ad15fa,conditional,"{""audience_record_exists"": 0, ""lexical_matches"": 0, ""prior_editions_capped"": 0.0, ""taxonomy_overlap"": 0}",0,1,"[""a_276f0a38a589a63f"", ""a_44aeff3c9097dad6"", ""a_0d12a69c59310dd2"", ""a_20afda5c8e0cabd1"", ""a_858da2b152bdea7b"", ""a_9c01d52eb5946b19"", ""a_90bce862252a9556""]","[""total_participation_cost"", ""inventory_availability"", ""buyer_confirmation"", ""current_status_recheck""]",Ranking funcional de investigación. Sin coincidencia textual; no proponer como relevante.,,,"{""human_label"":""not_found_in_consulted_sources""}"
cand_1d688565932ca76f,evalrun_56941974e127ec06,evt_84ae700b0a2e8277,conditional,"{""audience_record_exists"": 0, ""lexical_matches"": 0, ""prior_editions_capped"": 0.3333333333333333, ""taxonomy_overlap"": 0}",0,2,"[""a_a6b5a1ad6bac9f95"", ""a_7d1556fded445eb9"", ""a_5bba11db0c48ccf8"", ""a_a8daef898f322b6b"", ""a_a53c1df27b2b04a3"", ""a_bf12d164f662de9b"", ""a_8910c7d9e13bac13"", ""a_a6653d5b986ec04e"", ""a_6495ff3fa8a8488c""]","[""total_participation_cost"", ""inventory_availability"", ""buyer_confirmation"", ""current_status_recheck""]",Ranking funcional de investigación. Sin coincidencia textual; no proponer como relevante.,,,"{""human_label"":""not_found_in_consulted_sources""}"
cand_863e48c4e6f31c94,evalrun_b3e025fd04d5ecde,evt_d016107b86ad15fa,conditional,"{""audience_record_exists"": 0, ""lexical_matches"": 0, ""prior_editions_capped"": 0.0, ""taxonomy_overlap"": 0}",0.0,1,"[""a_276f0a38a589a63f"", ""a_44aeff3c9097dad6"", ""a_0d12a69c59310dd2"", ""a_20afda5c8e0cabd1"", ""a_858da2b152bdea7b"", ""a_9c01d52eb5946b19"", ""a_90bce862252a9556""]","[""total_participation_cost"", ""inventory_availability"", ""buyer_confirmation"", ""current_status_recheck""]",Ranking funcional de investigación. Sin coincidencia textual; no proponer como relevante.,,,"{""human_label"":""not_found_in_consulted_sources""}"
cand_5b258e6d0dfcfa15,evalrun_b3e025fd04d5ecde,evt_84ae700b0a2e8277,conditional,"{""audience_record_exists"": 0, ""lexical_matches"": 0, ""prior_editions_capped"": 0.3333333333333333, ""taxonomy_overlap"": 0}",0.0,2,"[""a_a6b5a1ad6bac9f95"", ""a_7d1556fded445eb9"", ""a_5bba11db0c48ccf8"", ""a_a8daef898f322b6b"", ""a_a53c1df27b2b04a3"", ""a_bf12d164f662de9b"", ""a_8910c7d9e13bac13"", ""a_a6653d5b986ec04e"", ""a_6495ff3fa8a8488c""]","[""total_participation_cost"", ""inventory_availability"", ""buyer_confirmation"", ""current_status_recheck""]",Ranking funcional de investigación. Sin coincidencia textual; no proponer como relevante.,,,"{""human_label"":""not_found_in_consulted_sources""}"
cand_025449487da2c32f,evalrun_c9c7882cef22dcf4,evt_84ae700b0a2e8277,conditional,"{""audience_record_exists"": 0, ""lexical_matches"": 0, ""prior_editions_capped"": 0.3333333333333333, ""taxonomy_overlap"": 0}",0.049999999999999996,1,"[""a_a6b5a1ad6bac9f95"", ""a_7d1556fded445eb9"", ""a_5bba11db0c48ccf8"", ""a_a8daef898f322b6b"", ""a_a53c1df27b2b04a3"", ""a_bf12d164f662de9b"", ""a_8910c7d9e13bac13"", ""a_a6653d5b986ec04e"", ""a_6495ff3fa8a8488c""]","[""total_participation_cost"", ""inventory_availability"", ""buyer_confirmation"", ""current_status_recheck""]",Ranking funcional de investigación. Encaje requiere evaluación humana.,,,"{""human_label"":""not_found_in_consulted_sources""}"
cand_383970407c9a7b33,evalrun_c9c7882cef22dcf4,evt_d016107b86ad15fa,conditional,"{""audience_record_exists"": 0, ""lexical_matches"": 0, ""prior_editions_capped"": 0.0, ""taxonomy_overlap"": 0}",0.0,2,"[""a_276f0a38a589a63f"", ""a_44aeff3c9097dad6"", ""a_0d12a69c59310dd2"", ""a_20afda5c8e0cabd1"", ""a_858da2b152bdea7b"", ""a_9c01d52eb5946b19"", ""a_90bce862252a9556""]","[""total_participation_cost"", ""inventory_availability"", ""buyer_confirmation"", ""current_status_recheck""]",Ranking funcional de investigación. Sin coincidencia textual; no proponer como relevante.,,,"{""human_label"":""not_found_in_consulted_sources""}"
cand_96161bda3ba719db,evalrun_230c1479cadade09,evt_54632c21b0daa275,conditional,"{""audience_record_exists"": 0, ""lexical_matches"": 1, ""prior_editions_capped"": 0.0, ""taxonomy_overlap"": 1}",1,1,"[""a_1eddc48031c38b04"", ""a_66ef5a4474690531"", ""a_f10dc8c26ba994da"", ""a_01a4cbaa5176e4c3"", ""a_02aa47ad080d4317"", ""a_66241e245ce7c4ed"", ""a_45bc253137bcfed6"", ""a_5fddd558bbd9324d""]","[""total_participation_cost"", ""inventory_availability"", ""buyer_confirmation"", ""current_status_recheck""]",Ranking funcional de investigación. Encaje requiere evaluación humana.,,,"{""human_label"":""not_found_in_consulted_sources""}"
cand_973cde2d2f9473c7,evalrun_230c1479cadade09,evt_13f43c19bf8fc644,conditional,"{""audience_record_exists"": 1, ""lexical_matches"": 0, ""prior_editions_capped"": 0.0, ""taxonomy_overlap"": 1}",0,2,"[""a_6e08d12f3167eb1d"", ""a_601af8f2ded0aa21"", ""a_d2d1becc1564317c"", ""a_1fe502eb409dcaf4"", ""a_cb54476e997808b0"", ""a_2b99dc52152d6511"", ""a_dd3414e0c6933c8d"", ""a_926f5a6d33c40839""]","[""total_participation_cost"", ""inventory_availability"", ""buyer_confirmation"", ""current_status_recheck""]",Ranking funcional de investigación. Sin coincidencia textual; no proponer como relevante.,,,"{""human_label"":""not_found_in_consulted_sources""}"
cand_d5eb11e6d9c37875,evalrun_230c1479cadade09,evt_369b38c5bd632088,conditional,"{""audience_record_exists"": 1, ""lexical_matches"": 0, ""prior_editions_capped"": 0.0, ""taxonomy_overlap"": 1}",0,3,"[""a_d9ecb02ff65c57e2"", ""a_32ec16c75b667946"", ""a_7bf87567c52fc70c"", ""a_801736fe504f1030"", ""a_a199ac5758e77a5a"", ""a_dad21665690468e3"", ""a_b87c05503af5fc60"", ""a_75b6ac482027dcfe""]","[""total_participation_cost"", ""inventory_availability"", ""buyer_confirmation"", ""current_status_recheck""]",Ranking funcional de investigación. Sin coincidencia textual; no proponer como relevante.,,,"{""human_label"":""not_found_in_consulted_sources""}"
cand_180d4c8bd531e3fc,evalrun_230c1479cadade09,evt_a335dad57b86fbf5,conditional,"{""audience_record_exists"": 1, ""lexical_matches"": 0, ""prior_editions_capped"": 0.0, ""taxonomy_overlap"": 0}",0,4,"[""a_3842fc23d77cb624"", ""a_82b2b2733c3ffad6"", ""a_241d594fbab710e0"", ""a_3907a7e5529d73ea"", ""a_3ebd2d2d33c571a5"", ""a_0c9a48ce8223b09c"", ""a_b44b473e89274590"", ""a_1108db277761ccf5""]","[""total_participation_cost"", ""inventory_availability"", ""buyer_confirmation"", ""current_status_recheck""]",Ranking funcional de investigación. Sin coincidencia textual; no proponer como relevante.,,,"{""human_label"":""not_found_in_consulted_sources""}"
cand_c9561638381e2a8e,evalrun_230c1479cadade09,evt_c86717853fbaa0bb,conditional,"{""audience_record_exists"": 0, ""lexical_matches"": 0, ""prior_editions_capped"": 0.3333333333333333, ""taxonomy_overlap"": 1}",0,5,"[""a_0cd230b6ad3fb140"", ""a_49830338a2c4bcd2"", ""a_421b87567b5126d0"", ""a_b328529a5906dd29"", ""a_932ad947d4606a9e"", ""a_d23a5f122d1ac4dc"", ""a_c46432cafba73364"", ""a_103cbfb4b4cf18e4"", ""a_19f97ad395604aaa"", ""a_6fbc112f2ae72334""]","[""total_participation_cost"", ""inventory_availability"", ""buyer_confirmation"", ""current_status_recheck""]",Ranking funcional de investigación. Sin coincidencia textual; no proponer como relevante.,,,"{""human_label"":""not_found_in_consulted_sources""}"
cand_b4d4e9de486b9b9d,evalrun_eeb567d722ba475b,evt_54632c21b0daa275,conditional,"{""audience_record_exists"": 0, ""lexical_matches"": 1, ""prior_editions_capped"": 0.0, ""taxonomy_overlap"": 1}",2.25,1,"[""a_1eddc48031c38b04"", ""a_66ef5a4474690531"", ""a_f10dc8c26ba994da"", ""a_01a4cbaa5176e4c3"", ""a_02aa47ad080d4317"", ""a_66241e245ce7c4ed"", ""a_45bc253137bcfed6"", ""a_5fddd558bbd9324d""]","[""total_participation_cost"", ""inventory_availability"", ""buyer_confirmation"", ""current_status_recheck""]",Ranking funcional de investigación. Encaje requiere evaluación humana.,,,"{""human_label"":""not_found_in_consulted_sources""}"
cand_81eb324593a43081,evalrun_eeb567d722ba475b,evt_13f43c19bf8fc644,conditional,"{""audience_record_exists"": 1, ""lexical_matches"": 0, ""prior_editions_capped"": 0.0, ""taxonomy_overlap"": 1}",2.0,2,"[""a_6e08d12f3167eb1d"", ""a_601af8f2ded0aa21"", ""a_d2d1becc1564317c"", ""a_1fe502eb409dcaf4"", ""a_cb54476e997808b0"", ""a_2b99dc52152d6511"", ""a_dd3414e0c6933c8d"", ""a_926f5a6d33c40839""]","[""total_participation_cost"", ""inventory_availability"", ""buyer_confirmation"", ""current_status_recheck""]",Ranking funcional de investigación. Encaje requiere evaluación humana.,,,"{""human_label"":""not_found_in_consulted_sources""}"
cand_09c9aa8156b1bf4c,evalrun_eeb567d722ba475b,evt_369b38c5bd632088,conditional,"{""audience_record_exists"": 1, ""lexical_matches"": 0, ""prior_editions_capped"": 0.0, ""taxonomy_overlap"": 1}",2.0,3,"[""a_d9ecb02ff65c57e2"", ""a_32ec16c75b667946"", ""a_7bf87567c52fc70c"", ""a_801736fe504f1030"", ""a_a199ac5758e77a5a"", ""a_dad21665690468e3"", ""a_b87c05503af5fc60"", ""a_75b6ac482027dcfe""]","[""total_participation_cost"", ""inventory_availability"", ""buyer_confirmation"", ""current_status_recheck""]",Ranking funcional de investigación. Encaje requiere evaluación humana.,,,"{""human_label"":""not_found_in_consulted_sources""}"
cand_4841e365f047cd8a,evalrun_eeb567d722ba475b,evt_c86717853fbaa0bb,conditional,"{""audience_record_exists"": 0, ""lexical_matches"": 0, ""prior_editions_capped"": 0.3333333333333333, ""taxonomy_overlap"": 1}",2.0,4,"[""a_0cd230b6ad3fb140"", ""a_49830338a2c4bcd2"", ""a_421b87567b5126d0"", ""a_b328529a5906dd29"", ""a_932ad947d4606a9e"", ""a_d23a5f122d1ac4dc"", ""a_c46432cafba73364"", ""a_103cbfb4b4cf18e4"", ""a_19f97ad395604aaa"", ""a_6fbc112f2ae72334""]","[""total_participation_cost"", ""inventory_availability"", ""buyer_confirmation"", ""current_status_recheck""]",Ranking funcional de investigación. Encaje requiere evaluación humana.,,,"{""human_label"":""not_found_in_consulted_sources""}"
cand_e1134388c5e8b7f4,evalrun_eeb567d722ba475b,evt_a335dad57b86fbf5,conditional,"{""audience_record_exists"": 1, ""lexical_matches"": 0, ""prior_editions_capped"": 0.0, ""taxonomy_overlap"": 0}",0.0,5,"[""a_3842fc23d77cb624"", ""a_82b2b2733c3ffad6"", ""a_241d594fbab710e0"", ""a_3907a7e5529d73ea"", ""a_3ebd2d2d33c571a5"", ""a_0c9a48ce8223b09c"", ""a_b44b473e89274590"", ""a_1108db277761ccf5""]","[""total_participation_cost"", ""inventory_availability"", ""buyer_confirmation"", ""current_status_recheck""]",Ranking funcional de investigación. Sin coincidencia textual; no proponer como relevante.,,,"{""human_label"":""not_found_in_consulted_sources""}"
cand_bfe7463c2f6d8401,evalrun_36bbdce587dbea3c,evt_54632c21b0daa275,conditional,"{""audience_record_exists"": 0, ""lexical_matches"": 1, ""prior_editions_capped"": 0.0, ""taxonomy_overlap"": 1}",2.25,1,"[""a_1eddc48031c38b04"", ""a_66ef5a4474690531"", ""a_f10dc8c26ba994da"", ""a_01a4cbaa5176e4c3"", ""a_02aa47ad080d4317"", ""a_66241e245ce7c4ed"", ""a_45bc253137bcfed6"", ""a_5fddd558bbd9324d""]","[""total_participation_cost"", ""inventory_availability"", ""buyer_confirmation"", ""current_status_recheck""]",Ranking funcional de investigación. Encaje requiere evaluación humana.,,,"{""human_label"":""not_found_in_consulted_sources""}"
cand_090044e202923070,evalrun_36bbdce587dbea3c,evt_13f43c19bf8fc644,conditional,"{""audience_record_exists"": 1, ""lexical_matches"": 0, ""prior_editions_capped"": 0.0, ""taxonomy_overlap"": 1}",2.05,2,"[""a_6e08d12f3167eb1d"", ""a_601af8f2ded0aa21"", ""a_d2d1becc1564317c"", ""a_1fe502eb409dcaf4"", ""a_cb54476e997808b0"", ""a_2b99dc52152d6511"", ""a_dd3414e0c6933c8d"", ""a_926f5a6d33c40839""]","[""total_participation_cost"", ""inventory_availability"", ""buyer_confirmation"", ""current_status_recheck""]",Ranking funcional de investigación. Encaje requiere evaluación humana.,,,"{""human_label"":""not_found_in_consulted_sources""}"
cand_2bd044ae687e6206,evalrun_36bbdce587dbea3c,evt_369b38c5bd632088,conditional,"{""audience_record_exists"": 1, ""lexical_matches"": 0, ""prior_editions_capped"": 0.0, ""taxonomy_overlap"": 1}",2.05,3,"[""a_d9ecb02ff65c57e2"", ""a_32ec16c75b667946"", ""a_7bf87567c52fc70c"", ""a_801736fe504f1030"", ""a_a199ac5758e77a5a"", ""a_dad21665690468e3"", ""a_b87c05503af5fc60"", ""a_75b6ac482027dcfe""]","[""total_participation_cost"", ""inventory_availability"", ""buyer_confirmation"", ""current_status_recheck""]",Ranking funcional de investigación. Encaje requiere evaluación humana.,,,"{""human_label"":""not_found_in_consulted_sources""}"
cand_5fa23fcaf35d0fbb,evalrun_36bbdce587dbea3c,evt_c86717853fbaa0bb,conditional,"{""audience_record_exists"": 0, ""lexical_matches"": 0, ""prior_editions_capped"": 0.3333333333333333, ""taxonomy_overlap"": 1}",2.05,4,"[""a_0cd230b6ad3fb140"", ""a_49830338a2c4bcd2"", ""a_421b87567b5126d0"", ""a_b328529a5906dd29"", ""a_932ad947d4606a9e"", ""a_d23a5f122d1ac4dc"", ""a_c46432cafba73364"", ""a_103cbfb4b4cf18e4"", ""a_19f97ad395604aaa"", ""a_6fbc112f2ae72334""]","[""total_participation_cost"", ""inventory_availability"", ""buyer_confirmation"", ""current_status_recheck""]",Ranking funcional de investigación. Encaje requiere evaluación humana.,,,"{""human_label"":""not_found_in_consulted_sources""}"
cand_4fdafe02e035b8bd,evalrun_36bbdce587dbea3c,evt_a335dad57b86fbf5,conditional,"{""audience_record_exists"": 1, ""lexical_matches"": 0, ""prior_editions_capped"": 0.0, ""taxonomy_overlap"": 0}",0.05,5,"[""a_3842fc23d77cb624"", ""a_82b2b2733c3ffad6"", ""a_241d594fbab710e0"", ""a_3907a7e5529d73ea"", ""a_3ebd2d2d33c571a5"", ""a_0c9a48ce8223b09c"", ""a_b44b473e89274590"", ""a_1108db277761ccf5""]","[""total_participation_cost"", ""inventory_availability"", ""buyer_confirmation"", ""current_status_recheck""]",Ranking funcional de investigación. Encaje requiere evaluación humana.,,,"{""human_label"":""not_found_in_consulted_sources""}"
cand_bba645ebee8d2251,evalrun_f279957842d81237,evt_658afaa5d4547d12,conditional,"{""audience_record_exists"": 1, ""lexical_matches"": 0, ""prior_editions_capped"": 0.0, ""taxonomy_overlap"": 1}",0,1,"[""a_da6759baabda3d9f"", ""a_2a5b4e4eaa72378c"", ""a_c241454de7e2dec0"", ""a_561e6e7323c92b76"", ""a_e2f655b0d720d701"", ""a_f483ea1be63a6192"", ""a_1e3977b1dc6587b7"", ""a_fa7a971b531fc356""]","[""total_participation_cost"", ""inventory_availability"", ""buyer_confirmation"", ""current_status_recheck""]",Ranking funcional de investigación. Sin coincidencia textual; no proponer como relevante.,,,"{""human_label"":""not_found_in_consulted_sources""}"
cand_c3356ec1ae866374,evalrun_2b4178f15ead6e96,evt_658afaa5d4547d12,conditional,"{""audience_record_exists"": 1, ""lexical_matches"": 0, ""prior_editions_capped"": 0.0, ""taxonomy_overlap"": 1}",2.0,1,"[""a_da6759baabda3d9f"", ""a_2a5b4e4eaa72378c"", ""a_c241454de7e2dec0"", ""a_561e6e7323c92b76"", ""a_e2f655b0d720d701"", ""a_f483ea1be63a6192"", ""a_1e3977b1dc6587b7"", ""a_fa7a971b531fc356""]","[""total_participation_cost"", ""inventory_availability"", ""buyer_confirmation"", ""current_status_recheck""]",Ranking funcional de investigación. Encaje requiere evaluación humana.,,,"{""human_label"":""not_found_in_consulted_sources""}"
cand_0b48f22fb5848648,evalrun_b09e76e41d0659f0,evt_658afaa5d4547d12,conditional,"{""audience_record_exists"": 1, ""lexical_matches"": 0, ""prior_editions_capped"": 0.0, ""taxonomy_overlap"": 1}",2.05,1,"[""a_da6759baabda3d9f"", ""a_2a5b4e4eaa72378c"", ""a_c241454de7e2dec0"", ""a_561e6e7323c92b76"", ""a_e2f655b0d720d701"", ""a_f483ea1be63a6192"", ""a_1e3977b1dc6587b7"", ""a_fa7a971b531fc356""]","[""total_participation_cost"", ""inventory_availability"", ""buyer_confirmation"", ""current_status_recheck""]",Ranking funcional de investigación. Encaje requiere evaluación humana.,,,"{""human_label"":""not_found_in_consulted_sources""}"
cand_5eb99df288889b51,evalrun_70e78f41718fc488,evt_14059a01a933c5a3,needs_cost_validation,"{""audience_record_exists"": 1, ""lexical_matches"": 1, ""prior_editions_capped"": 0.0, ""taxonomy_overlap"": 1}",1,1,"[""a_18223b6bc1cbdb27"", ""a_15b8b7fccd9343e9"", ""a_e027eb76b56aeecf"", ""a_8acd3f839fad7fac"", ""a_99704054ef0173d4"", ""a_c40cfef93bc0763d"", ""a_e4c63a9387a26d95"", ""a_b1337ccf33b1a760""]","[""total_participation_cost"", ""inventory_availability"", ""buyer_confirmation"", ""current_status_recheck""]",Ranking funcional de investigación. Encaje requiere evaluación humana.,,,"{""human_label"":""not_found_in_consulted_sources""}"
cand_c6544ac5f4356cc5,evalrun_70e78f41718fc488,evt_658afaa5d4547d12,needs_cost_validation,"{""audience_record_exists"": 1, ""lexical_matches"": 0, ""prior_editions_capped"": 0.0, ""taxonomy_overlap"": 0}",0,2,"[""a_da6759baabda3d9f"", ""a_2a5b4e4eaa72378c"", ""a_c241454de7e2dec0"", ""a_561e6e7323c92b76"", ""a_e2f655b0d720d701"", ""a_f483ea1be63a6192"", ""a_1e3977b1dc6587b7"", ""a_fa7a971b531fc356""]","[""total_participation_cost"", ""inventory_availability"", ""buyer_confirmation"", ""current_status_recheck""]",Ranking funcional de investigación. Sin coincidencia textual; no proponer como relevante.,,,"{""human_label"":""not_found_in_consulted_sources""}"
cand_b7b37485b27e1895,evalrun_70e78f41718fc488,evt_b22864bf40fe3288,needs_cost_validation,"{""audience_record_exists"": 0, ""lexical_matches"": 0, ""prior_editions_capped"": 0, ""taxonomy_overlap"": 0}",0,3,"[""a_52bd923975e3065b"", ""a_f7d44c2fe6207790"", ""a_44ba864e03bf90d7"", ""a_27c26b97aef37b23"", ""a_7354059313ffd28e"", ""a_cf6c92ed7af0277f"", ""a_a5663d9585e72152""]","[""total_participation_cost"", ""inventory_availability"", ""buyer_confirmation"", ""current_status_recheck""]",Ranking funcional de investigación. Sin coincidencia textual; no proponer como relevante.,,,"{""human_label"":""not_found_in_consulted_sources""}"
cand_1073c1303a820944,evalrun_70e78f41718fc488,evt_d016107b86ad15fa,needs_cost_validation,"{""audience_record_exists"": 0, ""lexical_matches"": 0, ""prior_editions_capped"": 0.0, ""taxonomy_overlap"": 0}",0,4,"[""a_276f0a38a589a63f"", ""a_44aeff3c9097dad6"", ""a_0d12a69c59310dd2"", ""a_20afda5c8e0cabd1"", ""a_858da2b152bdea7b"", ""a_9c01d52eb5946b19"", ""a_90bce862252a9556""]","[""total_participation_cost"", ""inventory_availability"", ""buyer_confirmation"", ""current_status_recheck""]",Ranking funcional de investigación. Sin coincidencia textual; no proponer como relevante.,,,"{""human_label"":""not_found_in_consulted_sources""}"
cand_bfe2cd753c505d31,evalrun_70e78f41718fc488,evt_ae94cffcb363bfbb,needs_cost_validation,"{""audience_record_exists"": 0, ""lexical_matches"": 0, ""prior_editions_capped"": 1.0, ""taxonomy_overlap"": 0}",0,5,"[""a_5f4d241b63704a30"", ""a_68473dbd7f9da052"", ""a_74e6f1c22b8fe2f9"", ""a_5208a12dc32cdb52"", ""a_d4b103547f931d8b"", ""a_e8b0cd6f50927ed0"", ""a_38dffd1918972c5d""]","[""total_participation_cost"", ""inventory_availability"", ""buyer_confirmation"", ""current_status_recheck""]",Ranking funcional de investigación. Sin coincidencia textual; no proponer como relevante.,,,"{""human_label"":""not_found_in_consulted_sources""}"
cand_cbee8069e79fae4b,evalrun_70e78f41718fc488,evt_54632c21b0daa275,needs_cost_validation,"{""audience_record_exists"": 0, ""lexical_matches"": 0, ""prior_editions_capped"": 0.0, ""taxonomy_overlap"": 0}",0,6,"[""a_1eddc48031c38b04"", ""a_66ef5a4474690531"", ""a_f10dc8c26ba994da"", ""a_01a4cbaa5176e4c3"", ""a_02aa47ad080d4317"", ""a_66241e245ce7c4ed"", ""a_45bc253137bcfed6"", ""a_5fddd558bbd9324d""]","[""total_participation_cost"", ""inventory_availability"", ""buyer_confirmation"", ""current_status_recheck""]",Ranking funcional de investigación. Sin coincidencia textual; no proponer como relevante.,,,"{""human_label"":""not_found_in_consulted_sources""}"
cand_2ad197b6c0555d95,evalrun_70e78f41718fc488,evt_077e47bbad9e3ed7,needs_cost_validation,"{""audience_record_exists"": 0, ""lexical_matches"": 0, ""prior_editions_capped"": 0.3333333333333333, ""taxonomy_overlap"": 0}",0,7,"[""a_0002a68811e5f9cb"", ""a_0721603c076635a0"", ""a_5903064d1a28def6"", ""a_aab69a924f770ac9"", ""a_86c7a8da0b11f664"", ""a_2015e9a09770dc48"", ""a_1c7797565f2ae77a"", ""a_6eaef4adc828af74""]","[""total_participation_cost"", ""inventory_availability"", ""buyer_confirmation"", ""current_status_recheck""]",Ranking funcional de investigación. Sin coincidencia textual; no proponer como relevante.,,,"{""human_label"":""not_found_in_consulted_sources""}"
cand_2d1f5a575f8635a1,evalrun_70e78f41718fc488,evt_84ae700b0a2e8277,needs_cost_validation,"{""audience_record_exists"": 0, ""lexical_matches"": 0, ""prior_editions_capped"": 0.3333333333333333, ""taxonomy_overlap"": 0}",0,8,"[""a_a6b5a1ad6bac9f95"", ""a_7d1556fded445eb9"", ""a_5bba11db0c48ccf8"", ""a_a8daef898f322b6b"", ""a_a53c1df27b2b04a3"", ""a_bf12d164f662de9b"", ""a_8910c7d9e13bac13"", ""a_a6653d5b986ec04e"", ""a_6495ff3fa8a8488c""]","[""total_participation_cost"", ""inventory_availability"", ""buyer_confirmation"", ""current_status_recheck""]",Ranking funcional de investigación. Sin coincidencia textual; no proponer como relevante.,,,"{""human_label"":""not_found_in_consulted_sources""}"
cand_bb51bc942975988f,evalrun_70e78f41718fc488,evt_13f43c19bf8fc644,needs_cost_validation,"{""audience_record_exists"": 1, ""lexical_matches"": 0, ""prior_editions_capped"": 0.0, ""taxonomy_overlap"": 0}",0,9,"[""a_6e08d12f3167eb1d"", ""a_601af8f2ded0aa21"", ""a_d2d1becc1564317c"", ""a_1fe502eb409dcaf4"", ""a_cb54476e997808b0"", ""a_2b99dc52152d6511"", ""a_dd3414e0c6933c8d"", ""a_926f5a6d33c40839""]","[""total_participation_cost"", ""inventory_availability"", ""buyer_confirmation"", ""current_status_recheck""]",Ranking funcional de investigación. Sin coincidencia textual; no proponer como relevante.,,,"{""human_label"":""not_found_in_consulted_sources""}"
cand_c7c36b372402c829,evalrun_70e78f41718fc488,evt_369b38c5bd632088,needs_cost_validation,"{""audience_record_exists"": 1, ""lexical_matches"": 0, ""prior_editions_capped"": 0.0, ""taxonomy_overlap"": 0}",0,10,"[""a_d9ecb02ff65c57e2"", ""a_32ec16c75b667946"", ""a_7bf87567c52fc70c"", ""a_801736fe504f1030"", ""a_a199ac5758e77a5a"", ""a_dad21665690468e3"", ""a_b87c05503af5fc60"", ""a_75b6ac482027dcfe""]","[""total_participation_cost"", ""inventory_availability"", ""buyer_confirmation"", ""current_status_recheck""]",Ranking funcional de investigación. Sin coincidencia textual; no proponer como relevante.,,,"{""human_label"":""not_found_in_consulted_sources""}"
cand_47a17bedce5fc736,evalrun_70e78f41718fc488,evt_a335dad57b86fbf5,needs_cost_validation,"{""audience_record_exists"": 1, ""lexical_matches"": 0, ""prior_editions_capped"": 0.0, ""taxonomy_overlap"": 1}",0,11,"[""a_3842fc23d77cb624"", ""a_82b2b2733c3ffad6"", ""a_241d594fbab710e0"", ""a_3907a7e5529d73ea"", ""a_3ebd2d2d33c571a5"", ""a_0c9a48ce8223b09c"", ""a_b44b473e89274590"", ""a_1108db277761ccf5""]","[""total_participation_cost"", ""inventory_availability"", ""buyer_confirmation"", ""current_status_recheck""]",Ranking funcional de investigación. Sin coincidencia textual; no proponer como relevante.,,,"{""human_label"":""not_found_in_consulted_sources""}"
cand_b136d98febe6f67b,evalrun_70e78f41718fc488,evt_f5229c036ed7d706,needs_cost_validation,"{""audience_record_exists"": 1, ""lexical_matches"": 0, ""prior_editions_capped"": 0.0, ""taxonomy_overlap"": 1}",0,12,"[""a_05a52bff285bb94d"", ""a_d8525e32abfdea8a"", ""a_886b589893c2bfa0"", ""a_16695422afb9487d"", ""a_a8a79abf702b52f7"", ""a_0fb344a48cf269a2"", ""a_6c08b881a89e0dc0"", ""a_65c732040dc9305d""]","[""total_participation_cost"", ""inventory_availability"", ""buyer_confirmation"", ""current_status_recheck""]",Ranking funcional de investigación. Sin coincidencia textual; no proponer como relevante.,,,"{""human_label"":""not_found_in_consulted_sources""}"
cand_1a87b1d7303468cd,evalrun_70e78f41718fc488,evt_1156bbc52167727b,needs_cost_validation,"{""audience_record_exists"": 0, ""lexical_matches"": 0, ""prior_editions_capped"": 0.3333333333333333, ""taxonomy_overlap"": 0}",0,13,"[""a_a8c8dac6f109da01"", ""a_b8cf9dd8efff9cb7"", ""a_43437a037204e257"", ""a_54a3ad2f536bae37"", ""a_3063350c3aa7d2b7"", ""a_cfcf76e8e6f4c163"", ""a_3331d7eb511bb924"", ""a_7cbf49714c639554""]","[""total_participation_cost"", ""inventory_availability"", ""buyer_confirmation"", ""current_status_recheck""]",Ranking funcional de investigación. Sin coincidencia textual; no proponer como relevante.,,,"{""human_label"":""not_found_in_consulted_sources""}"
cand_3ceb59cf96bb196f,evalrun_70e78f41718fc488,evt_752246cf439bf417,needs_cost_validation,"{""audience_record_exists"": 0, ""lexical_matches"": 0, ""prior_editions_capped"": 0.3333333333333333, ""taxonomy_overlap"": 0}",0,14,"[""a_b1db229edcabe560"", ""a_8f52517ec4e2d592"", ""a_d527cd19ff1998a4"", ""a_64928692b8c506a2"", ""a_ff3f4e581cb1edd9"", ""a_e9e24ffdc44ba818"", ""a_3d78f4d56133951b"", ""a_9e39a34c129df6f2""]","[""total_participation_cost"", ""inventory_availability"", ""buyer_confirmation"", ""current_status_recheck""]",Ranking funcional de investigación. Sin coincidencia textual; no proponer como relevante.,,,"{""human_label"":""not_found_in_consulted_sources""}"
cand_cf03f1532972fc12,evalrun_70e78f41718fc488,evt_c86717853fbaa0bb,needs_cost_validation,"{""audience_record_exists"": 0, ""lexical_matches"": 0, ""prior_editions_capped"": 0.3333333333333333, ""taxonomy_overlap"": 0}",0,15,"[""a_0cd230b6ad3fb140"", ""a_49830338a2c4bcd2"", ""a_421b87567b5126d0"", ""a_b328529a5906dd29"", ""a_932ad947d4606a9e"", ""a_d23a5f122d1ac4dc"", ""a_c46432cafba73364"", ""a_103cbfb4b4cf18e4"", ""a_19f97ad395604aaa"", ""a_6fbc112f2ae72334""]","[""total_participation_cost"", ""inventory_availability"", ""buyer_confirmation"", ""current_status_recheck""]",Ranking funcional de investigación. Sin coincidencia textual; no proponer como relevante.,,,"{""human_label"":""not_found_in_consulted_sources""}"
cand_15357b456d03d1b0,evalrun_df2dd420cc6cbf55,evt_14059a01a933c5a3,needs_cost_validation,"{""audience_record_exists"": 1, ""lexical_matches"": 1, ""prior_editions_capped"": 0.0, ""taxonomy_overlap"": 1}",2.25,1,"[""a_18223b6bc1cbdb27"", ""a_15b8b7fccd9343e9"", ""a_e027eb76b56aeecf"", ""a_8acd3f839fad7fac"", ""a_99704054ef0173d4"", ""a_c40cfef93bc0763d"", ""a_e4c63a9387a26d95"", ""a_b1337ccf33b1a760""]","[""total_participation_cost"", ""inventory_availability"", ""buyer_confirmation"", ""current_status_recheck""]",Ranking funcional de investigación. Encaje requiere evaluación humana.,,,"{""human_label"":""not_found_in_consulted_sources""}"
cand_76c5a52ed3e857c3,evalrun_df2dd420cc6cbf55,evt_a335dad57b86fbf5,needs_cost_validation,"{""audience_record_exists"": 1, ""lexical_matches"": 0, ""prior_editions_capped"": 0.0, ""taxonomy_overlap"": 1}",2.0,2,"[""a_3842fc23d77cb624"", ""a_82b2b2733c3ffad6"", ""a_241d594fbab710e0"", ""a_3907a7e5529d73ea"", ""a_3ebd2d2d33c571a5"", ""a_0c9a48ce8223b09c"", ""a_b44b473e89274590"", ""a_1108db277761ccf5""]","[""total_participation_cost"", ""inventory_availability"", ""buyer_confirmation"", ""current_status_recheck""]",Ranking funcional de investigación. Encaje requiere evaluación humana.,,,"{""human_label"":""not_found_in_consulted_sources""}"
cand_1b29f477bfc767ac,evalrun_df2dd420cc6cbf55,evt_f5229c036ed7d706,needs_cost_validation,"{""audience_record_exists"": 1, ""lexical_matches"": 0, ""prior_editions_capped"": 0.0, ""taxonomy_overlap"": 1}",2.0,3,"[""a_05a52bff285bb94d"", ""a_d8525e32abfdea8a"", ""a_886b589893c2bfa0"", ""a_16695422afb9487d"", ""a_a8a79abf702b52f7"", ""a_0fb344a48cf269a2"", ""a_6c08b881a89e0dc0"", ""a_65c732040dc9305d""]","[""total_participation_cost"", ""inventory_availability"", ""buyer_confirmation"", ""current_status_recheck""]",Ranking funcional de investigación. Encaje requiere evaluación humana.,,,"{""human_label"":""not_found_in_consulted_sources""}"
cand_97c4d0bded7cf275,evalrun_df2dd420cc6cbf55,evt_658afaa5d4547d12,needs_cost_validation,"{""audience_record_exists"": 1, ""lexical_matches"": 0, ""prior_editions_capped"": 0.0, ""taxonomy_overlap"": 0}",0.0,4,"[""a_da6759baabda3d9f"", ""a_2a5b4e4eaa72378c"", ""a_c241454de7e2dec0"", ""a_561e6e7323c92b76"", ""a_e2f655b0d720d701"", ""a_f483ea1be63a6192"", ""a_1e3977b1dc6587b7"", ""a_fa7a971b531fc356""]","[""total_participation_cost"", ""inventory_availability"", ""buyer_confirmation"", ""current_status_recheck""]",Ranking funcional de investigación. Sin coincidencia textual; no proponer como relevante.,,,"{""human_label"":""not_found_in_consulted_sources""}"
cand_14f0788b204d00f3,evalrun_df2dd420cc6cbf55,evt_b22864bf40fe3288,needs_cost_validation,"{""audience_record_exists"": 0, ""lexical_matches"": 0, ""prior_editions_capped"": 0, ""taxonomy_overlap"": 0}",0.0,5,"[""a_52bd923975e3065b"", ""a_f7d44c2fe6207790"", ""a_44ba864e03bf90d7"", ""a_27c26b97aef37b23"", ""a_7354059313ffd28e"", ""a_cf6c92ed7af0277f"", ""a_a5663d9585e72152""]","[""total_participation_cost"", ""inventory_availability"", ""buyer_confirmation"", ""current_status_recheck""]",Ranking funcional de investigación. Sin coincidencia textual; no proponer como relevante.,,,"{""human_label"":""not_found_in_consulted_sources""}"
cand_3207a5bbb897c2dd,evalrun_df2dd420cc6cbf55,evt_d016107b86ad15fa,needs_cost_validation,"{""audience_record_exists"": 0, ""lexical_matches"": 0, ""prior_editions_capped"": 0.0, ""taxonomy_overlap"": 0}",0.0,6,"[""a_276f0a38a589a63f"", ""a_44aeff3c9097dad6"", ""a_0d12a69c59310dd2"", ""a_20afda5c8e0cabd1"", ""a_858da2b152bdea7b"", ""a_9c01d52eb5946b19"", ""a_90bce862252a9556""]","[""total_participation_cost"", ""inventory_availability"", ""buyer_confirmation"", ""current_status_recheck""]",Ranking funcional de investigación. Sin coincidencia textual; no proponer como relevante.,,,"{""human_label"":""not_found_in_consulted_sources""}"
cand_64bace744d247b9b,evalrun_df2dd420cc6cbf55,evt_ae94cffcb363bfbb,needs_cost_validation,"{""audience_record_exists"": 0, ""lexical_matches"": 0, ""prior_editions_capped"": 1.0, ""taxonomy_overlap"": 0}",0.0,7,"[""a_5f4d241b63704a30"", ""a_68473dbd7f9da052"", ""a_74e6f1c22b8fe2f9"", ""a_5208a12dc32cdb52"", ""a_d4b103547f931d8b"", ""a_e8b0cd6f50927ed0"", ""a_38dffd1918972c5d""]","[""total_participation_cost"", ""inventory_availability"", ""buyer_confirmation"", ""current_status_recheck""]",Ranking funcional de investigación. Sin coincidencia textual; no proponer como relevante.,,,"{""human_label"":""not_found_in_consulted_sources""}"
cand_098cd35429ee1ed2,evalrun_df2dd420cc6cbf55,evt_54632c21b0daa275,needs_cost_validation,"{""audience_record_exists"": 0, ""lexical_matches"": 0, ""prior_editions_capped"": 0.0, ""taxonomy_overlap"": 0}",0.0,8,"[""a_1eddc48031c38b04"", ""a_66ef5a4474690531"", ""a_f10dc8c26ba994da"", ""a_01a4cbaa5176e4c3"", ""a_02aa47ad080d4317"", ""a_66241e245ce7c4ed"", ""a_45bc253137bcfed6"", ""a_5fddd558bbd9324d""]","[""total_participation_cost"", ""inventory_availability"", ""buyer_confirmation"", ""current_status_recheck""]",Ranking funcional de investigación. Sin coincidencia textual; no proponer como relevante.,,,"{""human_label"":""not_found_in_consulted_sources""}"
cand_f1f843ee89f6015e,evalrun_df2dd420cc6cbf55,evt_077e47bbad9e3ed7,needs_cost_validation,"{""audience_record_exists"": 0, ""lexical_matches"": 0, ""prior_editions_capped"": 0.3333333333333333, ""taxonomy_overlap"": 0}",0.0,9,"[""a_0002a68811e5f9cb"", ""a_0721603c076635a0"", ""a_5903064d1a28def6"", ""a_aab69a924f770ac9"", ""a_86c7a8da0b11f664"", ""a_2015e9a09770dc48"", ""a_1c7797565f2ae77a"", ""a_6eaef4adc828af74""]","[""total_participation_cost"", ""inventory_availability"", ""buyer_confirmation"", ""current_status_recheck""]",Ranking funcional de investigación. Sin coincidencia textual; no proponer como relevante.,,,"{""human_label"":""not_found_in_consulted_sources""}"
cand_b1ed72abba5094c5,evalrun_df2dd420cc6cbf55,evt_84ae700b0a2e8277,needs_cost_validation,"{""audience_record_exists"": 0, ""lexical_matches"": 0, ""prior_editions_capped"": 0.3333333333333333, ""taxonomy_overlap"": 0}",0.0,10,"[""a_a6b5a1ad6bac9f95"", ""a_7d1556fded445eb9"", ""a_5bba11db0c48ccf8"", ""a_a8daef898f322b6b"", ""a_a53c1df27b2b04a3"", ""a_bf12d164f662de9b"", ""a_8910c7d9e13bac13"", ""a_a6653d5b986ec04e"", ""a_6495ff3fa8a8488c""]","[""total_participation_cost"", ""inventory_availability"", ""buyer_confirmation"", ""current_status_recheck""]",Ranking funcional de investigación. Sin coincidencia textual; no proponer como relevante.,,,"{""human_label"":""not_found_in_consulted_sources""}"
cand_65bba612c5ce2826,evalrun_df2dd420cc6cbf55,evt_13f43c19bf8fc644,needs_cost_validation,"{""audience_record_exists"": 1, ""lexical_matches"": 0, ""prior_editions_capped"": 0.0, ""taxonomy_overlap"": 0}",0.0,11,"[""a_6e08d12f3167eb1d"", ""a_601af8f2ded0aa21"", ""a_d2d1becc1564317c"", ""a_1fe502eb409dcaf4"", ""a_cb54476e997808b0"", ""a_2b99dc52152d6511"", ""a_dd3414e0c6933c8d"", ""a_926f5a6d33c40839""]","[""total_participation_cost"", ""inventory_availability"", ""buyer_confirmation"", ""current_status_recheck""]",Ranking funcional de investigación. Sin coincidencia textual; no proponer como relevante.,,,"{""human_label"":""not_found_in_consulted_sources""}"
cand_ab9759efb9f4eaed,evalrun_df2dd420cc6cbf55,evt_369b38c5bd632088,needs_cost_validation,"{""audience_record_exists"": 1, ""lexical_matches"": 0, ""prior_editions_capped"": 0.0, ""taxonomy_overlap"": 0}",0.0,12,"[""a_d9ecb02ff65c57e2"", ""a_32ec16c75b667946"", ""a_7bf87567c52fc70c"", ""a_801736fe504f1030"", ""a_a199ac5758e77a5a"", ""a_dad21665690468e3"", ""a_b87c05503af5fc60"", ""a_75b6ac482027dcfe""]","[""total_participation_cost"", ""inventory_availability"", ""buyer_confirmation"", ""current_status_recheck""]",Ranking funcional de investigación. Sin coincidencia textual; no proponer como relevante.,,,"{""human_label"":""not_found_in_consulted_sources""}"
cand_e42d43b2fa84b531,evalrun_df2dd420cc6cbf55,evt_1156bbc52167727b,needs_cost_validation,"{""audience_record_exists"": 0, ""lexical_matches"": 0, ""prior_editions_capped"": 0.3333333333333333, ""taxonomy_overlap"": 0}",0.0,13,"[""a_a8c8dac6f109da01"", ""a_b8cf9dd8efff9cb7"", ""a_43437a037204e257"", ""a_54a3ad2f536bae37"", ""a_3063350c3aa7d2b7"", ""a_cfcf76e8e6f4c163"", ""a_3331d7eb511bb924"", ""a_7cbf49714c639554""]","[""total_participation_cost"", ""inventory_availability"", ""buyer_confirmation"", ""current_status_recheck""]",Ranking funcional de investigación. Sin coincidencia textual; no proponer como relevante.,,,"{""human_label"":""not_found_in_consulted_sources""}"
cand_0741816f15a95c62,evalrun_df2dd420cc6cbf55,evt_752246cf439bf417,needs_cost_validation,"{""audience_record_exists"": 0, ""lexical_matches"": 0, ""prior_editions_capped"": 0.3333333333333333, ""taxonomy_overlap"": 0}",0.0,14,"[""a_b1db229edcabe560"", ""a_8f52517ec4e2d592"", ""a_d527cd19ff1998a4"", ""a_64928692b8c506a2"", ""a_ff3f4e581cb1edd9"", ""a_e9e24ffdc44ba818"", ""a_3d78f4d56133951b"", ""a_9e39a34c129df6f2""]","[""total_participation_cost"", ""inventory_availability"", ""buyer_confirmation"", ""current_status_recheck""]",Ranking funcional de investigación. Sin coincidencia textual; no proponer como relevante.,,,"{""human_label"":""not_found_in_consulted_sources""}"
cand_1848f1ca5ba0ad60,evalrun_df2dd420cc6cbf55,evt_c86717853fbaa0bb,needs_cost_validation,"{""audience_record_exists"": 0, ""lexical_matches"": 0, ""prior_editions_capped"": 0.3333333333333333, ""taxonomy_overlap"": 0}",0.0,15,"[""a_0cd230b6ad3fb140"", ""a_49830338a2c4bcd2"", ""a_421b87567b5126d0"", ""a_b328529a5906dd29"", ""a_932ad947d4606a9e"", ""a_d23a5f122d1ac4dc"", ""a_c46432cafba73364"", ""a_103cbfb4b4cf18e4"", ""a_19f97ad395604aaa"", ""a_6fbc112f2ae72334""]","[""total_participation_cost"", ""inventory_availability"", ""buyer_confirmation"", ""current_status_recheck""]",Ranking funcional de investigación. Sin coincidencia textual; no proponer como relevante.,,,"{""human_label"":""not_found_in_consulted_sources""}"
cand_ce3804a368a121b4,evalrun_79a98625d4560204,evt_14059a01a933c5a3,needs_cost_validation,"{""audience_record_exists"": 1, ""lexical_matches"": 1, ""prior_editions_capped"": 0.0, ""taxonomy_overlap"": 1}",2.3,1,"[""a_18223b6bc1cbdb27"", ""a_15b8b7fccd9343e9"", ""a_e027eb76b56aeecf"", ""a_8acd3f839fad7fac"", ""a_99704054ef0173d4"", ""a_c40cfef93bc0763d"", ""a_e4c63a9387a26d95"", ""a_b1337ccf33b1a760""]","[""total_participation_cost"", ""inventory_availability"", ""buyer_confirmation"", ""current_status_recheck""]",Ranking funcional de investigación. Encaje requiere evaluación humana.,,,"{""human_label"":""not_found_in_consulted_sources""}"
cand_7c5aff897b2a4402,evalrun_79a98625d4560204,evt_a335dad57b86fbf5,needs_cost_validation,"{""audience_record_exists"": 1, ""lexical_matches"": 0, ""prior_editions_capped"": 0.0, ""taxonomy_overlap"": 1}",2.05,2,"[""a_3842fc23d77cb624"", ""a_82b2b2733c3ffad6"", ""a_241d594fbab710e0"", ""a_3907a7e5529d73ea"", ""a_3ebd2d2d33c571a5"", ""a_0c9a48ce8223b09c"", ""a_b44b473e89274590"", ""a_1108db277761ccf5""]","[""total_participation_cost"", ""inventory_availability"", ""buyer_confirmation"", ""current_status_recheck""]",Ranking funcional de investigación. Encaje requiere evaluación humana.,,,"{""human_label"":""not_found_in_consulted_sources""}"
cand_75aaf825b80b7e05,evalrun_79a98625d4560204,evt_f5229c036ed7d706,needs_cost_validation,"{""audience_record_exists"": 1, ""lexical_matches"": 0, ""prior_editions_capped"": 0.0, ""taxonomy_overlap"": 1}",2.05,3,"[""a_05a52bff285bb94d"", ""a_d8525e32abfdea8a"", ""a_886b589893c2bfa0"", ""a_16695422afb9487d"", ""a_a8a79abf702b52f7"", ""a_0fb344a48cf269a2"", ""a_6c08b881a89e0dc0"", ""a_65c732040dc9305d""]","[""total_participation_cost"", ""inventory_availability"", ""buyer_confirmation"", ""current_status_recheck""]",Ranking funcional de investigación. Encaje requiere evaluación humana.,,,"{""human_label"":""not_found_in_consulted_sources""}"
cand_8db8b56d02ba9482,evalrun_79a98625d4560204,evt_ae94cffcb363bfbb,needs_cost_validation,"{""audience_record_exists"": 0, ""lexical_matches"": 0, ""prior_editions_capped"": 1.0, ""taxonomy_overlap"": 0}",0.15,4,"[""a_5f4d241b63704a30"", ""a_68473dbd7f9da052"", ""a_74e6f1c22b8fe2f9"", ""a_5208a12dc32cdb52"", ""a_d4b103547f931d8b"", ""a_e8b0cd6f50927ed0"", ""a_38dffd1918972c5d""]","[""total_participation_cost"", ""inventory_availability"", ""buyer_confirmation"", ""current_status_recheck""]",Ranking funcional de investigación. Encaje requiere evaluación humana.,,,"{""human_label"":""not_found_in_consulted_sources""}"
cand_7f14d3b8292425f5,evalrun_79a98625d4560204,evt_658afaa5d4547d12,needs_cost_validation,"{""audience_record_exists"": 1, ""lexical_matches"": 0, ""prior_editions_capped"": 0.0, ""taxonomy_overlap"": 0}",0.05,5,"[""a_da6759baabda3d9f"", ""a_2a5b4e4eaa72378c"", ""a_c241454de7e2dec0"", ""a_561e6e7323c92b76"", ""a_e2f655b0d720d701"", ""a_f483ea1be63a6192"", ""a_1e3977b1dc6587b7"", ""a_fa7a971b531fc356""]","[""total_participation_cost"", ""inventory_availability"", ""buyer_confirmation"", ""current_status_recheck""]",Ranking funcional de investigación. Encaje requiere evaluación humana.,,,"{""human_label"":""not_found_in_consulted_sources""}"
cand_f560a87f6783c724,evalrun_79a98625d4560204,evt_13f43c19bf8fc644,needs_cost_validation,"{""audience_record_exists"": 1, ""lexical_matches"": 0, ""prior_editions_capped"": 0.0, ""taxonomy_overlap"": 0}",0.05,6,"[""a_6e08d12f3167eb1d"", ""a_601af8f2ded0aa21"", ""a_d2d1becc1564317c"", ""a_1fe502eb409dcaf4"", ""a_cb54476e997808b0"", ""a_2b99dc52152d6511"", ""a_dd3414e0c6933c8d"", ""a_926f5a6d33c40839""]","[""total_participation_cost"", ""inventory_availability"", ""buyer_confirmation"", ""current_status_recheck""]",Ranking funcional de investigación. Encaje requiere evaluación humana.,,,"{""human_label"":""not_found_in_consulted_sources""}"
cand_c68b2976a6389a57,evalrun_79a98625d4560204,evt_369b38c5bd632088,needs_cost_validation,"{""audience_record_exists"": 1, ""lexical_matches"": 0, ""prior_editions_capped"": 0.0, ""taxonomy_overlap"": 0}",0.05,7,"[""a_d9ecb02ff65c57e2"", ""a_32ec16c75b667946"", ""a_7bf87567c52fc70c"", ""a_801736fe504f1030"", ""a_a199ac5758e77a5a"", ""a_dad21665690468e3"", ""a_b87c05503af5fc60"", ""a_75b6ac482027dcfe""]","[""total_participation_cost"", ""inventory_availability"", ""buyer_confirmation"", ""current_status_recheck""]",Ranking funcional de investigación. Encaje requiere evaluación humana.,,,"{""human_label"":""not_found_in_consulted_sources""}"
cand_062b28a3451ba20e,evalrun_79a98625d4560204,evt_077e47bbad9e3ed7,needs_cost_validation,"{""audience_record_exists"": 0, ""lexical_matches"": 0, ""prior_editions_capped"": 0.3333333333333333, ""taxonomy_overlap"": 0}",0.049999999999999996,8,"[""a_0002a68811e5f9cb"", ""a_0721603c076635a0"", ""a_5903064d1a28def6"", ""a_aab69a924f770ac9"", ""a_86c7a8da0b11f664"", ""a_2015e9a09770dc48"", ""a_1c7797565f2ae77a"", ""a_6eaef4adc828af74""]","[""total_participation_cost"", ""inventory_availability"", ""buyer_confirmation"", ""current_status_recheck""]",Ranking funcional de investigación. Encaje requiere evaluación humana.,,,"{""human_label"":""not_found_in_consulted_sources""}"
cand_25b444c0a28d97d4,evalrun_79a98625d4560204,evt_84ae700b0a2e8277,needs_cost_validation,"{""audience_record_exists"": 0, ""lexical_matches"": 0, ""prior_editions_capped"": 0.3333333333333333, ""taxonomy_overlap"": 0}",0.049999999999999996,9,"[""a_a6b5a1ad6bac9f95"", ""a_7d1556fded445eb9"", ""a_5bba11db0c48ccf8"", ""a_a8daef898f322b6b"", ""a_a53c1df27b2b04a3"", ""a_bf12d164f662de9b"", ""a_8910c7d9e13bac13"", ""a_a6653d5b986ec04e"", ""a_6495ff3fa8a8488c""]","[""total_participation_cost"", ""inventory_availability"", ""buyer_confirmation"", ""current_status_recheck""]",Ranking funcional de investigación. Encaje requiere evaluación humana.,,,"{""human_label"":""not_found_in_consulted_sources""}"
cand_4d1d63c6309d82fc,evalrun_79a98625d4560204,evt_1156bbc52167727b,needs_cost_validation,"{""audience_record_exists"": 0, ""lexical_matches"": 0, ""prior_editions_capped"": 0.3333333333333333, ""taxonomy_overlap"": 0}",0.049999999999999996,10,"[""a_a8c8dac6f109da01"", ""a_b8cf9dd8efff9cb7"", ""a_43437a037204e257"", ""a_54a3ad2f536bae37"", ""a_3063350c3aa7d2b7"", ""a_cfcf76e8e6f4c163"", ""a_3331d7eb511bb924"", ""a_7cbf49714c639554""]","[""total_participation_cost"", ""inventory_availability"", ""buyer_confirmation"", ""current_status_recheck""]",Ranking funcional de investigación. Encaje requiere evaluación humana.,,,"{""human_label"":""not_found_in_consulted_sources""}"
cand_50d34d2362413335,evalrun_79a98625d4560204,evt_752246cf439bf417,needs_cost_validation,"{""audience_record_exists"": 0, ""lexical_matches"": 0, ""prior_editions_capped"": 0.3333333333333333, ""taxonomy_overlap"": 0}",0.049999999999999996,11,"[""a_b1db229edcabe560"", ""a_8f52517ec4e2d592"", ""a_d527cd19ff1998a4"", ""a_64928692b8c506a2"", ""a_ff3f4e581cb1edd9"", ""a_e9e24ffdc44ba818"", ""a_3d78f4d56133951b"", ""a_9e39a34c129df6f2""]","[""total_participation_cost"", ""inventory_availability"", ""buyer_confirmation"", ""current_status_recheck""]",Ranking funcional de investigación. Encaje requiere evaluación humana.,,,"{""human_label"":""not_found_in_consulted_sources""}"
cand_649b3984edfeb4f2,evalrun_79a98625d4560204,evt_c86717853fbaa0bb,needs_cost_validation,"{""audience_record_exists"": 0, ""lexical_matches"": 0, ""prior_editions_capped"": 0.3333333333333333, ""taxonomy_overlap"": 0}",0.049999999999999996,12,"[""a_0cd230b6ad3fb140"", ""a_49830338a2c4bcd2"", ""a_421b87567b5126d0"", ""a_b328529a5906dd29"", ""a_932ad947d4606a9e"", ""a_d23a5f122d1ac4dc"", ""a_c46432cafba73364"", ""a_103cbfb4b4cf18e4"", ""a_19f97ad395604aaa"", ""a_6fbc112f2ae72334""]","[""total_participation_cost"", ""inventory_availability"", ""buyer_confirmation"", ""current_status_recheck""]",Ranking funcional de investigación. Encaje requiere evaluación humana.,,,"{""human_label"":""not_found_in_consulted_sources""}"
cand_4008974b29047266,evalrun_79a98625d4560204,evt_b22864bf40fe3288,needs_cost_validation,"{""audience_record_exists"": 0, ""lexical_matches"": 0, ""prior_editions_capped"": 0, ""taxonomy_overlap"": 0}",0.0,13,"[""a_52bd923975e3065b"", ""a_f7d44c2fe6207790"", ""a_44ba864e03bf90d7"", ""a_27c26b97aef37b23"", ""a_7354059313ffd28e"", ""a_cf6c92ed7af0277f"", ""a_a5663d9585e72152""]","[""total_participation_cost"", ""inventory_availability"", ""buyer_confirmation"", ""current_status_recheck""]",Ranking funcional de investigación. Sin coincidencia textual; no proponer como relevante.,,,"{""human_label"":""not_found_in_consulted_sources""}"
cand_02421b5f91044fd7,evalrun_79a98625d4560204,evt_d016107b86ad15fa,needs_cost_validation,"{""audience_record_exists"": 0, ""lexical_matches"": 0, ""prior_editions_capped"": 0.0, ""taxonomy_overlap"": 0}",0.0,14,"[""a_276f0a38a589a63f"", ""a_44aeff3c9097dad6"", ""a_0d12a69c59310dd2"", ""a_20afda5c8e0cabd1"", ""a_858da2b152bdea7b"", ""a_9c01d52eb5946b19"", ""a_90bce862252a9556""]","[""total_participation_cost"", ""inventory_availability"", ""buyer_confirmation"", ""current_status_recheck""]",Ranking funcional de investigación. Sin coincidencia textual; no proponer como relevante.,,,"{""human_label"":""not_found_in_consulted_sources""}"
cand_fc7e41b014360b6b,evalrun_79a98625d4560204,evt_54632c21b0daa275,needs_cost_validation,"{""audience_record_exists"": 0, ""lexical_matches"": 0, ""prior_editions_capped"": 0.0, ""taxonomy_overlap"": 0}",0.0,15,"[""a_1eddc48031c38b04"", ""a_66ef5a4474690531"", ""a_f10dc8c26ba994da"", ""a_01a4cbaa5176e4c3"", ""a_02aa47ad080d4317"", ""a_66241e245ce7c4ed"", ""a_45bc253137bcfed6"", ""a_5fddd558bbd9324d""]","[""total_participation_cost"", ""inventory_availability"", ""buyer_confirmation"", ""current_status_recheck""]",Ranking funcional de investigación. Sin coincidencia textual; no proponer como relevante.,,,"{""human_label"":""not_found_in_consulted_sources""}"
cand_e978e6f6594a9fa4,evalrun_7c2d41cc2a22b3af,evt_9e6150dee728fe68,conditional,"{""audience_record_exists"": 0, ""lexical_matches"": 1, ""prior_editions_capped"": 1.0, ""taxonomy_overlap"": 1}",1,1,"[""a_324fc15beb0834b2"", ""a_9b209f76f5bf6156"", ""a_cfb52bec51b8f6c4"", ""a_f8ece4f37004d9d8"", ""a_f365d848b80e00d1"", ""a_ebb000510bfdf038""]","[""total_participation_cost"", ""inventory_availability"", ""buyer_confirmation"", ""current_status_recheck""]",Ranking funcional de investigación. Encaje requiere evaluación humana.,,,"{""human_label"":""not_found_in_consulted_sources""}"
cand_00575fdc4936f387,evalrun_7c2d41cc2a22b3af,evt_658afaa5d4547d12,conditional,"{""audience_record_exists"": 1, ""lexical_matches"": 0, ""prior_editions_capped"": 0.0, ""taxonomy_overlap"": 0}",0,2,"[""a_da6759baabda3d9f"", ""a_2a5b4e4eaa72378c"", ""a_c241454de7e2dec0"", ""a_561e6e7323c92b76"", ""a_e2f655b0d720d701"", ""a_f483ea1be63a6192"", ""a_1e3977b1dc6587b7"", ""a_fa7a971b531fc356""]","[""total_participation_cost"", ""inventory_availability"", ""buyer_confirmation"", ""current_status_recheck""]",Ranking funcional de investigación. Sin coincidencia textual; no proponer como relevante.,,,"{""human_label"":""not_found_in_consulted_sources""}"
cand_590ea73b4ec7af79,evalrun_7c2d41cc2a22b3af,evt_b22864bf40fe3288,conditional,"{""audience_record_exists"": 0, ""lexical_matches"": 0, ""prior_editions_capped"": 0, ""taxonomy_overlap"": 0}",0,3,"[""a_52bd923975e3065b"", ""a_f7d44c2fe6207790"", ""a_44ba864e03bf90d7"", ""a_27c26b97aef37b23"", ""a_7354059313ffd28e"", ""a_cf6c92ed7af0277f"", ""a_a5663d9585e72152""]","[""total_participation_cost"", ""inventory_availability"", ""buyer_confirmation"", ""current_status_recheck""]",Ranking funcional de investigación. Sin coincidencia textual; no proponer como relevante.,,,"{""human_label"":""not_found_in_consulted_sources""}"
cand_d98f1f032b06dca4,evalrun_7c2d41cc2a22b3af,evt_d016107b86ad15fa,conditional,"{""audience_record_exists"": 0, ""lexical_matches"": 0, ""prior_editions_capped"": 0.0, ""taxonomy_overlap"": 0}",0,4,"[""a_276f0a38a589a63f"", ""a_44aeff3c9097dad6"", ""a_0d12a69c59310dd2"", ""a_20afda5c8e0cabd1"", ""a_858da2b152bdea7b"", ""a_9c01d52eb5946b19"", ""a_90bce862252a9556""]","[""total_participation_cost"", ""inventory_availability"", ""buyer_confirmation"", ""current_status_recheck""]",Ranking funcional de investigación. Sin coincidencia textual; no proponer como relevante.,,,"{""human_label"":""not_found_in_consulted_sources""}"
cand_2beb19d0832eef45,evalrun_7c2d41cc2a22b3af,evt_ae94cffcb363bfbb,conditional,"{""audience_record_exists"": 0, ""lexical_matches"": 0, ""prior_editions_capped"": 1.0, ""taxonomy_overlap"": 0}",0,5,"[""a_5f4d241b63704a30"", ""a_68473dbd7f9da052"", ""a_74e6f1c22b8fe2f9"", ""a_5208a12dc32cdb52"", ""a_d4b103547f931d8b"", ""a_e8b0cd6f50927ed0"", ""a_38dffd1918972c5d""]","[""total_participation_cost"", ""inventory_availability"", ""buyer_confirmation"", ""current_status_recheck""]",Ranking funcional de investigación. Sin coincidencia textual; no proponer como relevante.,,,"{""human_label"":""not_found_in_consulted_sources""}"
cand_8ce41f6f063263da,evalrun_7c2d41cc2a22b3af,evt_54632c21b0daa275,conditional,"{""audience_record_exists"": 0, ""lexical_matches"": 0, ""prior_editions_capped"": 0.0, ""taxonomy_overlap"": 0}",0,6,"[""a_1eddc48031c38b04"", ""a_66ef5a4474690531"", ""a_f10dc8c26ba994da"", ""a_01a4cbaa5176e4c3"", ""a_02aa47ad080d4317"", ""a_66241e245ce7c4ed"", ""a_45bc253137bcfed6"", ""a_5fddd558bbd9324d""]","[""total_participation_cost"", ""inventory_availability"", ""buyer_confirmation"", ""current_status_recheck""]",Ranking funcional de investigación. Sin coincidencia textual; no proponer como relevante.,,,"{""human_label"":""not_found_in_consulted_sources""}"
cand_dcd27ec417bb5a5c,evalrun_7c2d41cc2a22b3af,evt_077e47bbad9e3ed7,conditional,"{""audience_record_exists"": 0, ""lexical_matches"": 0, ""prior_editions_capped"": 0.3333333333333333, ""taxonomy_overlap"": 0}",0,7,"[""a_0002a68811e5f9cb"", ""a_0721603c076635a0"", ""a_5903064d1a28def6"", ""a_aab69a924f770ac9"", ""a_86c7a8da0b11f664"", ""a_2015e9a09770dc48"", ""a_1c7797565f2ae77a"", ""a_6eaef4adc828af74""]","[""total_participation_cost"", ""inventory_availability"", ""buyer_confirmation"", ""current_status_recheck""]",Ranking funcional de investigación. Sin coincidencia textual; no proponer como relevante.,,,"{""human_label"":""not_found_in_consulted_sources""}"
cand_52358ff80d121893,evalrun_7c2d41cc2a22b3af,evt_84ae700b0a2e8277,conditional,"{""audience_record_exists"": 0, ""lexical_matches"": 0, ""prior_editions_capped"": 0.3333333333333333, ""taxonomy_overlap"": 0}",0,8,"[""a_a6b5a1ad6bac9f95"", ""a_7d1556fded445eb9"", ""a_5bba11db0c48ccf8"", ""a_a8daef898f322b6b"", ""a_a53c1df27b2b04a3"", ""a_bf12d164f662de9b"", ""a_8910c7d9e13bac13"", ""a_a6653d5b986ec04e"", ""a_6495ff3fa8a8488c""]","[""total_participation_cost"", ""inventory_availability"", ""buyer_confirmation"", ""current_status_recheck""]",Ranking funcional de investigación. Sin coincidencia textual; no proponer como relevante.,,,"{""human_label"":""not_found_in_consulted_sources""}"
cand_6e9ac3bd3134133d,evalrun_7c2d41cc2a22b3af,evt_13f43c19bf8fc644,conditional,"{""audience_record_exists"": 1, ""lexical_matches"": 0, ""prior_editions_capped"": 0.0, ""taxonomy_overlap"": 0}",0,9,"[""a_6e08d12f3167eb1d"", ""a_601af8f2ded0aa21"", ""a_d2d1becc1564317c"", ""a_1fe502eb409dcaf4"", ""a_cb54476e997808b0"", ""a_2b99dc52152d6511"", ""a_dd3414e0c6933c8d"", ""a_926f5a6d33c40839""]","[""total_participation_cost"", ""inventory_availability"", ""buyer_confirmation"", ""current_status_recheck""]",Ranking funcional de investigación. Sin coincidencia textual; no proponer como relevante.,,,"{""human_label"":""not_found_in_consulted_sources""}"
cand_9474cc6c83b40740,evalrun_7c2d41cc2a22b3af,evt_369b38c5bd632088,conditional,"{""audience_record_exists"": 1, ""lexical_matches"": 0, ""prior_editions_capped"": 0.0, ""taxonomy_overlap"": 0}",0,10,"[""a_d9ecb02ff65c57e2"", ""a_32ec16c75b667946"", ""a_7bf87567c52fc70c"", ""a_801736fe504f1030"", ""a_a199ac5758e77a5a"", ""a_dad21665690468e3"", ""a_b87c05503af5fc60"", ""a_75b6ac482027dcfe""]","[""total_participation_cost"", ""inventory_availability"", ""buyer_confirmation"", ""current_status_recheck""]",Ranking funcional de investigación. Sin coincidencia textual; no proponer como relevante.,,,"{""human_label"":""not_found_in_consulted_sources""}"
cand_c2e59790b5ebda1c,evalrun_7c2d41cc2a22b3af,evt_a335dad57b86fbf5,conditional,"{""audience_record_exists"": 1, ""lexical_matches"": 0, ""prior_editions_capped"": 0.0, ""taxonomy_overlap"": 0}",0,11,"[""a_3842fc23d77cb624"", ""a_82b2b2733c3ffad6"", ""a_241d594fbab710e0"", ""a_3907a7e5529d73ea"", ""a_3ebd2d2d33c571a5"", ""a_0c9a48ce8223b09c"", ""a_b44b473e89274590"", ""a_1108db277761ccf5""]","[""total_participation_cost"", ""inventory_availability"", ""buyer_confirmation"", ""current_status_recheck""]",Ranking funcional de investigación. Sin coincidencia textual; no proponer como relevante.,,,"{""human_label"":""not_found_in_consulted_sources""}"
cand_0211f315c22ce2a5,evalrun_7c2d41cc2a22b3af,evt_f5229c036ed7d706,conditional,"{""audience_record_exists"": 1, ""lexical_matches"": 0, ""prior_editions_capped"": 0.0, ""taxonomy_overlap"": 0}",0,12,"[""a_05a52bff285bb94d"", ""a_d8525e32abfdea8a"", ""a_886b589893c2bfa0"", ""a_16695422afb9487d"", ""a_a8a79abf702b52f7"", ""a_0fb344a48cf269a2"", ""a_6c08b881a89e0dc0"", ""a_65c732040dc9305d""]","[""total_participation_cost"", ""inventory_availability"", ""buyer_confirmation"", ""current_status_recheck""]",Ranking funcional de investigación. Sin coincidencia textual; no proponer como relevante.,,,"{""human_label"":""not_found_in_consulted_sources""}"
cand_1d5189d2ea450d15,evalrun_7c2d41cc2a22b3af,evt_1156bbc52167727b,conditional,"{""audience_record_exists"": 0, ""lexical_matches"": 0, ""prior_editions_capped"": 0.3333333333333333, ""taxonomy_overlap"": 0}",0,13,"[""a_a8c8dac6f109da01"", ""a_b8cf9dd8efff9cb7"", ""a_43437a037204e257"", ""a_54a3ad2f536bae37"", ""a_3063350c3aa7d2b7"", ""a_cfcf76e8e6f4c163"", ""a_3331d7eb511bb924"", ""a_7cbf49714c639554""]","[""total_participation_cost"", ""inventory_availability"", ""buyer_confirmation"", ""current_status_recheck""]",Ranking funcional de investigación. Sin coincidencia textual; no proponer como relevante.,,,"{""human_label"":""not_found_in_consulted_sources""}"
cand_f18f7d71486ed7ae,evalrun_7c2d41cc2a22b3af,evt_14059a01a933c5a3,conditional,"{""audience_record_exists"": 1, ""lexical_matches"": 0, ""prior_editions_capped"": 0.0, ""taxonomy_overlap"": 0}",0,14,"[""a_18223b6bc1cbdb27"", ""a_15b8b7fccd9343e9"", ""a_e027eb76b56aeecf"", ""a_8acd3f839fad7fac"", ""a_99704054ef0173d4"", ""a_c40cfef93bc0763d"", ""a_e4c63a9387a26d95"", ""a_b1337ccf33b1a760""]","[""total_participation_cost"", ""inventory_availability"", ""buyer_confirmation"", ""current_status_recheck""]",Ranking funcional de investigación. Sin coincidencia textual; no proponer como relevante.,,,"{""human_label"":""not_found_in_consulted_sources""}"
cand_5afd2806b80a96a1,evalrun_7c2d41cc2a22b3af,evt_752246cf439bf417,conditional,"{""audience_record_exists"": 0, ""lexical_matches"": 0, ""prior_editions_capped"": 0.3333333333333333, ""taxonomy_overlap"": 0}",0,15,"[""a_b1db229edcabe560"", ""a_8f52517ec4e2d592"", ""a_d527cd19ff1998a4"", ""a_64928692b8c506a2"", ""a_ff3f4e581cb1edd9"", ""a_e9e24ffdc44ba818"", ""a_3d78f4d56133951b"", ""a_9e39a34c129df6f2""]","[""total_participation_cost"", ""inventory_availability"", ""buyer_confirmation"", ""current_status_recheck""]",Ranking funcional de investigación. Sin coincidencia textual; no proponer como relevante.,,,"{""human_label"":""not_found_in_consulted_sources""}"
cand_8b5e04091a72891b,evalrun_7c2d41cc2a22b3af,evt_c86717853fbaa0bb,conditional,"{""audience_record_exists"": 0, ""lexical_matches"": 0, ""prior_editions_capped"": 0.3333333333333333, ""taxonomy_overlap"": 0}",0,16,"[""a_0cd230b6ad3fb140"", ""a_49830338a2c4bcd2"", ""a_421b87567b5126d0"", ""a_b328529a5906dd29"", ""a_932ad947d4606a9e"", ""a_d23a5f122d1ac4dc"", ""a_c46432cafba73364"", ""a_103cbfb4b4cf18e4"", ""a_19f97ad395604aaa"", ""a_6fbc112f2ae72334""]","[""total_participation_cost"", ""inventory_availability"", ""buyer_confirmation"", ""current_status_recheck""]",Ranking funcional de investigación. Sin coincidencia textual; no proponer como relevante.,,,"{""human_label"":""not_found_in_consulted_sources""}"
cand_f0230ddb92cb9e51,evalrun_7c2d41cc2a22b3af,evt_17d65786c7a61ea0,conditional,"{""audience_record_exists"": 0, ""lexical_matches"": 0, ""prior_editions_capped"": 0.3333333333333333, ""taxonomy_overlap"": 0}",0,17,"[""a_41c43a6746463748"", ""a_406f02195bfe954c"", ""a_8b1920ec008b7997"", ""a_1f9a0d7e5eb14235"", ""a_628dffcf04ca29b3"", ""a_6192fc8886f709eb"", ""a_50c3ab9fb45b19c4"", ""a_d76f1811ce1b4605""]","[""total_participation_cost"", ""inventory_availability"", ""buyer_confirmation"", ""current_status_recheck""]",Ranking funcional de investigación. Sin coincidencia textual; no proponer como relevante.,,,"{""human_label"":""not_found_in_consulted_sources""}"
cand_846df3e9176c935e,evalrun_7c2d41cc2a22b3af,evt_928d9b26ad74b89d,conditional,"{""audience_record_exists"": 0, ""lexical_matches"": 0, ""prior_editions_capped"": 1.0, ""taxonomy_overlap"": 0}",0,18,"[""a_e3aac72439a95449"", ""a_decaf2a55db3bd6a"", ""a_c9fddfd9f2928580"", ""a_fba663ed7044f755"", ""a_dd5b2cf57dbf0dc1"", ""a_5b7d24f073827ed4""]","[""total_participation_cost"", ""inventory_availability"", ""buyer_confirmation"", ""current_status_recheck""]",Ranking funcional de investigación. Sin coincidencia textual; no proponer como relevante.,,,"{""human_label"":""not_found_in_consulted_sources""}"
cand_c6f791e9dbc2cbd3,evalrun_7c2d41cc2a22b3af,evt_bf31a6d2618ec973,conditional,"{""audience_record_exists"": 1, ""lexical_matches"": 0, ""prior_editions_capped"": 0.0, ""taxonomy_overlap"": 0}",0,19,"[""a_da5ed28f268ddbf8"", ""a_c26b05006ef8650d"", ""a_afb6ad724c97bdcd"", ""a_55ffba73638165a2"", ""a_bb6289aa0ca96616"", ""a_c68bc0c0c4d4e71e"", ""a_d9529e6d52561366"", ""a_0ade028a7d6df379""]","[""total_participation_cost"", ""inventory_availability"", ""buyer_confirmation"", ""current_status_recheck""]",Ranking funcional de investigación. Sin coincidencia textual; no proponer como relevante.,,,"{""human_label"":""not_found_in_consulted_sources""}"
cand_57bb9a0f670eda11,evalrun_f1d8e0e6d2897d04,evt_9e6150dee728fe68,conditional,"{""audience_record_exists"": 0, ""lexical_matches"": 1, ""prior_editions_capped"": 1.0, ""taxonomy_overlap"": 1}",2.25,1,"[""a_324fc15beb0834b2"", ""a_9b209f76f5bf6156"", ""a_cfb52bec51b8f6c4"", ""a_f8ece4f37004d9d8"", ""a_f365d848b80e00d1"", ""a_ebb000510bfdf038""]","[""total_participation_cost"", ""inventory_availability"", ""buyer_confirmation"", ""current_status_recheck""]",Ranking funcional de investigación. Encaje requiere evaluación humana.,,,"{""human_label"":""not_found_in_consulted_sources""}"
cand_17fe38061c187266,evalrun_f1d8e0e6d2897d04,evt_658afaa5d4547d12,conditional,"{""audience_record_exists"": 1, ""lexical_matches"": 0, ""prior_editions_capped"": 0.0, ""taxonomy_overlap"": 0}",0.0,2,"[""a_da6759baabda3d9f"", ""a_2a5b4e4eaa72378c"", ""a_c241454de7e2dec0"", ""a_561e6e7323c92b76"", ""a_e2f655b0d720d701"", ""a_f483ea1be63a6192"", ""a_1e3977b1dc6587b7"", ""a_fa7a971b531fc356""]","[""total_participation_cost"", ""inventory_availability"", ""buyer_confirmation"", ""current_status_recheck""]",Ranking funcional de investigación. Sin coincidencia textual; no proponer como relevante.,,,"{""human_label"":""not_found_in_consulted_sources""}"
cand_05d4a3895e7ce5ac,evalrun_f1d8e0e6d2897d04,evt_b22864bf40fe3288,conditional,"{""audience_record_exists"": 0, ""lexical_matches"": 0, ""prior_editions_capped"": 0, ""taxonomy_overlap"": 0}",0.0,3,"[""a_52bd923975e3065b"", ""a_f7d44c2fe6207790"", ""a_44ba864e03bf90d7"", ""a_27c26b97aef37b23"", ""a_7354059313ffd28e"", ""a_cf6c92ed7af0277f"", ""a_a5663d9585e72152""]","[""total_participation_cost"", ""inventory_availability"", ""buyer_confirmation"", ""current_status_recheck""]",Ranking funcional de investigación. Sin coincidencia textual; no proponer como relevante.,,,"{""human_label"":""not_found_in_consulted_sources""}"
cand_37bebcdd195bf14e,evalrun_f1d8e0e6d2897d04,evt_d016107b86ad15fa,conditional,"{""audience_record_exists"": 0, ""lexical_matches"": 0, ""prior_editions_capped"": 0.0, ""taxonomy_overlap"": 0}",0.0,4,"[""a_276f0a38a589a63f"", ""a_44aeff3c9097dad6"", ""a_0d12a69c59310dd2"", ""a_20afda5c8e0cabd1"", ""a_858da2b152bdea7b"", ""a_9c01d52eb5946b19"", ""a_90bce862252a9556""]","[""total_participation_cost"", ""inventory_availability"", ""buyer_confirmation"", ""current_status_recheck""]",Ranking funcional de investigación. Sin coincidencia textual; no proponer como relevante.,,,"{""human_label"":""not_found_in_consulted_sources""}"
cand_1eaaa431fe17f2dd,evalrun_f1d8e0e6d2897d04,evt_ae94cffcb363bfbb,conditional,"{""audience_record_exists"": 0, ""lexical_matches"": 0, ""prior_editions_capped"": 1.0, ""taxonomy_overlap"": 0}",0.0,5,"[""a_5f4d241b63704a30"", ""a_68473dbd7f9da052"", ""a_74e6f1c22b8fe2f9"", ""a_5208a12dc32cdb52"", ""a_d4b103547f931d8b"", ""a_e8b0cd6f50927ed0"", ""a_38dffd1918972c5d""]","[""total_participation_cost"", ""inventory_availability"", ""buyer_confirmation"", ""current_status_recheck""]",Ranking funcional de investigación. Sin coincidencia textual; no proponer como relevante.,,,"{""human_label"":""not_found_in_consulted_sources""}"
cand_e66bfc321162ce94,evalrun_f1d8e0e6d2897d04,evt_54632c21b0daa275,conditional,"{""audience_record_exists"": 0, ""lexical_matches"": 0, ""prior_editions_capped"": 0.0, ""taxonomy_overlap"": 0}",0.0,6,"[""a_1eddc48031c38b04"", ""a_66ef5a4474690531"", ""a_f10dc8c26ba994da"", ""a_01a4cbaa5176e4c3"", ""a_02aa47ad080d4317"", ""a_66241e245ce7c4ed"", ""a_45bc253137bcfed6"", ""a_5fddd558bbd9324d""]","[""total_participation_cost"", ""inventory_availability"", ""buyer_confirmation"", ""current_status_recheck""]",Ranking funcional de investigación. Sin coincidencia textual; no proponer como relevante.,,,"{""human_label"":""not_found_in_consulted_sources""}"
cand_1f4fed67225d3c7c,evalrun_f1d8e0e6d2897d04,evt_077e47bbad9e3ed7,conditional,"{""audience_record_exists"": 0, ""lexical_matches"": 0, ""prior_editions_capped"": 0.3333333333333333, ""taxonomy_overlap"": 0}",0.0,7,"[""a_0002a68811e5f9cb"", ""a_0721603c076635a0"", ""a_5903064d1a28def6"", ""a_aab69a924f770ac9"", ""a_86c7a8da0b11f664"", ""a_2015e9a09770dc48"", ""a_1c7797565f2ae77a"", ""a_6eaef4adc828af74""]","[""total_participation_cost"", ""inventory_availability"", ""buyer_confirmation"", ""current_status_recheck""]",Ranking funcional de investigación. Sin coincidencia textual; no proponer como relevante.,,,"{""human_label"":""not_found_in_consulted_sources""}"
cand_4bd44cae9b78a22b,evalrun_f1d8e0e6d2897d04,evt_84ae700b0a2e8277,conditional,"{""audience_record_exists"": 0, ""lexical_matches"": 0, ""prior_editions_capped"": 0.3333333333333333, ""taxonomy_overlap"": 0}",0.0,8,"[""a_a6b5a1ad6bac9f95"", ""a_7d1556fded445eb9"", ""a_5bba11db0c48ccf8"", ""a_a8daef898f322b6b"", ""a_a53c1df27b2b04a3"", ""a_bf12d164f662de9b"", ""a_8910c7d9e13bac13"", ""a_a6653d5b986ec04e"", ""a_6495ff3fa8a8488c""]","[""total_participation_cost"", ""inventory_availability"", ""buyer_confirmation"", ""current_status_recheck""]",Ranking funcional de investigación. Sin coincidencia textual; no proponer como relevante.,,,"{""human_label"":""not_found_in_consulted_sources""}"
cand_9d8fd488cf6fc07c,evalrun_f1d8e0e6d2897d04,evt_13f43c19bf8fc644,conditional,"{""audience_record_exists"": 1, ""lexical_matches"": 0, ""prior_editions_capped"": 0.0, ""taxonomy_overlap"": 0}",0.0,9,"[""a_6e08d12f3167eb1d"", ""a_601af8f2ded0aa21"", ""a_d2d1becc1564317c"", ""a_1fe502eb409dcaf4"", ""a_cb54476e997808b0"", ""a_2b99dc52152d6511"", ""a_dd3414e0c6933c8d"", ""a_926f5a6d33c40839""]","[""total_participation_cost"", ""inventory_availability"", ""buyer_confirmation"", ""current_status_recheck""]",Ranking funcional de investigación. Sin coincidencia textual; no proponer como relevante.,,,"{""human_label"":""not_found_in_consulted_sources""}"
cand_3da84ff5a7eeee9c,evalrun_f1d8e0e6d2897d04,evt_369b38c5bd632088,conditional,"{""audience_record_exists"": 1, ""lexical_matches"": 0, ""prior_editions_capped"": 0.0, ""taxonomy_overlap"": 0}",0.0,10,"[""a_d9ecb02ff65c57e2"", ""a_32ec16c75b667946"", ""a_7bf87567c52fc70c"", ""a_801736fe504f1030"", ""a_a199ac5758e77a5a"", ""a_dad21665690468e3"", ""a_b87c05503af5fc60"", ""a_75b6ac482027dcfe""]","[""total_participation_cost"", ""inventory_availability"", ""buyer_confirmation"", ""current_status_recheck""]",Ranking funcional de investigación. Sin coincidencia textual; no proponer como relevante.,,,"{""human_label"":""not_found_in_consulted_sources""}"
cand_07922b7109e6b099,evalrun_f1d8e0e6d2897d04,evt_a335dad57b86fbf5,conditional,"{""audience_record_exists"": 1, ""lexical_matches"": 0, ""prior_editions_capped"": 0.0, ""taxonomy_overlap"": 0}",0.0,11,"[""a_3842fc23d77cb624"", ""a_82b2b2733c3ffad6"", ""a_241d594fbab710e0"", ""a_3907a7e5529d73ea"", ""a_3ebd2d2d33c571a5"", ""a_0c9a48ce8223b09c"", ""a_b44b473e89274590"", ""a_1108db277761ccf5""]","[""total_participation_cost"", ""inventory_availability"", ""buyer_confirmation"", ""current_status_recheck""]",Ranking funcional de investigación. Sin coincidencia textual; no proponer como relevante.,,,"{""human_label"":""not_found_in_consulted_sources""}"
cand_a1cc10e816dabbcf,evalrun_f1d8e0e6d2897d04,evt_f5229c036ed7d706,conditional,"{""audience_record_exists"": 1, ""lexical_matches"": 0, ""prior_editions_capped"": 0.0, ""taxonomy_overlap"": 0}",0.0,12,"[""a_05a52bff285bb94d"", ""a_d8525e32abfdea8a"", ""a_886b589893c2bfa0"", ""a_16695422afb9487d"", ""a_a8a79abf702b52f7"", ""a_0fb344a48cf269a2"", ""a_6c08b881a89e0dc0"", ""a_65c732040dc9305d""]","[""total_participation_cost"", ""inventory_availability"", ""buyer_confirmation"", ""current_status_recheck""]",Ranking funcional de investigación. Sin coincidencia textual; no proponer como relevante.,,,"{""human_label"":""not_found_in_consulted_sources""}"
cand_605920074d35a3f2,evalrun_f1d8e0e6d2897d04,evt_1156bbc52167727b,conditional,"{""audience_record_exists"": 0, ""lexical_matches"": 0, ""prior_editions_capped"": 0.3333333333333333, ""taxonomy_overlap"": 0}",0.0,13,"[""a_a8c8dac6f109da01"", ""a_b8cf9dd8efff9cb7"", ""a_43437a037204e257"", ""a_54a3ad2f536bae37"", ""a_3063350c3aa7d2b7"", ""a_cfcf76e8e6f4c163"", ""a_3331d7eb511bb924"", ""a_7cbf49714c639554""]","[""total_participation_cost"", ""inventory_availability"", ""buyer_confirmation"", ""current_status_recheck""]",Ranking funcional de investigación. Sin coincidencia textual; no proponer como relevante.,,,"{""human_label"":""not_found_in_consulted_sources""}"
cand_716aefb84c59aa4b,evalrun_f1d8e0e6d2897d04,evt_14059a01a933c5a3,conditional,"{""audience_record_exists"": 1, ""lexical_matches"": 0, ""prior_editions_capped"": 0.0, ""taxonomy_overlap"": 0}",0.0,14,"[""a_18223b6bc1cbdb27"", ""a_15b8b7fccd9343e9"", ""a_e027eb76b56aeecf"", ""a_8acd3f839fad7fac"", ""a_99704054ef0173d4"", ""a_c40cfef93bc0763d"", ""a_e4c63a9387a26d95"", ""a_b1337ccf33b1a760""]","[""total_participation_cost"", ""inventory_availability"", ""buyer_confirmation"", ""current_status_recheck""]",Ranking funcional de investigación. Sin coincidencia textual; no proponer como relevante.,,,"{""human_label"":""not_found_in_consulted_sources""}"
cand_8e8792fb49ab5eec,evalrun_f1d8e0e6d2897d04,evt_752246cf439bf417,conditional,"{""audience_record_exists"": 0, ""lexical_matches"": 0, ""prior_editions_capped"": 0.3333333333333333, ""taxonomy_overlap"": 0}",0.0,15,"[""a_b1db229edcabe560"", ""a_8f52517ec4e2d592"", ""a_d527cd19ff1998a4"", ""a_64928692b8c506a2"", ""a_ff3f4e581cb1edd9"", ""a_e9e24ffdc44ba818"", ""a_3d78f4d56133951b"", ""a_9e39a34c129df6f2""]","[""total_participation_cost"", ""inventory_availability"", ""buyer_confirmation"", ""current_status_recheck""]",Ranking funcional de investigación. Sin coincidencia textual; no proponer como relevante.,,,"{""human_label"":""not_found_in_consulted_sources""}"
cand_aa46a719a652ae01,evalrun_f1d8e0e6d2897d04,evt_c86717853fbaa0bb,conditional,"{""audience_record_exists"": 0, ""lexical_matches"": 0, ""prior_editions_capped"": 0.3333333333333333, ""taxonomy_overlap"": 0}",0.0,16,"[""a_0cd230b6ad3fb140"", ""a_49830338a2c4bcd2"", ""a_421b87567b5126d0"", ""a_b328529a5906dd29"", ""a_932ad947d4606a9e"", ""a_d23a5f122d1ac4dc"", ""a_c46432cafba73364"", ""a_103cbfb4b4cf18e4"", ""a_19f97ad395604aaa"", ""a_6fbc112f2ae72334""]","[""total_participation_cost"", ""inventory_availability"", ""buyer_confirmation"", ""current_status_recheck""]",Ranking funcional de investigación. Sin coincidencia textual; no proponer como relevante.,,,"{""human_label"":""not_found_in_consulted_sources""}"
cand_a14a9fd45afea635,evalrun_f1d8e0e6d2897d04,evt_17d65786c7a61ea0,conditional,"{""audience_record_exists"": 0, ""lexical_matches"": 0, ""prior_editions_capped"": 0.3333333333333333, ""taxonomy_overlap"": 0}",0.0,17,"[""a_41c43a6746463748"", ""a_406f02195bfe954c"", ""a_8b1920ec008b7997"", ""a_1f9a0d7e5eb14235"", ""a_628dffcf04ca29b3"", ""a_6192fc8886f709eb"", ""a_50c3ab9fb45b19c4"", ""a_d76f1811ce1b4605""]","[""total_participation_cost"", ""inventory_availability"", ""buyer_confirmation"", ""current_status_recheck""]",Ranking funcional de investigación. Sin coincidencia textual; no proponer como relevante.,,,"{""human_label"":""not_found_in_consulted_sources""}"
cand_123976db051d18a7,evalrun_f1d8e0e6d2897d04,evt_928d9b26ad74b89d,conditional,"{""audience_record_exists"": 0, ""lexical_matches"": 0, ""prior_editions_capped"": 1.0, ""taxonomy_overlap"": 0}",0.0,18,"[""a_e3aac72439a95449"", ""a_decaf2a55db3bd6a"", ""a_c9fddfd9f2928580"", ""a_fba663ed7044f755"", ""a_dd5b2cf57dbf0dc1"", ""a_5b7d24f073827ed4""]","[""total_participation_cost"", ""inventory_availability"", ""buyer_confirmation"", ""current_status_recheck""]",Ranking funcional de investigación. Sin coincidencia textual; no proponer como relevante.,,,"{""human_label"":""not_found_in_consulted_sources""}"
cand_45be8c0bdd1c9ed1,evalrun_f1d8e0e6d2897d04,evt_bf31a6d2618ec973,conditional,"{""audience_record_exists"": 1, ""lexical_matches"": 0, ""prior_editions_capped"": 0.0, ""taxonomy_overlap"": 0}",0.0,19,"[""a_da5ed28f268ddbf8"", ""a_c26b05006ef8650d"", ""a_afb6ad724c97bdcd"", ""a_55ffba73638165a2"", ""a_bb6289aa0ca96616"", ""a_c68bc0c0c4d4e71e"", ""a_d9529e6d52561366"", ""a_0ade028a7d6df379""]","[""total_participation_cost"", ""inventory_availability"", ""buyer_confirmation"", ""current_status_recheck""]",Ranking funcional de investigación. Sin coincidencia textual; no proponer como relevante.,,,"{""human_label"":""not_found_in_consulted_sources""}"
cand_68d310f0d05ffc17,evalrun_f79f7562d837a0ac,evt_9e6150dee728fe68,conditional,"{""audience_record_exists"": 0, ""lexical_matches"": 1, ""prior_editions_capped"": 1.0, ""taxonomy_overlap"": 1}",2.4,1,"[""a_324fc15beb0834b2"", ""a_9b209f76f5bf6156"", ""a_cfb52bec51b8f6c4"", ""a_f8ece4f37004d9d8"", ""a_f365d848b80e00d1"", ""a_ebb000510bfdf038""]","[""total_participation_cost"", ""inventory_availability"", ""buyer_confirmation"", ""current_status_recheck""]",Ranking funcional de investigación. Encaje requiere evaluación humana.,,,"{""human_label"":""not_found_in_consulted_sources""}"
cand_814825006c441862,evalrun_f79f7562d837a0ac,evt_ae94cffcb363bfbb,conditional,"{""audience_record_exists"": 0, ""lexical_matches"": 0, ""prior_editions_capped"": 1.0, ""taxonomy_overlap"": 0}",0.15,2,"[""a_5f4d241b63704a30"", ""a_68473dbd7f9da052"", ""a_74e6f1c22b8fe2f9"", ""a_5208a12dc32cdb52"", ""a_d4b103547f931d8b"", ""a_e8b0cd6f50927ed0"", ""a_38dffd1918972c5d""]","[""total_participation_cost"", ""inventory_availability"", ""buyer_confirmation"", ""current_status_recheck""]",Ranking funcional de investigación. Encaje requiere evaluación humana.,,,"{""human_label"":""not_found_in_consulted_sources""}"
cand_4bba2dc263abee28,evalrun_f79f7562d837a0ac,evt_928d9b26ad74b89d,conditional,"{""audience_record_exists"": 0, ""lexical_matches"": 0, ""prior_editions_capped"": 1.0, ""taxonomy_overlap"": 0}",0.15,3,"[""a_e3aac72439a95449"", ""a_decaf2a55db3bd6a"", ""a_c9fddfd9f2928580"", ""a_fba663ed7044f755"", ""a_dd5b2cf57dbf0dc1"", ""a_5b7d24f073827ed4""]","[""total_participation_cost"", ""inventory_availability"", ""buyer_confirmation"", ""current_status_recheck""]",Ranking funcional de investigación. Encaje requiere evaluación humana.,,,"{""human_label"":""not_found_in_consulted_sources""}"
cand_70f56c316f38a5fb,evalrun_f79f7562d837a0ac,evt_658afaa5d4547d12,conditional,"{""audience_record_exists"": 1, ""lexical_matches"": 0, ""prior_editions_capped"": 0.0, ""taxonomy_overlap"": 0}",0.05,4,"[""a_da6759baabda3d9f"", ""a_2a5b4e4eaa72378c"", ""a_c241454de7e2dec0"", ""a_561e6e7323c92b76"", ""a_e2f655b0d720d701"", ""a_f483ea1be63a6192"", ""a_1e3977b1dc6587b7"", ""a_fa7a971b531fc356""]","[""total_participation_cost"", ""inventory_availability"", ""buyer_confirmation"", ""current_status_recheck""]",Ranking funcional de investigación. Encaje requiere evaluación humana.,,,"{""human_label"":""not_found_in_consulted_sources""}"
cand_6b23c025949dadf6,evalrun_f79f7562d837a0ac,evt_13f43c19bf8fc644,conditional,"{""audience_record_exists"": 1, ""lexical_matches"": 0, ""prior_editions_capped"": 0.0, ""taxonomy_overlap"": 0}",0.05,5,"[""a_6e08d12f3167eb1d"", ""a_601af8f2ded0aa21"", ""a_d2d1becc1564317c"", ""a_1fe502eb409dcaf4"", ""a_cb54476e997808b0"", ""a_2b99dc52152d6511"", ""a_dd3414e0c6933c8d"", ""a_926f5a6d33c40839""]","[""total_participation_cost"", ""inventory_availability"", ""buyer_confirmation"", ""current_status_recheck""]",Ranking funcional de investigación. Encaje requiere evaluación humana.,,,"{""human_label"":""not_found_in_consulted_sources""}"
cand_d18907319cf46f2b,evalrun_f79f7562d837a0ac,evt_369b38c5bd632088,conditional,"{""audience_record_exists"": 1, ""lexical_matches"": 0, ""prior_editions_capped"": 0.0, ""taxonomy_overlap"": 0}",0.05,6,"[""a_d9ecb02ff65c57e2"", ""a_32ec16c75b667946"", ""a_7bf87567c52fc70c"", ""a_801736fe504f1030"", ""a_a199ac5758e77a5a"", ""a_dad21665690468e3"", ""a_b87c05503af5fc60"", ""a_75b6ac482027dcfe""]","[""total_participation_cost"", ""inventory_availability"", ""buyer_confirmation"", ""current_status_recheck""]",Ranking funcional de investigación. Encaje requiere evaluación humana.,,,"{""human_label"":""not_found_in_consulted_sources""}"
cand_f48b592f17eb1b1f,evalrun_f79f7562d837a0ac,evt_a335dad57b86fbf5,conditional,"{""audience_record_exists"": 1, ""lexical_matches"": 0, ""prior_editions_capped"": 0.0, ""taxonomy_overlap"": 0}",0.05,7,"[""a_3842fc23d77cb624"", ""a_82b2b2733c3ffad6"", ""a_241d594fbab710e0"", ""a_3907a7e5529d73ea"", ""a_3ebd2d2d33c571a5"", ""a_0c9a48ce8223b09c"", ""a_b44b473e89274590"", ""a_1108db277761ccf5""]","[""total_participation_cost"", ""inventory_availability"", ""buyer_confirmation"", ""current_status_recheck""]",Ranking funcional de investigación. Encaje requiere evaluación humana.,,,"{""human_label"":""not_found_in_consulted_sources""}"
cand_5a97cbec04148cdf,evalrun_f79f7562d837a0ac,evt_f5229c036ed7d706,conditional,"{""audience_record_exists"": 1, ""lexical_matches"": 0, ""prior_editions_capped"": 0.0, ""taxonomy_overlap"": 0}",0.05,8,"[""a_05a52bff285bb94d"", ""a_d8525e32abfdea8a"", ""a_886b589893c2bfa0"", ""a_16695422afb9487d"", ""a_a8a79abf702b52f7"", ""a_0fb344a48cf269a2"", ""a_6c08b881a89e0dc0"", ""a_65c732040dc9305d""]","[""total_participation_cost"", ""inventory_availability"", ""buyer_confirmation"", ""current_status_recheck""]",Ranking funcional de investigación. Encaje requiere evaluación humana.,,,"{""human_label"":""not_found_in_consulted_sources""}"
cand_565e697c176e8dc8,evalrun_f79f7562d837a0ac,evt_14059a01a933c5a3,conditional,"{""audience_record_exists"": 1, ""lexical_matches"": 0, ""prior_editions_capped"": 0.0, ""taxonomy_overlap"": 0}",0.05,9,"[""a_18223b6bc1cbdb27"", ""a_15b8b7fccd9343e9"", ""a_e027eb76b56aeecf"", ""a_8acd3f839fad7fac"", ""a_99704054ef0173d4"", ""a_c40cfef93bc0763d"", ""a_e4c63a9387a26d95"", ""a_b1337ccf33b1a760""]","[""total_participation_cost"", ""inventory_availability"", ""buyer_confirmation"", ""current_status_recheck""]",Ranking funcional de investigación. Encaje requiere evaluación humana.,,,"{""human_label"":""not_found_in_consulted_sources""}"
cand_79b335564f688ec3,evalrun_f79f7562d837a0ac,evt_bf31a6d2618ec973,conditional,"{""audience_record_exists"": 1, ""lexical_matches"": 0, ""prior_editions_capped"": 0.0, ""taxonomy_overlap"": 0}",0.05,10,"[""a_da5ed28f268ddbf8"", ""a_c26b05006ef8650d"", ""a_afb6ad724c97bdcd"", ""a_55ffba73638165a2"", ""a_bb6289aa0ca96616"", ""a_c68bc0c0c4d4e71e"", ""a_d9529e6d52561366"", ""a_0ade028a7d6df379""]","[""total_participation_cost"", ""inventory_availability"", ""buyer_confirmation"", ""current_status_recheck""]",Ranking funcional de investigación. Encaje requiere evaluación humana.,,,"{""human_label"":""not_found_in_consulted_sources""}"
cand_8f6c09c74c2b92ba,evalrun_f79f7562d837a0ac,evt_077e47bbad9e3ed7,conditional,"{""audience_record_exists"": 0, ""lexical_matches"": 0, ""prior_editions_capped"": 0.3333333333333333, ""taxonomy_overlap"": 0}",0.049999999999999996,11,"[""a_0002a68811e5f9cb"", ""a_0721603c076635a0"", ""a_5903064d1a28def6"", ""a_aab69a924f770ac9"", ""a_86c7a8da0b11f664"", ""a_2015e9a09770dc48"", ""a_1c7797565f2ae77a"", ""a_6eaef4adc828af74""]","[""total_participation_cost"", ""inventory_availability"", ""buyer_confirmation"", ""current_status_recheck""]",Ranking funcional de investigación. Encaje requiere evaluación humana.,,,"{""human_label"":""not_found_in_consulted_sources""}"
cand_0e143f65e6de528e,evalrun_f79f7562d837a0ac,evt_84ae700b0a2e8277,conditional,"{""audience_record_exists"": 0, ""lexical_matches"": 0, ""prior_editions_capped"": 0.3333333333333333, ""taxonomy_overlap"": 0}",0.049999999999999996,12,"[""a_a6b5a1ad6bac9f95"", ""a_7d1556fded445eb9"", ""a_5bba11db0c48ccf8"", ""a_a8daef898f322b6b"", ""a_a53c1df27b2b04a3"", ""a_bf12d164f662de9b"", ""a_8910c7d9e13bac13"", ""a_a6653d5b986ec04e"", ""a_6495ff3fa8a8488c""]","[""total_participation_cost"", ""inventory_availability"", ""buyer_confirmation"", ""current_status_recheck""]",Ranking funcional de investigación. Encaje requiere evaluación humana.,,,"{""human_label"":""not_found_in_consulted_sources""}"
cand_b840d16ad05407cd,evalrun_f79f7562d837a0ac,evt_1156bbc52167727b,conditional,"{""audience_record_exists"": 0, ""lexical_matches"": 0, ""prior_editions_capped"": 0.3333333333333333, ""taxonomy_overlap"": 0}",0.049999999999999996,13,"[""a_a8c8dac6f109da01"", ""a_b8cf9dd8efff9cb7"", ""a_43437a037204e257"", ""a_54a3ad2f536bae37"", ""a_3063350c3aa7d2b7"", ""a_cfcf76e8e6f4c163"", ""a_3331d7eb511bb924"", ""a_7cbf49714c639554""]","[""total_participation_cost"", ""inventory_availability"", ""buyer_confirmation"", ""current_status_recheck""]",Ranking funcional de investigación. Encaje requiere evaluación humana.,,,"{""human_label"":""not_found_in_consulted_sources""}"
cand_b5db38f96d602f3e,evalrun_f79f7562d837a0ac,evt_752246cf439bf417,conditional,"{""audience_record_exists"": 0, ""lexical_matches"": 0, ""prior_editions_capped"": 0.3333333333333333, ""taxonomy_overlap"": 0}",0.049999999999999996,14,"[""a_b1db229edcabe560"", ""a_8f52517ec4e2d592"", ""a_d527cd19ff1998a4"", ""a_64928692b8c506a2"", ""a_ff3f4e581cb1edd9"", ""a_e9e24ffdc44ba818"", ""a_3d78f4d56133951b"", ""a_9e39a34c129df6f2""]","[""total_participation_cost"", ""inventory_availability"", ""buyer_confirmation"", ""current_status_recheck""]",Ranking funcional de investigación. Encaje requiere evaluación humana.,,,"{""human_label"":""not_found_in_consulted_sources""}"
cand_1f0483164529a802,evalrun_f79f7562d837a0ac,evt_c86717853fbaa0bb,conditional,"{""audience_record_exists"": 0, ""lexical_matches"": 0, ""prior_editions_capped"": 0.3333333333333333, ""taxonomy_overlap"": 0}",0.049999999999999996,15,"[""a_0cd230b6ad3fb140"", ""a_49830338a2c4bcd2"", ""a_421b87567b5126d0"", ""a_b328529a5906dd29"", ""a_932ad947d4606a9e"", ""a_d23a5f122d1ac4dc"", ""a_c46432cafba73364"", ""a_103cbfb4b4cf18e4"", ""a_19f97ad395604aaa"", ""a_6fbc112f2ae72334""]","[""total_participation_cost"", ""inventory_availability"", ""buyer_confirmation"", ""current_status_recheck""]",Ranking funcional de investigación. Encaje requiere evaluación humana.,,,"{""human_label"":""not_found_in_consulted_sources""}"
cand_5ccc99ce4fc88c00,evalrun_f79f7562d837a0ac,evt_17d65786c7a61ea0,conditional,"{""audience_record_exists"": 0, ""lexical_matches"": 0, ""prior_editions_capped"": 0.3333333333333333, ""taxonomy_overlap"": 0}",0.049999999999999996,16,"[""a_41c43a6746463748"", ""a_406f02195bfe954c"", ""a_8b1920ec008b7997"", ""a_1f9a0d7e5eb14235"", ""a_628dffcf04ca29b3"", ""a_6192fc8886f709eb"", ""a_50c3ab9fb45b19c4"", ""a_d76f1811ce1b4605""]","[""total_participation_cost"", ""inventory_availability"", ""buyer_confirmation"", ""current_status_recheck""]",Ranking funcional de investigación. Encaje requiere evaluación humana.,,,"{""human_label"":""not_found_in_consulted_sources""}"
cand_b8daf47eae604022,evalrun_f79f7562d837a0ac,evt_b22864bf40fe3288,conditional,"{""audience_record_exists"": 0, ""lexical_matches"": 0, ""prior_editions_capped"": 0, ""taxonomy_overlap"": 0}",0.0,17,"[""a_52bd923975e3065b"", ""a_f7d44c2fe6207790"", ""a_44ba864e03bf90d7"", ""a_27c26b97aef37b23"", ""a_7354059313ffd28e"", ""a_cf6c92ed7af0277f"", ""a_a5663d9585e72152""]","[""total_participation_cost"", ""inventory_availability"", ""buyer_confirmation"", ""current_status_recheck""]",Ranking funcional de investigación. Sin coincidencia textual; no proponer como relevante.,,,"{""human_label"":""not_found_in_consulted_sources""}"
cand_322c2ae44d36d296,evalrun_f79f7562d837a0ac,evt_d016107b86ad15fa,conditional,"{""audience_record_exists"": 0, ""lexical_matches"": 0, ""prior_editions_capped"": 0.0, ""taxonomy_overlap"": 0}",0.0,18,"[""a_276f0a38a589a63f"", ""a_44aeff3c9097dad6"", ""a_0d12a69c59310dd2"", ""a_20afda5c8e0cabd1"", ""a_858da2b152bdea7b"", ""a_9c01d52eb5946b19"", ""a_90bce862252a9556""]","[""total_participation_cost"", ""inventory_availability"", ""buyer_confirmation"", ""current_status_recheck""]",Ranking funcional de investigación. Sin coincidencia textual; no proponer como relevante.,,,"{""human_label"":""not_found_in_consulted_sources""}"
cand_ee0ba7577269ddd1,evalrun_f79f7562d837a0ac,evt_54632c21b0daa275,conditional,"{""audience_record_exists"": 0, ""lexical_matches"": 0, ""prior_editions_capped"": 0.0, ""taxonomy_overlap"": 0}",0.0,19,"[""a_1eddc48031c38b04"", ""a_66ef5a4474690531"", ""a_f10dc8c26ba994da"", ""a_01a4cbaa5176e4c3"", ""a_02aa47ad080d4317"", ""a_66241e245ce7c4ed"", ""a_45bc253137bcfed6"", ""a_5fddd558bbd9324d""]","[""total_participation_cost"", ""inventory_availability"", ""buyer_confirmation"", ""current_status_recheck""]",Ranking funcional de investigación. Sin coincidencia textual; no proponer como relevante.,,,"{""human_label"":""not_found_in_consulted_sources""}"
