renewal_id,company_id,series_id,from_edition_id,to_edition_id,relationship,coverage,method,version,cutoff,input_ids_json,extra_json,missing_reasons_json
recur_05edffd909bdce5c,org_3598a879f2ea6e99,series_eb795cb6c653b04d,evt_b10d7b624fc3d5dc,evt_85cedced82b14b2f,repeat_listing; renewal_contract_unknown,named editions only; absence never negative,exact_normalized_display_name_and_series,research-2026-09-28-v1,2026-09-28,"[""role_0c783089e5b1edf9"",""role_49faadcb0933bcb4""]",,{}
recur_1784d86853c14a4d,org_3598a879f2ea6e99,series_eb795cb6c653b04d,evt_85cedced82b14b2f,evt_b0c6e05d325163d2,repeat_listing; renewal_contract_unknown,named editions only; absence never negative,exact_normalized_display_name_and_series,research-2026-09-28-v1,2026-09-28,"[""role_49faadcb0933bcb4"",""role_c14cf3518c9e49af""]",,{}
recur_d2bc5f48359c5cca,org_3598a879f2ea6e99,series_eb795cb6c653b04d,evt_b0c6e05d325163d2,evt_a3e852b24f4952fb,repeat_listing; renewal_contract_unknown,named editions only; absence never negative,exact_normalized_display_name_and_series,research-2026-09-28-v1,2026-09-28,"[""role_c14cf3518c9e49af"",""role_ebc05dc4b89445a2""]",,{}
recur_a0bbd47d1ac7a1b6,org_3598a879f2ea6e99,series_eb795cb6c653b04d,evt_a3e852b24f4952fb,evt_1cd1637de3a2db91,repeat_listing; renewal_contract_unknown,named editions only; absence never negative,exact_normalized_display_name_and_series,research-2026-09-28-v1,2026-09-28,"[""role_ebc05dc4b89445a2"",""role_7b8216341a501310""]",,{}
recur_251d14911cb3c257,org_3598a879f2ea6e99,series_eb795cb6c653b04d,evt_1cd1637de3a2db91,evt_9e6150dee728fe68,repeat_listing; renewal_contract_unknown,named editions only; absence never negative,exact_normalized_display_name_and_series,research-2026-09-28-v1,2026-09-28,"[""role_7b8216341a501310"",""role_7a98eb1267467b20""]",,{}
recur_a05c9a45cecf651f,org_b45a53c5004c62f9,series_ee7c42567695733d,evt_759f4e16a0895098,evt_343acf413406c0f7,repeat_listing; renewal_contract_unknown,named editions only; absence never negative,exact_normalized_display_name_and_series,research-2026-09-28-v1,2026-09-28,"[""role_a435ec74702d65a9"",""role_88a639e9782a7f6e""]",,{}
recur_c3a6cb68ebb27f13,org_8dbb1fe7268af062,series_a13b2b47ce1650be,evt_10393e173aeae756,evt_eb0f0a2edae7eb88,repeat_listing; renewal_contract_unknown,named editions only; absence never negative,exact_normalized_display_name_and_series,research-2026-09-28-v1,2026-09-28,"[""role_dfb75cf961ede003"",""role_1b81225056f8270e""]",,{}
recur_9c80891734bbc534,org_0fb9765e58d296e5,series_2ffc5b3a9dc66fc2,evt_f483ad3b81f46644,evt_b7c57b9d55e12e77,repeat_listing; renewal_contract_unknown,named editions only; absence never negative,exact_normalized_display_name_and_series,research-2026-09-28-v1,2026-09-28,"[""role_8712f280211ebdc6"",""role_8e689cb83d3e3bd2""]",,{}
recur_fb1bb62d36c12cf0,org_0fb9765e58d296e5,series_2ffc5b3a9dc66fc2,evt_b7c57b9d55e12e77,evt_2f5a7f654cc3781d,repeat_listing; renewal_contract_unknown,named editions only; absence never negative,exact_normalized_display_name_and_series,research-2026-09-28-v1,2026-09-28,"[""role_8e689cb83d3e3bd2"",""role_230532ba869e2cea""]",,{}
recur_8f5ad38e7e46f077,org_0fb9765e58d296e5,series_2ffc5b3a9dc66fc2,evt_2f5a7f654cc3781d,evt_084faf6811b39ff7,repeat_listing; renewal_contract_unknown,named editions only; absence never negative,exact_normalized_display_name_and_series,research-2026-09-28-v1,2026-09-28,"[""role_230532ba869e2cea"",""role_e311421b9c0410c3""]",,{}
recur_8eb4b30b9ee025ad,org_0fb9765e58d296e5,series_2ffc5b3a9dc66fc2,evt_084faf6811b39ff7,evt_095fb499a803def2,repeat_listing; renewal_contract_unknown,named editions only; absence never negative,exact_normalized_display_name_and_series,research-2026-09-28-v1,2026-09-28,"[""role_e311421b9c0410c3"",""role_35c0dd2f737e305c""]",,{}
recur_c6e46a240a613cf0,org_ea3bd73e2b506e00,series_2ffc5b3a9dc66fc2,evt_f483ad3b81f46644,evt_b7c57b9d55e12e77,repeat_listing; renewal_contract_unknown,named editions only; absence never negative,exact_normalized_display_name_and_series,research-2026-09-28-v1,2026-09-28,"[""role_e9f4784635f74341"",""role_b20b88c869b85db5""]",,{}
recur_b2e1b1c59f008891,org_ea3bd73e2b506e00,series_2ffc5b3a9dc66fc2,evt_b7c57b9d55e12e77,evt_2f5a7f654cc3781d,repeat_listing; renewal_contract_unknown,named editions only; absence never negative,exact_normalized_display_name_and_series,research-2026-09-28-v1,2026-09-28,"[""role_b20b88c869b85db5"",""role_d9e897322b7ad924""]",,{}
recur_8faf6be59e4e6933,org_ea3bd73e2b506e00,series_2ffc5b3a9dc66fc2,evt_2f5a7f654cc3781d,evt_084faf6811b39ff7,repeat_listing; renewal_contract_unknown,named editions only; absence never negative,exact_normalized_display_name_and_series,research-2026-09-28-v1,2026-09-28,"[""role_d9e897322b7ad924"",""role_757a952375c04217""]",,{}
recur_2801201ed8141567,org_ea3bd73e2b506e00,series_2ffc5b3a9dc66fc2,evt_084faf6811b39ff7,evt_095fb499a803def2,repeat_listing; renewal_contract_unknown,named editions only; absence never negative,exact_normalized_display_name_and_series,research-2026-09-28-v1,2026-09-28,"[""role_757a952375c04217"",""role_d606de483fb05b5f""]",,{}
recur_ad4c6480303974b5,org_bbdefa2950f49882,series_2ffc5b3a9dc66fc2,evt_f483ad3b81f46644,evt_b7c57b9d55e12e77,repeat_listing; renewal_contract_unknown,named editions only; absence never negative,exact_normalized_display_name_and_series,research-2026-09-28-v1,2026-09-28,"[""role_c525f1b7dea04286"",""role_77568a68b55c83cb""]",,{}
recur_1b2f9e635e103899,org_bbdefa2950f49882,series_2ffc5b3a9dc66fc2,evt_b7c57b9d55e12e77,evt_2f5a7f654cc3781d,repeat_listing; renewal_contract_unknown,named editions only; absence never negative,exact_normalized_display_name_and_series,research-2026-09-28-v1,2026-09-28,"[""role_77568a68b55c83cb"",""role_fd3ac69f8571740c""]",,{}
recur_07cb76dd894af564,org_bbdefa2950f49882,series_2ffc5b3a9dc66fc2,evt_2f5a7f654cc3781d,evt_084faf6811b39ff7,repeat_listing; renewal_contract_unknown,named editions only; absence never negative,exact_normalized_display_name_and_series,research-2026-09-28-v1,2026-09-28,"[""role_fd3ac69f8571740c"",""role_eca8e40b8f79d8dd""]",,{}
recur_8d3f5e37c75242de,org_bbdefa2950f49882,series_2ffc5b3a9dc66fc2,evt_084faf6811b39ff7,evt_095fb499a803def2,repeat_listing; renewal_contract_unknown,named editions only; absence never negative,exact_normalized_display_name_and_series,research-2026-09-28-v1,2026-09-28,"[""role_eca8e40b8f79d8dd"",""role_9dfc22fe154a8e59""]",,{}
recur_97363fde0bd90c7f,org_9fbf261b62c1d7c0,series_2ffc5b3a9dc66fc2,evt_f483ad3b81f46644,evt_b7c57b9d55e12e77,repeat_listing; renewal_contract_unknown,named editions only; absence never negative,exact_normalized_display_name_and_series,research-2026-09-28-v1,2026-09-28,"[""role_5e5bd98458fa3486"",""role_ab9bd9e4fdc269f0""]",,{}
recur_df0e23cc4087522b,org_9fbf261b62c1d7c0,series_2ffc5b3a9dc66fc2,evt_b7c57b9d55e12e77,evt_2f5a7f654cc3781d,repeat_listing; renewal_contract_unknown,named editions only; absence never negative,exact_normalized_display_name_and_series,research-2026-09-28-v1,2026-09-28,"[""role_ab9bd9e4fdc269f0"",""role_3d98d1d1e98dd14e""]",,{}
recur_f58d2b2d79335eb2,org_9fbf261b62c1d7c0,series_2ffc5b3a9dc66fc2,evt_2f5a7f654cc3781d,evt_084faf6811b39ff7,repeat_listing; renewal_contract_unknown,named editions only; absence never negative,exact_normalized_display_name_and_series,research-2026-09-28-v1,2026-09-28,"[""role_3d98d1d1e98dd14e"",""role_bc039a1ec4b1512f""]",,{}
recur_de1285e57d22bf68,org_9fbf261b62c1d7c0,series_2ffc5b3a9dc66fc2,evt_084faf6811b39ff7,evt_095fb499a803def2,repeat_listing; renewal_contract_unknown,named editions only; absence never negative,exact_normalized_display_name_and_series,research-2026-09-28-v1,2026-09-28,"[""role_bc039a1ec4b1512f"",""role_c3f78c1db00120d9""]",,{}
recur_2473275f8bf9dac1,org_8d4321d936320802,series_2ffc5b3a9dc66fc2,evt_f483ad3b81f46644,evt_b7c57b9d55e12e77,repeat_listing; renewal_contract_unknown,named editions only; absence never negative,exact_normalized_display_name_and_series,research-2026-09-28-v1,2026-09-28,"[""role_80784b0494154df7"",""role_970def2d362a350b""]",,{}
recur_9af9f38b95d04d8e,org_8d4321d936320802,series_2ffc5b3a9dc66fc2,evt_b7c57b9d55e12e77,evt_2f5a7f654cc3781d,repeat_listing; renewal_contract_unknown,named editions only; absence never negative,exact_normalized_display_name_and_series,research-2026-09-28-v1,2026-09-28,"[""role_970def2d362a350b"",""role_96f68b0853feb767""]",,{}
recur_81e3670d2395799b,org_8d4321d936320802,series_2ffc5b3a9dc66fc2,evt_2f5a7f654cc3781d,evt_084faf6811b39ff7,repeat_listing; renewal_contract_unknown,named editions only; absence never negative,exact_normalized_display_name_and_series,research-2026-09-28-v1,2026-09-28,"[""role_96f68b0853feb767"",""role_21402b8a9cbbaa90""]",,{}
recur_395202de18ed1ecd,org_8d4321d936320802,series_2ffc5b3a9dc66fc2,evt_084faf6811b39ff7,evt_095fb499a803def2,repeat_listing; renewal_contract_unknown,named editions only; absence never negative,exact_normalized_display_name_and_series,research-2026-09-28-v1,2026-09-28,"[""role_21402b8a9cbbaa90"",""role_28204b00d7a01609""]",,{}
recur_26496b6f191db340,org_7d1507284a5757ca,series_2ffc5b3a9dc66fc2,evt_f483ad3b81f46644,evt_b7c57b9d55e12e77,repeat_listing; renewal_contract_unknown,named editions only; absence never negative,exact_normalized_display_name_and_series,research-2026-09-28-v1,2026-09-28,"[""role_2b752f6888633657"",""role_380dbf8e3712a5b7""]",,{}
recur_2807c5f8b853a897,org_7d1507284a5757ca,series_2ffc5b3a9dc66fc2,evt_b7c57b9d55e12e77,evt_2f5a7f654cc3781d,repeat_listing; renewal_contract_unknown,named editions only; absence never negative,exact_normalized_display_name_and_series,research-2026-09-28-v1,2026-09-28,"[""role_380dbf8e3712a5b7"",""role_0f6dd9ff6574f5fb""]",,{}
recur_d84623669ae6b718,org_7d1507284a5757ca,series_2ffc5b3a9dc66fc2,evt_2f5a7f654cc3781d,evt_084faf6811b39ff7,repeat_listing; renewal_contract_unknown,named editions only; absence never negative,exact_normalized_display_name_and_series,research-2026-09-28-v1,2026-09-28,"[""role_0f6dd9ff6574f5fb"",""role_61fccfcd52d389e1""]",,{}
recur_f3dabca452db90da,org_7d1507284a5757ca,series_2ffc5b3a9dc66fc2,evt_084faf6811b39ff7,evt_095fb499a803def2,repeat_listing; renewal_contract_unknown,named editions only; absence never negative,exact_normalized_display_name_and_series,research-2026-09-28-v1,2026-09-28,"[""role_61fccfcd52d389e1"",""role_6cb699b94e3901af""]",,{}
recur_c36a0499c6c99a83,org_67b51232d90eef07,series_2ffc5b3a9dc66fc2,evt_f483ad3b81f46644,evt_b7c57b9d55e12e77,repeat_listing; renewal_contract_unknown,named editions only; absence never negative,exact_normalized_display_name_and_series,research-2026-09-28-v1,2026-09-28,"[""role_7c90487edec0407c"",""role_eba92a1f658de279""]",,{}
recur_a8641abc7df729b0,org_67b51232d90eef07,series_2ffc5b3a9dc66fc2,evt_b7c57b9d55e12e77,evt_2f5a7f654cc3781d,repeat_listing; renewal_contract_unknown,named editions only; absence never negative,exact_normalized_display_name_and_series,research-2026-09-28-v1,2026-09-28,"[""role_eba92a1f658de279"",""role_679e8cc56c5c1707""]",,{}
recur_fa95e1d3c8171eb8,org_67b51232d90eef07,series_2ffc5b3a9dc66fc2,evt_2f5a7f654cc3781d,evt_084faf6811b39ff7,repeat_listing; renewal_contract_unknown,named editions only; absence never negative,exact_normalized_display_name_and_series,research-2026-09-28-v1,2026-09-28,"[""role_679e8cc56c5c1707"",""role_711156a5ff8a03f1""]",,{}
recur_9db59babe941f8cd,org_67b51232d90eef07,series_2ffc5b3a9dc66fc2,evt_084faf6811b39ff7,evt_095fb499a803def2,repeat_listing; renewal_contract_unknown,named editions only; absence never negative,exact_normalized_display_name_and_series,research-2026-09-28-v1,2026-09-28,"[""role_711156a5ff8a03f1"",""role_4daa519400eb8a64""]",,{}
recur_ccb698769258c6be,org_d888a3e4ea95d404,series_2ffc5b3a9dc66fc2,evt_f483ad3b81f46644,evt_b7c57b9d55e12e77,repeat_listing; renewal_contract_unknown,named editions only; absence never negative,exact_normalized_display_name_and_series,research-2026-09-28-v1,2026-09-28,"[""role_d41d7f094e383028"",""role_1c015d320dd89a8c""]",,{}
recur_568b71d984f6f15d,org_d888a3e4ea95d404,series_2ffc5b3a9dc66fc2,evt_b7c57b9d55e12e77,evt_2f5a7f654cc3781d,repeat_listing; renewal_contract_unknown,named editions only; absence never negative,exact_normalized_display_name_and_series,research-2026-09-28-v1,2026-09-28,"[""role_1c015d320dd89a8c"",""role_eabc606faf74161e""]",,{}
recur_01e75b6cace30e1a,org_d888a3e4ea95d404,series_2ffc5b3a9dc66fc2,evt_2f5a7f654cc3781d,evt_084faf6811b39ff7,repeat_listing; renewal_contract_unknown,named editions only; absence never negative,exact_normalized_display_name_and_series,research-2026-09-28-v1,2026-09-28,"[""role_eabc606faf74161e"",""role_a532047b6721bd63""]",,{}
recur_c04aa0c0ce0ed4ae,org_d888a3e4ea95d404,series_2ffc5b3a9dc66fc2,evt_084faf6811b39ff7,evt_095fb499a803def2,repeat_listing; renewal_contract_unknown,named editions only; absence never negative,exact_normalized_display_name_and_series,research-2026-09-28-v1,2026-09-28,"[""role_a532047b6721bd63"",""role_842c7d4b6f972dc7""]",,{}
recur_5ef3861274051bb2,org_fee6fd0cc1707a18,series_2ffc5b3a9dc66fc2,evt_f483ad3b81f46644,evt_b7c57b9d55e12e77,repeat_listing; renewal_contract_unknown,named editions only; absence never negative,exact_normalized_display_name_and_series,research-2026-09-28-v1,2026-09-28,"[""role_6a328f9f222b2380"",""role_5d5fb054d0caa8eb""]",,{}
recur_53027779502e390c,org_fee6fd0cc1707a18,series_2ffc5b3a9dc66fc2,evt_b7c57b9d55e12e77,evt_2f5a7f654cc3781d,repeat_listing; renewal_contract_unknown,named editions only; absence never negative,exact_normalized_display_name_and_series,research-2026-09-28-v1,2026-09-28,"[""role_5d5fb054d0caa8eb"",""role_6ff31bacb5c05cb4""]",,{}
recur_e93cab3dd6889555,org_fee6fd0cc1707a18,series_2ffc5b3a9dc66fc2,evt_2f5a7f654cc3781d,evt_084faf6811b39ff7,repeat_listing; renewal_contract_unknown,named editions only; absence never negative,exact_normalized_display_name_and_series,research-2026-09-28-v1,2026-09-28,"[""role_6ff31bacb5c05cb4"",""role_2723a3e47f00e4c4""]",,{}
recur_1a64457e304bec96,org_1a75d3b9b9abf3ef,series_2ffc5b3a9dc66fc2,evt_f483ad3b81f46644,evt_b7c57b9d55e12e77,repeat_listing; renewal_contract_unknown,named editions only; absence never negative,exact_normalized_display_name_and_series,research-2026-09-28-v1,2026-09-28,"[""role_e8f6e628828912a7"",""role_1849a6193009460f""]",,{}
recur_83b539233df57d7b,org_1a75d3b9b9abf3ef,series_2ffc5b3a9dc66fc2,evt_b7c57b9d55e12e77,evt_2f5a7f654cc3781d,repeat_listing; renewal_contract_unknown,named editions only; absence never negative,exact_normalized_display_name_and_series,research-2026-09-28-v1,2026-09-28,"[""role_1849a6193009460f"",""role_84462cca4a4de9ba""]",,{}
recur_c4a8544133e93141,org_c4fe98345289633c,series_2ffc5b3a9dc66fc2,evt_f483ad3b81f46644,evt_b7c57b9d55e12e77,repeat_listing; renewal_contract_unknown,named editions only; absence never negative,exact_normalized_display_name_and_series,research-2026-09-28-v1,2026-09-28,"[""role_81ce8d62a382dd7a"",""role_4ea871235018a680""]",,{}
recur_65fc4a7dad2f24ba,org_9f8230c43ce398d6,series_2ffc5b3a9dc66fc2,evt_f483ad3b81f46644,evt_084faf6811b39ff7,repeat_listing; renewal_contract_unknown,named editions only; absence never negative,exact_normalized_display_name_and_series,research-2026-09-28-v1,2026-09-28,"[""role_14c8d05bbc62e8fd"",""role_2cc08cd20308cdc6""]",,{}
recur_3bda99cfecbc83ff,org_9f8230c43ce398d6,series_2ffc5b3a9dc66fc2,evt_084faf6811b39ff7,evt_095fb499a803def2,repeat_listing; renewal_contract_unknown,named editions only; absence never negative,exact_normalized_display_name_and_series,research-2026-09-28-v1,2026-09-28,"[""role_2cc08cd20308cdc6"",""role_1632b89ef2403b55""]",,{}
recur_c1bf3af6ed6ac6d0,org_7606c4cbaae85d2d,series_2ffc5b3a9dc66fc2,evt_f483ad3b81f46644,evt_b7c57b9d55e12e77,repeat_listing; renewal_contract_unknown,named editions only; absence never negative,exact_normalized_display_name_and_series,research-2026-09-28-v1,2026-09-28,"[""role_4e5964a1c921932e"",""role_fdd2f6f6fb2a3737""]",,{}
recur_d02f5ec0dd8c31f2,org_7606c4cbaae85d2d,series_2ffc5b3a9dc66fc2,evt_b7c57b9d55e12e77,evt_2f5a7f654cc3781d,repeat_listing; renewal_contract_unknown,named editions only; absence never negative,exact_normalized_display_name_and_series,research-2026-09-28-v1,2026-09-28,"[""role_fdd2f6f6fb2a3737"",""role_f7b908c822c94d85""]",,{}
recur_e0a76eafd8ca11ae,org_7606c4cbaae85d2d,series_2ffc5b3a9dc66fc2,evt_2f5a7f654cc3781d,evt_084faf6811b39ff7,repeat_listing; renewal_contract_unknown,named editions only; absence never negative,exact_normalized_display_name_and_series,research-2026-09-28-v1,2026-09-28,"[""role_f7b908c822c94d85"",""role_ff7f05cd114a31f5""]",,{}
recur_1ec1cb2420734907,org_7606c4cbaae85d2d,series_2ffc5b3a9dc66fc2,evt_084faf6811b39ff7,evt_095fb499a803def2,repeat_listing; renewal_contract_unknown,named editions only; absence never negative,exact_normalized_display_name_and_series,research-2026-09-28-v1,2026-09-28,"[""role_ff7f05cd114a31f5"",""role_d1903145e96098f8""]",,{}
recur_d510c4dd4ab5f0f6,org_c9a2dcb05123781d,series_2ffc5b3a9dc66fc2,evt_f483ad3b81f46644,evt_2f5a7f654cc3781d,repeat_listing; renewal_contract_unknown,named editions only; absence never negative,exact_normalized_display_name_and_series,research-2026-09-28-v1,2026-09-28,"[""role_6a633ac2035b34a1"",""role_a08304b00444bb1c""]",,{}
recur_2e04077548bbac2e,org_c9a2dcb05123781d,series_2ffc5b3a9dc66fc2,evt_2f5a7f654cc3781d,evt_084faf6811b39ff7,repeat_listing; renewal_contract_unknown,named editions only; absence never negative,exact_normalized_display_name_and_series,research-2026-09-28-v1,2026-09-28,"[""role_a08304b00444bb1c"",""role_8c83b1561da73858""]",,{}
recur_7fc0b611b6824891,org_8dfe5e6cf73b1d6b,series_2ffc5b3a9dc66fc2,evt_f483ad3b81f46644,evt_b7c57b9d55e12e77,repeat_listing; renewal_contract_unknown,named editions only; absence never negative,exact_normalized_display_name_and_series,research-2026-09-28-v1,2026-09-28,"[""role_7269f05e0987e5f7"",""role_1ea978f0054abc08""]",,{}
recur_e748b69b5cbb3ee5,org_8dfe5e6cf73b1d6b,series_2ffc5b3a9dc66fc2,evt_b7c57b9d55e12e77,evt_2f5a7f654cc3781d,repeat_listing; renewal_contract_unknown,named editions only; absence never negative,exact_normalized_display_name_and_series,research-2026-09-28-v1,2026-09-28,"[""role_1ea978f0054abc08"",""role_1e572dca7b0b434d""]",,{}
recur_1c54c2003dc88bc9,org_8dfe5e6cf73b1d6b,series_2ffc5b3a9dc66fc2,evt_2f5a7f654cc3781d,evt_084faf6811b39ff7,repeat_listing; renewal_contract_unknown,named editions only; absence never negative,exact_normalized_display_name_and_series,research-2026-09-28-v1,2026-09-28,"[""role_1e572dca7b0b434d"",""role_012d85f4bd625565""]",,{}
recur_27032836c3ed7d0e,org_8dfe5e6cf73b1d6b,series_2ffc5b3a9dc66fc2,evt_084faf6811b39ff7,evt_095fb499a803def2,repeat_listing; renewal_contract_unknown,named editions only; absence never negative,exact_normalized_display_name_and_series,research-2026-09-28-v1,2026-09-28,"[""role_012d85f4bd625565"",""role_63b8383bf5784a5f""]",,{}
recur_97cfd199333d11f9,org_50cfd89765d6d5dd,series_2ffc5b3a9dc66fc2,evt_f483ad3b81f46644,evt_b7c57b9d55e12e77,repeat_listing; renewal_contract_unknown,named editions only; absence never negative,exact_normalized_display_name_and_series,research-2026-09-28-v1,2026-09-28,"[""role_ee2ec37d6ec7c85a"",""role_67cdc3374dffb4d5""]",,{}
recur_7876b9ac7b19d237,org_50cfd89765d6d5dd,series_2ffc5b3a9dc66fc2,evt_b7c57b9d55e12e77,evt_2f5a7f654cc3781d,repeat_listing; renewal_contract_unknown,named editions only; absence never negative,exact_normalized_display_name_and_series,research-2026-09-28-v1,2026-09-28,"[""role_67cdc3374dffb4d5"",""role_c5cb23723b86cf4d""]",,{}
recur_e906d1edce80694c,org_5a1ad84a47ec210d,series_2ffc5b3a9dc66fc2,evt_f483ad3b81f46644,evt_b7c57b9d55e12e77,repeat_listing; renewal_contract_unknown,named editions only; absence never negative,exact_normalized_display_name_and_series,research-2026-09-28-v1,2026-09-28,"[""role_25110ebecd580926"",""role_df29a0703f6337d9""]",,{}
recur_bc68d98f1f1e6887,org_5a1ad84a47ec210d,series_2ffc5b3a9dc66fc2,evt_b7c57b9d55e12e77,evt_2f5a7f654cc3781d,repeat_listing; renewal_contract_unknown,named editions only; absence never negative,exact_normalized_display_name_and_series,research-2026-09-28-v1,2026-09-28,"[""role_df29a0703f6337d9"",""role_742a4a96076effb0""]",,{}
recur_c2c516ff521aa5d9,org_5a1ad84a47ec210d,series_2ffc5b3a9dc66fc2,evt_2f5a7f654cc3781d,evt_084faf6811b39ff7,repeat_listing; renewal_contract_unknown,named editions only; absence never negative,exact_normalized_display_name_and_series,research-2026-09-28-v1,2026-09-28,"[""role_742a4a96076effb0"",""role_b049076bd2f4503f""]",,{}
recur_5f1c72720d4e0136,org_5a1ad84a47ec210d,series_2ffc5b3a9dc66fc2,evt_084faf6811b39ff7,evt_095fb499a803def2,repeat_listing; renewal_contract_unknown,named editions only; absence never negative,exact_normalized_display_name_and_series,research-2026-09-28-v1,2026-09-28,"[""role_b049076bd2f4503f"",""role_a2aae7b6f942f8de""]",,{}
recur_a0491cc75ca78898,org_6c2949a5b9698d22,series_2ffc5b3a9dc66fc2,evt_f483ad3b81f46644,evt_b7c57b9d55e12e77,repeat_listing; renewal_contract_unknown,named editions only; absence never negative,exact_normalized_display_name_and_series,research-2026-09-28-v1,2026-09-28,"[""role_7eb94fb9123f2ec1"",""role_44efe2d5193441fe""]",,{}
recur_2758560b2056c19d,org_6c2949a5b9698d22,series_2ffc5b3a9dc66fc2,evt_b7c57b9d55e12e77,evt_2f5a7f654cc3781d,repeat_listing; renewal_contract_unknown,named editions only; absence never negative,exact_normalized_display_name_and_series,research-2026-09-28-v1,2026-09-28,"[""role_44efe2d5193441fe"",""role_1b34dfc9a04f5713""]",,{}
recur_bb3aaf3a5b6f2a1d,org_6c2949a5b9698d22,series_2ffc5b3a9dc66fc2,evt_2f5a7f654cc3781d,evt_084faf6811b39ff7,repeat_listing; renewal_contract_unknown,named editions only; absence never negative,exact_normalized_display_name_and_series,research-2026-09-28-v1,2026-09-28,"[""role_1b34dfc9a04f5713"",""role_beaf1b6354fef98f""]",,{}
recur_9f27a0f02f79a612,org_6c2949a5b9698d22,series_2ffc5b3a9dc66fc2,evt_084faf6811b39ff7,evt_095fb499a803def2,repeat_listing; renewal_contract_unknown,named editions only; absence never negative,exact_normalized_display_name_and_series,research-2026-09-28-v1,2026-09-28,"[""role_beaf1b6354fef98f"",""role_f25455d5780de0e7""]",,{}
recur_27ec73cf778821fc,org_039e65978ab36874,series_2ffc5b3a9dc66fc2,evt_f483ad3b81f46644,evt_095fb499a803def2,repeat_listing; renewal_contract_unknown,named editions only; absence never negative,exact_normalized_display_name_and_series,research-2026-09-28-v1,2026-09-28,"[""role_c6bb22d43c5b54ff"",""role_908641deb5b5fe74""]",,{}
recur_36819a4b4ba434b7,org_99c090636aa0f68a,series_2ffc5b3a9dc66fc2,evt_f483ad3b81f46644,evt_b7c57b9d55e12e77,repeat_listing; renewal_contract_unknown,named editions only; absence never negative,exact_normalized_display_name_and_series,research-2026-09-28-v1,2026-09-28,"[""role_af77fd93483b2957"",""role_c687ca7db2bf9b51""]",,{}
recur_40a3e1714f8d97f9,org_99c090636aa0f68a,series_2ffc5b3a9dc66fc2,evt_b7c57b9d55e12e77,evt_2f5a7f654cc3781d,repeat_listing; renewal_contract_unknown,named editions only; absence never negative,exact_normalized_display_name_and_series,research-2026-09-28-v1,2026-09-28,"[""role_c687ca7db2bf9b51"",""role_51d86a54e1afebaa""]",,{}
recur_e5629cb2c46df53b,org_99c090636aa0f68a,series_2ffc5b3a9dc66fc2,evt_2f5a7f654cc3781d,evt_084faf6811b39ff7,repeat_listing; renewal_contract_unknown,named editions only; absence never negative,exact_normalized_display_name_and_series,research-2026-09-28-v1,2026-09-28,"[""role_51d86a54e1afebaa"",""role_1bb929bb84bf8235""]",,{}
recur_05271c516dfa60ba,org_99c090636aa0f68a,series_2ffc5b3a9dc66fc2,evt_084faf6811b39ff7,evt_095fb499a803def2,repeat_listing; renewal_contract_unknown,named editions only; absence never negative,exact_normalized_display_name_and_series,research-2026-09-28-v1,2026-09-28,"[""role_1bb929bb84bf8235"",""role_fb41391c0659d4b5""]",,{}
recur_20b635ef142a86fe,org_9202af6ce925b26a,series_2ffc5b3a9dc66fc2,evt_f483ad3b81f46644,evt_2f5a7f654cc3781d,repeat_listing; renewal_contract_unknown,named editions only; absence never negative,exact_normalized_display_name_and_series,research-2026-09-28-v1,2026-09-28,"[""role_7711bc293963760e"",""role_e0276b78c20a5bd1""]",,{}
recur_8e467424feaaaa4f,org_0cf6855c1a3c323b,series_2ffc5b3a9dc66fc2,evt_f483ad3b81f46644,evt_b7c57b9d55e12e77,repeat_listing; renewal_contract_unknown,named editions only; absence never negative,exact_normalized_display_name_and_series,research-2026-09-28-v1,2026-09-28,"[""role_1b7e0bde192d426d"",""role_c343a8bd78cd4f52""]",,{}
recur_513dd31e8eb42ce6,org_0cf6855c1a3c323b,series_2ffc5b3a9dc66fc2,evt_b7c57b9d55e12e77,evt_2f5a7f654cc3781d,repeat_listing; renewal_contract_unknown,named editions only; absence never negative,exact_normalized_display_name_and_series,research-2026-09-28-v1,2026-09-28,"[""role_c343a8bd78cd4f52"",""role_8e75ce99a7c779c6""]",,{}
recur_39e7e771193c7157,org_0cf6855c1a3c323b,series_2ffc5b3a9dc66fc2,evt_2f5a7f654cc3781d,evt_084faf6811b39ff7,repeat_listing; renewal_contract_unknown,named editions only; absence never negative,exact_normalized_display_name_and_series,research-2026-09-28-v1,2026-09-28,"[""role_8e75ce99a7c779c6"",""role_ad7c0497d3e0b481""]",,{}
recur_e1feea550b9f1012,org_0cf6855c1a3c323b,series_2ffc5b3a9dc66fc2,evt_084faf6811b39ff7,evt_095fb499a803def2,repeat_listing; renewal_contract_unknown,named editions only; absence never negative,exact_normalized_display_name_and_series,research-2026-09-28-v1,2026-09-28,"[""role_ad7c0497d3e0b481"",""role_bebcb0b64cebe0f7""]",,{}
recur_2a6e5218df83717d,org_472e893c30310a7b,series_2ffc5b3a9dc66fc2,evt_f483ad3b81f46644,evt_b7c57b9d55e12e77,repeat_listing; renewal_contract_unknown,named editions only; absence never negative,exact_normalized_display_name_and_series,research-2026-09-28-v1,2026-09-28,"[""role_cd0fcb5f61b72e7e"",""role_b7d0954eb4dbc666""]",,{}
recur_738be2a45696384b,org_f8532933789406dc,series_2ffc5b3a9dc66fc2,evt_f483ad3b81f46644,evt_b7c57b9d55e12e77,repeat_listing; renewal_contract_unknown,named editions only; absence never negative,exact_normalized_display_name_and_series,research-2026-09-28-v1,2026-09-28,"[""role_3f256b392b849455"",""role_e08a96d031744d4d""]",,{}
recur_827be4e1e3b67260,org_737e91b03ee3cfc5,series_2ffc5b3a9dc66fc2,evt_f483ad3b81f46644,evt_b7c57b9d55e12e77,repeat_listing; renewal_contract_unknown,named editions only; absence never negative,exact_normalized_display_name_and_series,research-2026-09-28-v1,2026-09-28,"[""role_42af9bf6e41797d6"",""role_013632d08794c03c""]",,{}
recur_34c9adeac66f2486,org_1706716bb5eebbe2,series_2ffc5b3a9dc66fc2,evt_f483ad3b81f46644,evt_b7c57b9d55e12e77,repeat_listing; renewal_contract_unknown,named editions only; absence never negative,exact_normalized_display_name_and_series,research-2026-09-28-v1,2026-09-28,"[""role_b0d5f98946d9e0a7"",""role_00d2efee170fcb47""]",,{}
recur_b81a7d3bfa2dcbe1,org_de5a1adf4fedcce1,series_2ffc5b3a9dc66fc2,evt_f483ad3b81f46644,evt_b7c57b9d55e12e77,repeat_listing; renewal_contract_unknown,named editions only; absence never negative,exact_normalized_display_name_and_series,research-2026-09-28-v1,2026-09-28,"[""role_4a79f0e4834b7a9d"",""role_da91083d1f1ad1eb""]",,{}
recur_fdfc27909442dcb1,org_de5a1adf4fedcce1,series_2ffc5b3a9dc66fc2,evt_b7c57b9d55e12e77,evt_084faf6811b39ff7,repeat_listing; renewal_contract_unknown,named editions only; absence never negative,exact_normalized_display_name_and_series,research-2026-09-28-v1,2026-09-28,"[""role_da91083d1f1ad1eb"",""role_57366ab48a697710""]",,{}
recur_c0595de3afbac809,org_de5a1adf4fedcce1,series_2ffc5b3a9dc66fc2,evt_084faf6811b39ff7,evt_095fb499a803def2,repeat_listing; renewal_contract_unknown,named editions only; absence never negative,exact_normalized_display_name_and_series,research-2026-09-28-v1,2026-09-28,"[""role_57366ab48a697710"",""role_634acb7fd77be89f""]",,{}
recur_a5b6577fc9a5f07b,org_7ba99a119580a884,series_2ffc5b3a9dc66fc2,evt_f483ad3b81f46644,evt_b7c57b9d55e12e77,repeat_listing; renewal_contract_unknown,named editions only; absence never negative,exact_normalized_display_name_and_series,research-2026-09-28-v1,2026-09-28,"[""role_57382ccfbd97dfcc"",""role_db72c7d4ae982523""]",,{}
recur_a3a507ed00c8d6b5,org_7ba99a119580a884,series_2ffc5b3a9dc66fc2,evt_b7c57b9d55e12e77,evt_2f5a7f654cc3781d,repeat_listing; renewal_contract_unknown,named editions only; absence never negative,exact_normalized_display_name_and_series,research-2026-09-28-v1,2026-09-28,"[""role_db72c7d4ae982523"",""role_a603260aef17f875""]",,{}
recur_c1bc8a5fae1ec3ca,org_986051385feae5b9,series_2ffc5b3a9dc66fc2,evt_f483ad3b81f46644,evt_b7c57b9d55e12e77,repeat_listing; renewal_contract_unknown,named editions only; absence never negative,exact_normalized_display_name_and_series,research-2026-09-28-v1,2026-09-28,"[""role_039235fe3ed1ece2"",""role_d5521bc56eacb377""]",,{}
recur_15acc2f7e09c363d,org_986051385feae5b9,series_2ffc5b3a9dc66fc2,evt_b7c57b9d55e12e77,evt_2f5a7f654cc3781d,repeat_listing; renewal_contract_unknown,named editions only; absence never negative,exact_normalized_display_name_and_series,research-2026-09-28-v1,2026-09-28,"[""role_d5521bc56eacb377"",""role_53eac96e7678ff7a""]",,{}
recur_884f4f701054b14d,org_986051385feae5b9,series_2ffc5b3a9dc66fc2,evt_2f5a7f654cc3781d,evt_095fb499a803def2,repeat_listing; renewal_contract_unknown,named editions only; absence never negative,exact_normalized_display_name_and_series,research-2026-09-28-v1,2026-09-28,"[""role_53eac96e7678ff7a"",""role_20a518c257a6c968""]",,{}
recur_4a9024da03002653,org_19dd31ffd7bb951a,series_2ffc5b3a9dc66fc2,evt_f483ad3b81f46644,evt_b7c57b9d55e12e77,repeat_listing; renewal_contract_unknown,named editions only; absence never negative,exact_normalized_display_name_and_series,research-2026-09-28-v1,2026-09-28,"[""role_39dfd4466e21233f"",""role_e373ee011cb61078""]",,{}
recur_bb3a55407d3d200e,org_19dd31ffd7bb951a,series_2ffc5b3a9dc66fc2,evt_b7c57b9d55e12e77,evt_2f5a7f654cc3781d,repeat_listing; renewal_contract_unknown,named editions only; absence never negative,exact_normalized_display_name_and_series,research-2026-09-28-v1,2026-09-28,"[""role_e373ee011cb61078"",""role_64bb92c502de9259""]",,{}
recur_6c24fa5d07675d18,org_4458f786505ab7bb,series_2ffc5b3a9dc66fc2,evt_f483ad3b81f46644,evt_b7c57b9d55e12e77,repeat_listing; renewal_contract_unknown,named editions only; absence never negative,exact_normalized_display_name_and_series,research-2026-09-28-v1,2026-09-28,"[""role_078dd42d46a26963"",""role_8acfdd91fa4d3216""]",,{}
recur_a86e0ce1e1fb2677,org_c723ccd1e1a6eb20,series_2ffc5b3a9dc66fc2,evt_f483ad3b81f46644,evt_b7c57b9d55e12e77,repeat_listing; renewal_contract_unknown,named editions only; absence never negative,exact_normalized_display_name_and_series,research-2026-09-28-v1,2026-09-28,"[""role_dc216c1dc7cbe590"",""role_a6891771892ffbf2""]",,{}
recur_79ed3098f51b4e95,org_1d772ffb5ed5f970,series_2ffc5b3a9dc66fc2,evt_f483ad3b81f46644,evt_b7c57b9d55e12e77,repeat_listing; renewal_contract_unknown,named editions only; absence never negative,exact_normalized_display_name_and_series,research-2026-09-28-v1,2026-09-28,"[""role_c8b551ff307e650a"",""role_26a7c880603288a0""]",,{}
recur_36c5e133979bb4ee,org_50bc66d8aae5ae90,series_2ffc5b3a9dc66fc2,evt_f483ad3b81f46644,evt_b7c57b9d55e12e77,repeat_listing; renewal_contract_unknown,named editions only; absence never negative,exact_normalized_display_name_and_series,research-2026-09-28-v1,2026-09-28,"[""role_2e591e1691c0f42c"",""role_a21dd8643d21926d""]",,{}
recur_06360711b24dc94e,org_50bc66d8aae5ae90,series_2ffc5b3a9dc66fc2,evt_b7c57b9d55e12e77,evt_2f5a7f654cc3781d,repeat_listing; renewal_contract_unknown,named editions only; absence never negative,exact_normalized_display_name_and_series,research-2026-09-28-v1,2026-09-28,"[""role_a21dd8643d21926d"",""role_9f86aa29a79cac02""]",,{}
recur_0bd1d1899827f65b,org_50bc66d8aae5ae90,series_2ffc5b3a9dc66fc2,evt_2f5a7f654cc3781d,evt_084faf6811b39ff7,repeat_listing; renewal_contract_unknown,named editions only; absence never negative,exact_normalized_display_name_and_series,research-2026-09-28-v1,2026-09-28,"[""role_9f86aa29a79cac02"",""role_2e0a227791a8a2f2""]",,{}
recur_f8dc5419557f2512,org_d9082bdcf7eaf584,series_2ffc5b3a9dc66fc2,evt_f483ad3b81f46644,evt_095fb499a803def2,repeat_listing; renewal_contract_unknown,named editions only; absence never negative,exact_normalized_display_name_and_series,research-2026-09-28-v1,2026-09-28,"[""role_9e11bb6ab60630f2"",""role_9e4cb3f1eb583334""]",,{}
recur_9e8b4f63d99ec581,org_93d59962b06d8e0f,series_2ffc5b3a9dc66fc2,evt_f483ad3b81f46644,evt_b7c57b9d55e12e77,repeat_listing; renewal_contract_unknown,named editions only; absence never negative,exact_normalized_display_name_and_series,research-2026-09-28-v1,2026-09-28,"[""role_d3c74a9a4e063ccf"",""role_d64df4ab2af7145c""]",,{}
recur_e6545d0e9d058816,org_93d59962b06d8e0f,series_2ffc5b3a9dc66fc2,evt_b7c57b9d55e12e77,evt_2f5a7f654cc3781d,repeat_listing; renewal_contract_unknown,named editions only; absence never negative,exact_normalized_display_name_and_series,research-2026-09-28-v1,2026-09-28,"[""role_d64df4ab2af7145c"",""role_159ce6c3e9d2e583""]",,{}
recur_4dd5ea57340ad3cd,org_93d59962b06d8e0f,series_2ffc5b3a9dc66fc2,evt_2f5a7f654cc3781d,evt_084faf6811b39ff7,repeat_listing; renewal_contract_unknown,named editions only; absence never negative,exact_normalized_display_name_and_series,research-2026-09-28-v1,2026-09-28,"[""role_159ce6c3e9d2e583"",""role_fb2b52cfcaab8c39""]",,{}
recur_1f6b66588990a5af,org_93d59962b06d8e0f,series_2ffc5b3a9dc66fc2,evt_084faf6811b39ff7,evt_095fb499a803def2,repeat_listing; renewal_contract_unknown,named editions only; absence never negative,exact_normalized_display_name_and_series,research-2026-09-28-v1,2026-09-28,"[""role_fb2b52cfcaab8c39"",""role_4293accd830f9114""]",,{}
recur_c2971c49c7081618,org_2d6c9f56bae05223,series_2ffc5b3a9dc66fc2,evt_f483ad3b81f46644,evt_b7c57b9d55e12e77,repeat_listing; renewal_contract_unknown,named editions only; absence never negative,exact_normalized_display_name_and_series,research-2026-09-28-v1,2026-09-28,"[""role_dbafdbd9600641dd"",""role_ab612ca79a54c57b""]",,{}
recur_c3dae00157b19dca,org_1e86eae524ed28f9,series_2ffc5b3a9dc66fc2,evt_f483ad3b81f46644,evt_b7c57b9d55e12e77,repeat_listing; renewal_contract_unknown,named editions only; absence never negative,exact_normalized_display_name_and_series,research-2026-09-28-v1,2026-09-28,"[""role_19535f4c355f97f9"",""role_96e5c28b5500d8c2""]",,{}
recur_44819e1929ba9176,org_1e86eae524ed28f9,series_2ffc5b3a9dc66fc2,evt_b7c57b9d55e12e77,evt_2f5a7f654cc3781d,repeat_listing; renewal_contract_unknown,named editions only; absence never negative,exact_normalized_display_name_and_series,research-2026-09-28-v1,2026-09-28,"[""role_96e5c28b5500d8c2"",""role_8b22656d4a477aa0""]",,{}
recur_8942bc84a36ce99a,org_1e86eae524ed28f9,series_2ffc5b3a9dc66fc2,evt_2f5a7f654cc3781d,evt_084faf6811b39ff7,repeat_listing; renewal_contract_unknown,named editions only; absence never negative,exact_normalized_display_name_and_series,research-2026-09-28-v1,2026-09-28,"[""role_8b22656d4a477aa0"",""role_b64a52c782d2d449""]",,{}
recur_9031aa56ec04df8e,org_1e86eae524ed28f9,series_2ffc5b3a9dc66fc2,evt_084faf6811b39ff7,evt_095fb499a803def2,repeat_listing; renewal_contract_unknown,named editions only; absence never negative,exact_normalized_display_name_and_series,research-2026-09-28-v1,2026-09-28,"[""role_b64a52c782d2d449"",""role_110e1f3a24441bb2""]",,{}
recur_6e943d22a949bde4,org_13ed070478ef62c3,series_2ffc5b3a9dc66fc2,evt_f483ad3b81f46644,evt_b7c57b9d55e12e77,repeat_listing; renewal_contract_unknown,named editions only; absence never negative,exact_normalized_display_name_and_series,research-2026-09-28-v1,2026-09-28,"[""role_c8647ecd3d7ba2a1"",""role_5410ca770a63dc80""]",,{}
recur_f9831daad7d31aa1,org_13ed070478ef62c3,series_2ffc5b3a9dc66fc2,evt_b7c57b9d55e12e77,evt_2f5a7f654cc3781d,repeat_listing; renewal_contract_unknown,named editions only; absence never negative,exact_normalized_display_name_and_series,research-2026-09-28-v1,2026-09-28,"[""role_5410ca770a63dc80"",""role_68505e9f3f8b5ecf""]",,{}
recur_589b425eac69b9f9,org_f96e1cd338ed25c1,series_2ffc5b3a9dc66fc2,evt_f483ad3b81f46644,evt_b7c57b9d55e12e77,repeat_listing; renewal_contract_unknown,named editions only; absence never negative,exact_normalized_display_name_and_series,research-2026-09-28-v1,2026-09-28,"[""role_b077ae4d1261e58b"",""role_146331298d99e404""]",,{}
recur_2789dec2609de3e1,org_89d01c9ba73cb5c4,series_2ffc5b3a9dc66fc2,evt_f483ad3b81f46644,evt_2f5a7f654cc3781d,repeat_listing; renewal_contract_unknown,named editions only; absence never negative,exact_normalized_display_name_and_series,research-2026-09-28-v1,2026-09-28,"[""role_74613faa03d57dc8"",""role_2e6e7d49974e4802""]",,{}
recur_f6a82a7da4c7732b,org_c629c048fbb93653,series_2ffc5b3a9dc66fc2,evt_f483ad3b81f46644,evt_b7c57b9d55e12e77,repeat_listing; renewal_contract_unknown,named editions only; absence never negative,exact_normalized_display_name_and_series,research-2026-09-28-v1,2026-09-28,"[""role_190cf5f0c870d881"",""role_611355a3c54072d5""]",,{}
recur_69c06b1d07f9d4d1,org_c629c048fbb93653,series_2ffc5b3a9dc66fc2,evt_b7c57b9d55e12e77,evt_2f5a7f654cc3781d,repeat_listing; renewal_contract_unknown,named editions only; absence never negative,exact_normalized_display_name_and_series,research-2026-09-28-v1,2026-09-28,"[""role_611355a3c54072d5"",""role_992c42a33edffbbd""]",,{}
recur_abfde8684f0d6361,org_c629c048fbb93653,series_2ffc5b3a9dc66fc2,evt_2f5a7f654cc3781d,evt_084faf6811b39ff7,repeat_listing; renewal_contract_unknown,named editions only; absence never negative,exact_normalized_display_name_and_series,research-2026-09-28-v1,2026-09-28,"[""role_992c42a33edffbbd"",""role_bd16eeec723537af""]",,{}
recur_dcb75b9dc16026cf,org_c629c048fbb93653,series_2ffc5b3a9dc66fc2,evt_084faf6811b39ff7,evt_095fb499a803def2,repeat_listing; renewal_contract_unknown,named editions only; absence never negative,exact_normalized_display_name_and_series,research-2026-09-28-v1,2026-09-28,"[""role_bd16eeec723537af"",""role_d66846cde6e2085e""]",,{}
recur_3ca35901c6e2234e,org_1dd7fa803674c56e,series_2ffc5b3a9dc66fc2,evt_f483ad3b81f46644,evt_b7c57b9d55e12e77,repeat_listing; renewal_contract_unknown,named editions only; absence never negative,exact_normalized_display_name_and_series,research-2026-09-28-v1,2026-09-28,"[""role_d003dff698dbbad5"",""role_5ce1077e4fc595f0""]",,{}
recur_4e456613aa9fe97d,org_067e837f5e319f9b,series_2ffc5b3a9dc66fc2,evt_f483ad3b81f46644,evt_b7c57b9d55e12e77,repeat_listing; renewal_contract_unknown,named editions only; absence never negative,exact_normalized_display_name_and_series,research-2026-09-28-v1,2026-09-28,"[""role_88cc3891ed29abfc"",""role_e81f6df056d27674""]",,{}
recur_19c3f668da4894e4,org_031ac995a40ff061,series_2ffc5b3a9dc66fc2,evt_f483ad3b81f46644,evt_b7c57b9d55e12e77,repeat_listing; renewal_contract_unknown,named editions only; absence never negative,exact_normalized_display_name_and_series,research-2026-09-28-v1,2026-09-28,"[""role_bf24ae3233cd8e2b"",""role_0bfeb65bf8ee7de7""]",,{}
recur_c1ceebac3439ae3e,org_332668ef885f84aa,series_2ffc5b3a9dc66fc2,evt_f483ad3b81f46644,evt_b7c57b9d55e12e77,repeat_listing; renewal_contract_unknown,named editions only; absence never negative,exact_normalized_display_name_and_series,research-2026-09-28-v1,2026-09-28,"[""role_a89f8001f76732e5"",""role_59ef4896656b2d30""]",,{}
recur_699179f6958cc939,org_bb3ff901cf098794,series_2ffc5b3a9dc66fc2,evt_f483ad3b81f46644,evt_b7c57b9d55e12e77,repeat_listing; renewal_contract_unknown,named editions only; absence never negative,exact_normalized_display_name_and_series,research-2026-09-28-v1,2026-09-28,"[""role_6380e24956679f9e"",""role_59c62b2c1f007e41""]",,{}
recur_118cd3ee04f8136d,org_bb3ff901cf098794,series_2ffc5b3a9dc66fc2,evt_b7c57b9d55e12e77,evt_2f5a7f654cc3781d,repeat_listing; renewal_contract_unknown,named editions only; absence never negative,exact_normalized_display_name_and_series,research-2026-09-28-v1,2026-09-28,"[""role_59c62b2c1f007e41"",""role_4ad9066ef2159081""]",,{}
recur_cede00bdbf35efa4,org_bb3ff901cf098794,series_2ffc5b3a9dc66fc2,evt_2f5a7f654cc3781d,evt_084faf6811b39ff7,repeat_listing; renewal_contract_unknown,named editions only; absence never negative,exact_normalized_display_name_and_series,research-2026-09-28-v1,2026-09-28,"[""role_4ad9066ef2159081"",""role_7b87347bbae8b0bb""]",,{}
recur_65788e295ae6d8d1,org_fff54f474949593e,series_2ffc5b3a9dc66fc2,evt_b7c57b9d55e12e77,evt_2f5a7f654cc3781d,repeat_listing; renewal_contract_unknown,named editions only; absence never negative,exact_normalized_display_name_and_series,research-2026-09-28-v1,2026-09-28,"[""role_4ac4005a65da2883"",""role_195ff07e8a6a1ac7""]",,{}
recur_58200e716cb3776c,org_fff54f474949593e,series_2ffc5b3a9dc66fc2,evt_2f5a7f654cc3781d,evt_084faf6811b39ff7,repeat_listing; renewal_contract_unknown,named editions only; absence never negative,exact_normalized_display_name_and_series,research-2026-09-28-v1,2026-09-28,"[""role_195ff07e8a6a1ac7"",""role_7638e171378b0e7f""]",,{}
recur_6df2ad93ef8fd600,org_fff54f474949593e,series_2ffc5b3a9dc66fc2,evt_084faf6811b39ff7,evt_095fb499a803def2,repeat_listing; renewal_contract_unknown,named editions only; absence never negative,exact_normalized_display_name_and_series,research-2026-09-28-v1,2026-09-28,"[""role_7638e171378b0e7f"",""role_74be27e82e9bb70b""]",,{}
recur_183f41ad72e63d23,org_71cb02ed8285bbc0,series_2ffc5b3a9dc66fc2,evt_b7c57b9d55e12e77,evt_2f5a7f654cc3781d,repeat_listing; renewal_contract_unknown,named editions only; absence never negative,exact_normalized_display_name_and_series,research-2026-09-28-v1,2026-09-28,"[""role_b939b581a09298a1"",""role_184de4fd359a8132""]",,{}
recur_2e7b1854c8eef18e,org_e4540a7c8404b1be,series_2ffc5b3a9dc66fc2,evt_b7c57b9d55e12e77,evt_2f5a7f654cc3781d,repeat_listing; renewal_contract_unknown,named editions only; absence never negative,exact_normalized_display_name_and_series,research-2026-09-28-v1,2026-09-28,"[""role_c39dccc8f21f500c"",""role_186367ebb3290339""]",,{}
recur_5c0974287206b41d,org_e4540a7c8404b1be,series_2ffc5b3a9dc66fc2,evt_2f5a7f654cc3781d,evt_084faf6811b39ff7,repeat_listing; renewal_contract_unknown,named editions only; absence never negative,exact_normalized_display_name_and_series,research-2026-09-28-v1,2026-09-28,"[""role_186367ebb3290339"",""role_3bb2ffc3b1936fda""]",,{}
recur_95e84d19b082d118,org_e4540a7c8404b1be,series_2ffc5b3a9dc66fc2,evt_084faf6811b39ff7,evt_095fb499a803def2,repeat_listing; renewal_contract_unknown,named editions only; absence never negative,exact_normalized_display_name_and_series,research-2026-09-28-v1,2026-09-28,"[""role_3bb2ffc3b1936fda"",""role_86d6357deff0894e""]",,{}
recur_98c3f726932e4e75,org_4d8bd97f03109ac1,series_2ffc5b3a9dc66fc2,evt_b7c57b9d55e12e77,evt_2f5a7f654cc3781d,repeat_listing; renewal_contract_unknown,named editions only; absence never negative,exact_normalized_display_name_and_series,research-2026-09-28-v1,2026-09-28,"[""role_b0ed182646966adb"",""role_e78476be2a852177""]",,{}
recur_3baa36b7a47cb532,org_4d8bd97f03109ac1,series_2ffc5b3a9dc66fc2,evt_2f5a7f654cc3781d,evt_084faf6811b39ff7,repeat_listing; renewal_contract_unknown,named editions only; absence never negative,exact_normalized_display_name_and_series,research-2026-09-28-v1,2026-09-28,"[""role_e78476be2a852177"",""role_f5389a5075ad8d0d""]",,{}
recur_95f5a15016399410,org_a6158572ac986721,series_2ffc5b3a9dc66fc2,evt_b7c57b9d55e12e77,evt_2f5a7f654cc3781d,repeat_listing; renewal_contract_unknown,named editions only; absence never negative,exact_normalized_display_name_and_series,research-2026-09-28-v1,2026-09-28,"[""role_77ae5f0e8d635184"",""role_f3cd140cb0c57ce0""]",,{}
recur_1694b098b9ca223e,org_a6158572ac986721,series_2ffc5b3a9dc66fc2,evt_2f5a7f654cc3781d,evt_084faf6811b39ff7,repeat_listing; renewal_contract_unknown,named editions only; absence never negative,exact_normalized_display_name_and_series,research-2026-09-28-v1,2026-09-28,"[""role_f3cd140cb0c57ce0"",""role_e34e3d1152e82ef0""]",,{}
recur_ed34a0efe427b3be,org_bffa48eb238c593b,series_2ffc5b3a9dc66fc2,evt_b7c57b9d55e12e77,evt_2f5a7f654cc3781d,repeat_listing; renewal_contract_unknown,named editions only; absence never negative,exact_normalized_display_name_and_series,research-2026-09-28-v1,2026-09-28,"[""role_eb93e0a2a31b7303"",""role_12cd74bea60e818a""]",,{}
recur_d957e1a719275ec6,org_bffa48eb238c593b,series_2ffc5b3a9dc66fc2,evt_2f5a7f654cc3781d,evt_084faf6811b39ff7,repeat_listing; renewal_contract_unknown,named editions only; absence never negative,exact_normalized_display_name_and_series,research-2026-09-28-v1,2026-09-28,"[""role_12cd74bea60e818a"",""role_7704608d83d987f8""]",,{}
recur_712f44fcb9243c12,org_bffa48eb238c593b,series_2ffc5b3a9dc66fc2,evt_084faf6811b39ff7,evt_095fb499a803def2,repeat_listing; renewal_contract_unknown,named editions only; absence never negative,exact_normalized_display_name_and_series,research-2026-09-28-v1,2026-09-28,"[""role_7704608d83d987f8"",""role_e4bd9975bd5a464b""]",,{}
recur_f693cb29ee5cd7b4,org_b17a3bcc21f120a7,series_2ffc5b3a9dc66fc2,evt_b7c57b9d55e12e77,evt_2f5a7f654cc3781d,repeat_listing; renewal_contract_unknown,named editions only; absence never negative,exact_normalized_display_name_and_series,research-2026-09-28-v1,2026-09-28,"[""role_0101565852948dc2"",""role_e711996b2f859617""]",,{}
recur_e44737124db0218c,org_5a0732b8ea1c3aad,series_2ffc5b3a9dc66fc2,evt_b7c57b9d55e12e77,evt_2f5a7f654cc3781d,repeat_listing; renewal_contract_unknown,named editions only; absence never negative,exact_normalized_display_name_and_series,research-2026-09-28-v1,2026-09-28,"[""role_60e6c3201ee1270e"",""role_1c5adcd17df7f692""]",,{}
recur_de040368adc60d13,org_f68ae76006d5e2a5,series_2ffc5b3a9dc66fc2,evt_b7c57b9d55e12e77,evt_2f5a7f654cc3781d,repeat_listing; renewal_contract_unknown,named editions only; absence never negative,exact_normalized_display_name_and_series,research-2026-09-28-v1,2026-09-28,"[""role_831ebdf1ac7fc8d0"",""role_3f1c6c423b8a46c5""]",,{}
recur_d15a538598d6ce94,org_f68ae76006d5e2a5,series_2ffc5b3a9dc66fc2,evt_2f5a7f654cc3781d,evt_084faf6811b39ff7,repeat_listing; renewal_contract_unknown,named editions only; absence never negative,exact_normalized_display_name_and_series,research-2026-09-28-v1,2026-09-28,"[""role_3f1c6c423b8a46c5"",""role_a106d0eb067bc7ee""]",,{}
recur_72392b2b7ff5fc27,org_0f214b80de91c060,series_2ffc5b3a9dc66fc2,evt_2f5a7f654cc3781d,evt_084faf6811b39ff7,repeat_listing; renewal_contract_unknown,named editions only; absence never negative,exact_normalized_display_name_and_series,research-2026-09-28-v1,2026-09-28,"[""role_bcb0086bd2217ef3"",""role_ae82c0b4ea7a87e4""]",,{}
recur_ac2d2c7edafcbe52,org_0f214b80de91c060,series_2ffc5b3a9dc66fc2,evt_084faf6811b39ff7,evt_095fb499a803def2,repeat_listing; renewal_contract_unknown,named editions only; absence never negative,exact_normalized_display_name_and_series,research-2026-09-28-v1,2026-09-28,"[""role_ae82c0b4ea7a87e4"",""role_dd6dab632e40fb8d""]",,{}
recur_dd94867e5a534b90,org_4202df23a0dc9b38,series_2ffc5b3a9dc66fc2,evt_2f5a7f654cc3781d,evt_084faf6811b39ff7,repeat_listing; renewal_contract_unknown,named editions only; absence never negative,exact_normalized_display_name_and_series,research-2026-09-28-v1,2026-09-28,"[""role_da95a373c59b2975"",""role_7cd324177fb15569""]",,{}
recur_c8a27372b0acfe07,org_4202df23a0dc9b38,series_2ffc5b3a9dc66fc2,evt_084faf6811b39ff7,evt_095fb499a803def2,repeat_listing; renewal_contract_unknown,named editions only; absence never negative,exact_normalized_display_name_and_series,research-2026-09-28-v1,2026-09-28,"[""role_7cd324177fb15569"",""role_8f02a1f97c206a05""]",,{}
recur_f71cec5c222e4292,org_066b5b5ad80702e1,series_2ffc5b3a9dc66fc2,evt_2f5a7f654cc3781d,evt_084faf6811b39ff7,repeat_listing; renewal_contract_unknown,named editions only; absence never negative,exact_normalized_display_name_and_series,research-2026-09-28-v1,2026-09-28,"[""role_a009aa2ac376dba1"",""role_7c770b464e9fa376""]",,{}
recur_d3820648af3762fe,org_1cc9a79bdaf09793,series_2ffc5b3a9dc66fc2,evt_2f5a7f654cc3781d,evt_084faf6811b39ff7,repeat_listing; renewal_contract_unknown,named editions only; absence never negative,exact_normalized_display_name_and_series,research-2026-09-28-v1,2026-09-28,"[""role_fac0aa09449e4fdf"",""role_291b116a0699b8c5""]",,{}
recur_0478dca0aca53b68,org_df8e966c94469b23,series_2ffc5b3a9dc66fc2,evt_2f5a7f654cc3781d,evt_084faf6811b39ff7,repeat_listing; renewal_contract_unknown,named editions only; absence never negative,exact_normalized_display_name_and_series,research-2026-09-28-v1,2026-09-28,"[""role_9071a924da5b22aa"",""role_1bd9378365db80f5""]",,{}
recur_c0bb22084a24ef13,org_6366233f6ef38437,series_2ffc5b3a9dc66fc2,evt_2f5a7f654cc3781d,evt_095fb499a803def2,repeat_listing; renewal_contract_unknown,named editions only; absence never negative,exact_normalized_display_name_and_series,research-2026-09-28-v1,2026-09-28,"[""role_111715b9ce9e34ef"",""role_b106d9c9bb1a4c05""]",,{}
recur_9bc25ef7c9fc5cfd,org_2f9bbb1bdf86d55d,series_2ffc5b3a9dc66fc2,evt_2f5a7f654cc3781d,evt_084faf6811b39ff7,repeat_listing; renewal_contract_unknown,named editions only; absence never negative,exact_normalized_display_name_and_series,research-2026-09-28-v1,2026-09-28,"[""role_9d1b0337c7ede122"",""role_b584464b913cbaa3""]",,{}
recur_658326d871dad70f,org_2f9bbb1bdf86d55d,series_2ffc5b3a9dc66fc2,evt_084faf6811b39ff7,evt_095fb499a803def2,repeat_listing; renewal_contract_unknown,named editions only; absence never negative,exact_normalized_display_name_and_series,research-2026-09-28-v1,2026-09-28,"[""role_b584464b913cbaa3"",""role_1260da1a5f2502f5""]",,{}
recur_28c8d415f6e68b57,org_738e22f0acab814c,series_2ffc5b3a9dc66fc2,evt_2f5a7f654cc3781d,evt_095fb499a803def2,repeat_listing; renewal_contract_unknown,named editions only; absence never negative,exact_normalized_display_name_and_series,research-2026-09-28-v1,2026-09-28,"[""role_4ff338ddac86e2b8"",""role_4758f38cbfb5039a""]",,{}
recur_0f35935dc1eb27f4,org_2e9f768344ff39ac,series_2ffc5b3a9dc66fc2,evt_2f5a7f654cc3781d,evt_084faf6811b39ff7,repeat_listing; renewal_contract_unknown,named editions only; absence never negative,exact_normalized_display_name_and_series,research-2026-09-28-v1,2026-09-28,"[""role_18e4a82de9331fc3"",""role_e50529c4458d5ea8""]",,{}
recur_d12dfa5bef1801c0,org_2e9f768344ff39ac,series_2ffc5b3a9dc66fc2,evt_084faf6811b39ff7,evt_095fb499a803def2,repeat_listing; renewal_contract_unknown,named editions only; absence never negative,exact_normalized_display_name_and_series,research-2026-09-28-v1,2026-09-28,"[""role_e50529c4458d5ea8"",""role_0df2fd3cdd899893""]",,{}
recur_091e84b6c22da250,org_6f348ef7bc564637,series_2ffc5b3a9dc66fc2,evt_084faf6811b39ff7,evt_095fb499a803def2,repeat_listing; renewal_contract_unknown,named editions only; absence never negative,exact_normalized_display_name_and_series,research-2026-09-28-v1,2026-09-28,"[""role_72bce2d816c765b9"",""role_e1ab33035faed5c2""]",,{}
recur_63bd7ab34f79c95e,org_ab8a2c59b7a5aab0,series_2ffc5b3a9dc66fc2,evt_084faf6811b39ff7,evt_095fb499a803def2,repeat_listing; renewal_contract_unknown,named editions only; absence never negative,exact_normalized_display_name_and_series,research-2026-09-28-v1,2026-09-28,"[""role_ec9b15005d4a8db5"",""role_7119592466cb2b07""]",,{}
recur_53f4289ec76e61c6,org_f7c640a5d8ec7e07,series_2ffc5b3a9dc66fc2,evt_084faf6811b39ff7,evt_095fb499a803def2,repeat_listing; renewal_contract_unknown,named editions only; absence never negative,exact_normalized_display_name_and_series,research-2026-09-28-v1,2026-09-28,"[""role_f95f187923e81f4e"",""role_9d0cca5fb674bd55""]",,{}
recur_dd56e727f8eac84b,org_9e6d67222e41669b,series_2ffc5b3a9dc66fc2,evt_084faf6811b39ff7,evt_095fb499a803def2,repeat_listing; renewal_contract_unknown,named editions only; absence never negative,exact_normalized_display_name_and_series,research-2026-09-28-v1,2026-09-28,"[""role_d299f14db0f5da75"",""role_b93325c4f045faa3""]",,{}
recur_ea9f0dae43d57cc0,org_efef66d3c8c24b75,series_2ffc5b3a9dc66fc2,evt_084faf6811b39ff7,evt_095fb499a803def2,repeat_listing; renewal_contract_unknown,named editions only; absence never negative,exact_normalized_display_name_and_series,research-2026-09-28-v1,2026-09-28,"[""role_d43037b6b29a025c"",""role_545ec27a9d35ba99""]",,{}
recur_b51d5c440c4dd06a,org_ef2a33c946942c1a,series_2ffc5b3a9dc66fc2,evt_084faf6811b39ff7,evt_095fb499a803def2,repeat_listing; renewal_contract_unknown,named editions only; absence never negative,exact_normalized_display_name_and_series,research-2026-09-28-v1,2026-09-28,"[""role_b3ff56d03936379e"",""role_de8534843599ae42""]",,{}
recur_b4ab7c8e8082ba58,org_68323c1446f37e1a,series_2ffc5b3a9dc66fc2,evt_084faf6811b39ff7,evt_095fb499a803def2,repeat_listing; renewal_contract_unknown,named editions only; absence never negative,exact_normalized_display_name_and_series,research-2026-09-28-v1,2026-09-28,"[""role_34d9ef6591fa78d0"",""role_dd0a2e1e24d170b1""]",,{}
recur_f86eca243eed8c8b,org_b649d599b84fedef,series_2ffc5b3a9dc66fc2,evt_084faf6811b39ff7,evt_095fb499a803def2,repeat_listing; renewal_contract_unknown,named editions only; absence never negative,exact_normalized_display_name_and_series,research-2026-09-28-v1,2026-09-28,"[""role_27d5dda54e5e52be"",""role_d42b2f3d84db7f7e""]",,{}
recur_2dfc881941082991,org_dd71f579bce44b7d,series_2ffc5b3a9dc66fc2,evt_084faf6811b39ff7,evt_095fb499a803def2,repeat_listing; renewal_contract_unknown,named editions only; absence never negative,exact_normalized_display_name_and_series,research-2026-09-28-v1,2026-09-28,"[""role_7328de6943ecdba0"",""role_5e1730b4e3456947""]",,{}
