term_id,category,term,definition,parent,synonyms_json,language,version,extra_json,missing_reasons_json
term_5a0b77bb07776502,format,hybrid_trade_fair,Clasificación operacional del investigador; no segmentación comercial validada.,,,en,research-2026-09-28-v1,,"{""parent"":""not_found_in_consulted_sources"",""synonyms_json"":""not_found_in_consulted_sources""}"
term_b5ce18ee61f28243,sector,publishing_and_literature,Clasificación operacional del investigador; no segmentación comercial validada.,,,en,research-2026-09-28-v1,,"{""parent"":""not_found_in_consulted_sources"",""synonyms_json"":""not_found_in_consulted_sources""}"
term_b3026c0c33dead74,format,trade_fair_and_literary_festival,Clasificación operacional del investigador; no segmentación comercial validada.,,,en,research-2026-09-28-v1,,"{""parent"":""not_found_in_consulted_sources"",""synonyms_json"":""not_found_in_consulted_sources""}"
term_706846269702ec65,format,film_festival,Clasificación operacional del investigador; no segmentación comercial validada.,,,en,research-2026-09-28-v1,,"{""parent"":""not_found_in_consulted_sources"",""synonyms_json"":""not_found_in_consulted_sources""}"
term_fa983086043c8b30,sector,film_and_audiovisual,Clasificación operacional del investigador; no segmentación comercial validada.,,,en,research-2026-09-28-v1,,"{""parent"":""not_found_in_consulted_sources"",""synonyms_json"":""not_found_in_consulted_sources""}"
term_915a7e39300ade6e,format,meetup,Clasificación operacional del investigador; no segmentación comercial validada.,,,en,research-2026-09-28-v1,,"{""parent"":""not_found_in_consulted_sources"",""synonyms_json"":""not_found_in_consulted_sources""}"
term_7431ec6d50ee48d7,sector,blockchain,Clasificación operacional del investigador; no segmentación comercial validada.,,,en,research-2026-09-28-v1,,"{""parent"":""not_found_in_consulted_sources"",""synonyms_json"":""not_found_in_consulted_sources""}"
term_532eb8d033169181,format,workshop,Clasificación operacional del investigador; no segmentación comercial validada.,,,en,research-2026-09-28-v1,,"{""parent"":""not_found_in_consulted_sources"",""synonyms_json"":""not_found_in_consulted_sources""}"
term_cafc8ef04f840ed9,sector,artificial_intelligence,Clasificación operacional del investigador; no segmentación comercial validada.,,,en,research-2026-09-28-v1,,"{""parent"":""not_found_in_consulted_sources"",""synonyms_json"":""not_found_in_consulted_sources""}"
term_961d419e3915f36b,format,industry_networking,Clasificación operacional del investigador; no segmentación comercial validada.,,,en,research-2026-09-28-v1,,"{""parent"":""not_found_in_consulted_sources"",""synonyms_json"":""not_found_in_consulted_sources""}"
term_70a0f197d6b1edfc,sector,retail,Clasificación operacional del investigador; no segmentación comercial validada.,,,en,research-2026-09-28-v1,,"{""parent"":""not_found_in_consulted_sources"",""synonyms_json"":""not_found_in_consulted_sources""}"
term_d9fbdaf5aec16173,sector,culture,Clasificación operacional del investigador; no segmentación comercial validada.,,,en,research-2026-09-28-v1,,"{""parent"":""not_found_in_consulted_sources"",""synonyms_json"":""not_found_in_consulted_sources""}"
term_2d555b811623f730,sector,arts,Clasificación operacional del investigador; no segmentación comercial validada.,,,en,research-2026-09-28-v1,,"{""parent"":""not_found_in_consulted_sources"",""synonyms_json"":""not_found_in_consulted_sources""}"
term_87db4736a6bfff10,format,course,Clasificación operacional del investigador; no segmentación comercial validada.,,,en,research-2026-09-28-v1,,"{""parent"":""not_found_in_consulted_sources"",""synonyms_json"":""not_found_in_consulted_sources""}"
term_ca9b051cdbd166c2,sector,humanities,Clasificación operacional del investigador; no segmentación comercial validada.,,,en,research-2026-09-28-v1,,"{""parent"":""not_found_in_consulted_sources"",""synonyms_json"":""not_found_in_consulted_sources""}"
term_4d7c9551d8a3f272,format,sports_race,Clasificación operacional del investigador; no segmentación comercial validada.,,,en,research-2026-09-28-v1,,"{""parent"":""not_found_in_consulted_sources"",""synonyms_json"":""not_found_in_consulted_sources""}"
term_bcc1ccc256af0d3f,sector,sports,Clasificación operacional del investigador; no segmentación comercial validada.,,,en,research-2026-09-28-v1,,"{""parent"":""not_found_in_consulted_sources"",""synonyms_json"":""not_found_in_consulted_sources""}"
term_dda5c9ac8dc6c714,format,film_screening,Clasificación operacional del investigador; no segmentación comercial validada.,,,en,research-2026-09-28-v1,,"{""parent"":""not_found_in_consulted_sources"",""synonyms_json"":""not_found_in_consulted_sources""}"
term_221df589403fab93,format,literary_meetup,Clasificación operacional del investigador; no segmentación comercial validada.,,,en,research-2026-09-28-v1,,"{""parent"":""not_found_in_consulted_sources"",""synonyms_json"":""not_found_in_consulted_sources""}"
term_93b3a8587ed483c8,format,community_meetup,Clasificación operacional del investigador; no segmentación comercial validada.,,,en,research-2026-09-28-v1,,"{""parent"":""not_found_in_consulted_sources"",""synonyms_json"":""not_found_in_consulted_sources""}"
term_0f71b9591a97fdcc,sector,language_and_culture,Clasificación operacional del investigador; no segmentación comercial validada.,,,en,research-2026-09-28-v1,,"{""parent"":""not_found_in_consulted_sources"",""synonyms_json"":""not_found_in_consulted_sources""}"
term_f226fc9cc765224c,format,academic_celebration,Clasificación operacional del investigador; no segmentación comercial validada.,,,en,research-2026-09-28-v1,,"{""parent"":""not_found_in_consulted_sources"",""synonyms_json"":""not_found_in_consulted_sources""}"
term_8dc7c39f8b6f7891,sector,higher_education,Clasificación operacional del investigador; no segmentación comercial validada.,,,en,research-2026-09-28-v1,,"{""parent"":""not_found_in_consulted_sources"",""synonyms_json"":""not_found_in_consulted_sources""}"
term_c0c886c76b1a965f,format,online_workshop,Clasificación operacional del investigador; no segmentación comercial validada.,,,en,research-2026-09-28-v1,,"{""parent"":""not_found_in_consulted_sources"",""synonyms_json"":""not_found_in_consulted_sources""}"
term_4154925ce62df4cb,sector,education,Clasificación operacional del investigador; no segmentación comercial validada.,,,en,research-2026-09-28-v1,,"{""parent"":""not_found_in_consulted_sources"",""synonyms_json"":""not_found_in_consulted_sources""}"
term_d808647a871b1a4c,format,research_seminar,Clasificación operacional del investigador; no segmentación comercial validada.,,,en,research-2026-09-28-v1,,"{""parent"":""not_found_in_consulted_sources"",""synonyms_json"":""not_found_in_consulted_sources""}"
term_f3cede74380d871e,sector,cancer_research,Clasificación operacional del investigador; no segmentación comercial validada.,,,en,research-2026-09-28-v1,,"{""parent"":""not_found_in_consulted_sources"",""synonyms_json"":""not_found_in_consulted_sources""}"
term_f79e323f38ec3f80,format,seminar,Clasificación operacional del investigador; no segmentación comercial validada.,,,en,research-2026-09-28-v1,,"{""parent"":""not_found_in_consulted_sources"",""synonyms_json"":""not_found_in_consulted_sources""}"
term_892808a05e99f3ff,sector,intellectual_property,Clasificación operacional del investigador; no segmentación comercial validada.,,,en,research-2026-09-28-v1,,"{""parent"":""not_found_in_consulted_sources"",""synonyms_json"":""not_found_in_consulted_sources""}"
term_272b4b6ec2a0e2c5,format,community_party,Clasificación operacional del investigador; no segmentación comercial validada.,,,en,research-2026-09-28-v1,,"{""parent"":""not_found_in_consulted_sources"",""synonyms_json"":""not_found_in_consulted_sources""}"
term_9bb4df953ca5ba66,sector,arts_and_community,Clasificación operacional del investigador; no segmentación comercial validada.,,,en,research-2026-09-28-v1,,"{""parent"":""not_found_in_consulted_sources"",""synonyms_json"":""not_found_in_consulted_sources""}"
term_bad7da9880451e3a,format,alumni_networking,Clasificación operacional del investigador; no segmentación comercial validada.,,,en,research-2026-09-28-v1,,"{""parent"":""not_found_in_consulted_sources"",""synonyms_json"":""not_found_in_consulted_sources""}"
term_233462d496c8fc2e,sector,professional_community,Clasificación operacional del investigador; no segmentación comercial validada.,,,en,research-2026-09-28-v1,,"{""parent"":""not_found_in_consulted_sources"",""synonyms_json"":""not_found_in_consulted_sources""}"
term_6375812c7241efbb,format,entrepreneurship_workshop,Clasificación operacional del investigador; no segmentación comercial validada.,,,en,research-2026-09-28-v1,,"{""parent"":""not_found_in_consulted_sources"",""synonyms_json"":""not_found_in_consulted_sources""}"
term_618d9bee8de2b798,sector,entrepreneurship,Clasificación operacional del investigador; no segmentación comercial validada.,,,en,research-2026-09-28-v1,,"{""parent"":""not_found_in_consulted_sources"",""synonyms_json"":""not_found_in_consulted_sources""}"
term_f49e8c9725ec7e2e,sector,fashion_and_reuse,Clasificación operacional del investigador; no segmentación comercial validada.,,,en,research-2026-09-28-v1,,"{""parent"":""not_found_in_consulted_sources"",""synonyms_json"":""not_found_in_consulted_sources""}"
term_1bc2f54ecb3f0e4e,format,art_launch,Clasificación operacional del investigador; no segmentación comercial validada.,,,en,research-2026-09-28-v1,,"{""parent"":""not_found_in_consulted_sources"",""synonyms_json"":""not_found_in_consulted_sources""}"
term_257c8ad962808574,sector,art_and_blockchain,Clasificación operacional del investigador; no segmentación comercial validada.,,,en,research-2026-09-28-v1,,"{""parent"":""not_found_in_consulted_sources"",""synonyms_json"":""not_found_in_consulted_sources""}"
term_86bd97f7fa4ee244,format,filmmaking_workshop,Clasificación operacional del investigador; no segmentación comercial validada.,,,en,research-2026-09-28-v1,,"{""parent"":""not_found_in_consulted_sources"",""synonyms_json"":""not_found_in_consulted_sources""}"
term_e619b895b01beaad,sector,arts_education,Clasificación operacional del investigador; no segmentación comercial validada.,,,en,research-2026-09-28-v1,,"{""parent"":""not_found_in_consulted_sources"",""synonyms_json"":""not_found_in_consulted_sources""}"
term_fd19c4a395a9c816,format,art_installation_launch,Clasificación operacional del investigador; no segmentación comercial validada.,,,en,research-2026-09-28-v1,,"{""parent"":""not_found_in_consulted_sources"",""synonyms_json"":""not_found_in_consulted_sources""}"
term_732b30380a459b7d,format,hackathon,Clasificación operacional del investigador; no segmentación comercial validada.,,,en,research-2026-09-28-v1,,"{""parent"":""not_found_in_consulted_sources"",""synonyms_json"":""not_found_in_consulted_sources""}"
term_d157226e793ce7f4,sector,games_and_education,Clasificación operacional del investigador; no segmentación comercial validada.,,,en,research-2026-09-28-v1,,"{""parent"":""not_found_in_consulted_sources"",""synonyms_json"":""not_found_in_consulted_sources""}"
term_9bd299ed6a71ecf5,format,road_marathon,Clasificación operacional del investigador; no segmentación comercial validada.,,,en,research-2026-09-28-v1,,"{""parent"":""not_found_in_consulted_sources"",""synonyms_json"":""not_found_in_consulted_sources""}"
term_5beac21861699c41,format,wheelchair_marathon,Clasificación operacional del investigador; no segmentación comercial validada.,,,en,research-2026-09-28-v1,,"{""parent"":""not_found_in_consulted_sources"",""synonyms_json"":""not_found_in_consulted_sources""}"
term_eba426fb52c1d87f,format,city_cultural_festival,Clasificación operacional del investigador; no segmentación comercial validada.,,,en,research-2026-09-28-v1,,"{""parent"":""not_found_in_consulted_sources"",""synonyms_json"":""not_found_in_consulted_sources""}"
term_94c3900372134f95,format,performance,Clasificación operacional del investigador; no segmentación comercial validada.,,,en,research-2026-09-28-v1,,"{""parent"":""not_found_in_consulted_sources"",""synonyms_json"":""not_found_in_consulted_sources""}"
term_c6be16c0863b42cb,format,art_exhibition_opening,Clasificación operacional del investigador; no segmentación comercial validada.,,,en,research-2026-09-28-v1,,"{""parent"":""not_found_in_consulted_sources"",""synonyms_json"":""not_found_in_consulted_sources""}"
term_be64d6f539d6380c,format,wellness_workshop,Clasificación operacional del investigador; no segmentación comercial validada.,,,en,research-2026-09-28-v1,,"{""parent"":""not_found_in_consulted_sources"",""synonyms_json"":""not_found_in_consulted_sources""}"
term_aa9bfe790cdc45c4,sector,wellness_and_culture,Clasificación operacional del investigador; no segmentación comercial validada.,,,en,research-2026-09-28-v1,,"{""parent"":""not_found_in_consulted_sources"",""synonyms_json"":""not_found_in_consulted_sources""}"
term_3e7766cb7182518e,sector,environmental_documentary,Clasificación operacional del investigador; no segmentación comercial validada.,,,en,research-2026-09-28-v1,,"{""parent"":""not_found_in_consulted_sources"",""synonyms_json"":""not_found_in_consulted_sources""}"
term_c60b37ed70153c6e,format,workshop_and_public_conversation,Clasificación operacional del investigador; no segmentación comercial validada.,,,en,research-2026-09-28-v1,,"{""parent"":""not_found_in_consulted_sources"",""synonyms_json"":""not_found_in_consulted_sources""}"
term_742c54c4545964f4,sector,performing_arts,Clasificación operacional del investigador; no segmentación comercial validada.,,,en,research-2026-09-28-v1,,"{""parent"":""not_found_in_consulted_sources"",""synonyms_json"":""not_found_in_consulted_sources""}"
term_173132128dad8374,format,trade_fair,Clasificación operacional del investigador; no segmentación comercial validada.,,,en,research-2026-09-28-v1,,"{""parent"":""not_found_in_consulted_sources"",""synonyms_json"":""not_found_in_consulted_sources""}"
term_829a12ca5eb68f07,sector,logistics,Clasificación operacional del investigador; no segmentación comercial validada.,,,en,research-2026-09-28-v1,,"{""parent"":""not_found_in_consulted_sources"",""synonyms_json"":""not_found_in_consulted_sources""}"
term_cd036a9560b31b57,sector,industrial_automation,Clasificación operacional del investigador; no segmentación comercial validada.,,,en,research-2026-09-28-v1,,"{""parent"":""not_found_in_consulted_sources"",""synonyms_json"":""not_found_in_consulted_sources""}"
term_97ee99797ac6dd84,format,music_festival,Clasificación operacional del investigador; no segmentación comercial validada.,,,en,research-2026-09-28-v1,,"{""parent"":""not_found_in_consulted_sources"",""synonyms_json"":""not_found_in_consulted_sources""}"
term_2220cb7d28a0ded7,sector,music_consumer_brands,Clasificación operacional del investigador; no segmentación comercial validada.,,,en,research-2026-09-28-v1,,"{""parent"":""not_found_in_consulted_sources"",""synonyms_json"":""not_found_in_consulted_sources""}"
term_d799d4a87b2d2d40,format,brand_pop_up,Clasificación operacional del investigador; no segmentación comercial validada.,,,en,research-2026-09-28-v1,,"{""parent"":""not_found_in_consulted_sources"",""synonyms_json"":""not_found_in_consulted_sources""}"
term_35c226207352d130,sector,consumer_beverages,Clasificación operacional del investigador; no segmentación comercial validada.,,,en,research-2026-09-28-v1,,"{""parent"":""not_found_in_consulted_sources"",""synonyms_json"":""not_found_in_consulted_sources""}"
term_4138498323c2bb86,format,multi_sport_games,Clasificación operacional del investigador; no segmentación comercial validada.,,,en,research-2026-09-28-v1,,"{""parent"":""not_found_in_consulted_sources"",""synonyms_json"":""not_found_in_consulted_sources""}"
term_5c648cae0203b81b,sector,sports_travel_electronics,Clasificación operacional del investigador; no segmentación comercial validada.,,,en,research-2026-09-28-v1,,"{""parent"":""not_found_in_consulted_sources"",""synonyms_json"":""not_found_in_consulted_sources""}"
term_1958cdec8cf7378d,format,trade_show,Clasificación operacional del investigador; no segmentación comercial validada.,,,en,research-2026-09-28-v1,,"{""parent"":""not_found_in_consulted_sources"",""synonyms_json"":""not_found_in_consulted_sources""}"
term_89f659be57e23e12,sector,consumer_electronics_hvac_energy,Clasificación operacional del investigador; no segmentación comercial validada.,,,en,research-2026-09-28-v1,,"{""parent"":""not_found_in_consulted_sources"",""synonyms_json"":""not_found_in_consulted_sources""}"
term_e4ba664accbd0b0c,format,sports_tournament,Clasificación operacional del investigador; no segmentación comercial validada.,,,en,research-2026-09-28-v1,,"{""parent"":""not_found_in_consulted_sources"",""synonyms_json"":""not_found_in_consulted_sources""}"
term_3102bede4732c880,sector,sports_consumer_beverages,Clasificación operacional del investigador; no segmentación comercial validada.,,,en,research-2026-09-28-v1,,"{""parent"":""not_found_in_consulted_sources"",""synonyms_json"":""not_found_in_consulted_sources""}"
term_d3e490ad5456338a,format,conference,Clasificación operacional del investigador; no segmentación comercial validada.,,,en,research-2026-09-28-v1,,"{""parent"":""not_found_in_consulted_sources"",""synonyms_json"":""not_found_in_consulted_sources""}"
term_880bd5a07686b821,sector,software_python,Clasificación operacional del investigador; no segmentación comercial validada.,,,en,research-2026-09-28-v1,,"{""parent"":""not_found_in_consulted_sources"",""synonyms_json"":""not_found_in_consulted_sources""}"
