logical_table,physical_target,representation,foreign_reference_policy,history_policy,export_contract,state
assertions,assertions,typed columns plus schema-validated extension payload,"Composite scope_id,id; arrays/JSON references checked by ingest transaction",Append evidence and versions; current projection does not erase original observations,Regenerate original logical row/ID via view or adapter; adapter not implemented in research,proposed_not_deployed
audience_metrics,measurements,typed kind=audience_metrics; retain logical id in payload and export adapter,"Composite scope_id,id; arrays/JSON references checked by ingest transaction",Append evidence and versions; current projection does not erase original observations,Regenerate original logical row/ID via view or adapter; adapter not implemented in research,proposed_not_deployed
audience_overlap,measurements,typed kind=audience_overlap; retain logical id in payload and export adapter,"Composite scope_id,id; arrays/JSON references checked by ingest transaction",Append evidence and versions; current projection does not erase original observations,Regenerate original logical row/ID via view or adapter; adapter not implemented in research,proposed_not_deployed
communities,entities,typed kind=communities; retain logical id in payload and export adapter,"Composite scope_id,id; arrays/JSON references checked by ingest transaction",Append evidence and versions; current projection does not erase original observations,Regenerate original logical row/ID via view or adapter; adapter not implemented in research,proposed_not_deployed
community_event_links,relations,typed kind=community_event_links; retain logical id in payload and export adapter,"Composite scope_id,id; arrays/JSON references checked by ingest transaction",Append evidence and versions; current projection does not erase original observations,Regenerate original logical row/ID via view or adapter; adapter not implemented in research,proposed_not_deployed
companies,entities,typed kind=companies; retain logical id in payload and export adapter,"Composite scope_id,id; arrays/JSON references checked by ingest transaction",Append evidence and versions; current projection does not erase original observations,Regenerate original logical row/ID via view or adapter; adapter not implemented in research,proposed_not_deployed
company_profile_history,profiles,typed columns plus schema-validated extension payload,"Composite scope_id,id; arrays/JSON references checked by ingest transaction",Append evidence and versions; current projection does not erase original observations,Regenerate original logical row/ID via view or adapter; adapter not implemented in research,proposed_not_deployed
company_signals,artifacts,typed kind=company_signals; retain logical id in payload and export adapter,"Composite scope_id,id; arrays/JSON references checked by ingest transaction",Append evidence and versions; current projection does not erase original observations,Regenerate original logical row/ID via view or adapter; adapter not implemented in research,proposed_not_deployed
competitors,entities,typed kind=competitors; retain logical id in payload and export adapter,"Composite scope_id,id; arrays/JSON references checked by ingest transaction",Append evidence and versions; current projection does not erase original observations,Regenerate original logical row/ID via view or adapter; adapter not implemented in research,proposed_not_deployed
crawl_runs,jobs + job_steps,typed columns plus schema-validated extension payload,"Composite scope_id,id; arrays/JSON references checked by ingest transaction",Append evidence and versions; current projection does not erase original observations,Regenerate original logical row/ID via view or adapter; adapter not implemented in research,proposed_not_deployed
customer_briefs,briefs,typed columns plus schema-validated extension payload,"Composite scope_id,id; arrays/JSON references checked by ingest transaction",Append evidence and versions; current projection does not erase original observations,Regenerate original logical row/ID via view or adapter; adapter not implemented in research,proposed_not_deployed
data_conflicts,changes,typed columns plus schema-validated extension payload,"Composite scope_id,id; arrays/JSON references checked by ingest transaction",Append evidence and versions; current projection does not erase original observations,Regenerate original logical row/ID via view or adapter; adapter not implemented in research,proposed_not_deployed
distribution_channels,entities,typed kind=distribution_channels; retain logical id in payload and export adapter,"Composite scope_id,id; arrays/JSON references checked by ingest transaction",Append evidence and versions; current projection does not erase original observations,Regenerate original logical row/ID via view or adapter; adapter not implemented in research,proposed_not_deployed
distribution_metrics,measurements,typed kind=distribution_metrics; retain logical id in payload and export adapter,"Composite scope_id,id; arrays/JSON references checked by ingest transaction",Append evidence and versions; current projection does not erase original observations,Regenerate original logical row/ID via view or adapter; adapter not implemented in research,proposed_not_deployed
draft_field_evidence,artifacts + assertions,typed columns plus schema-validated extension payload,"Composite scope_id,id; arrays/JSON references checked by ingest transaction",Append evidence and versions; current projection does not erase original observations,Regenerate original logical row/ID via view or adapter; adapter not implemented in research,proposed_not_deployed
entity_aliases,entity_aliases,typed columns plus schema-validated extension payload,"Composite scope_id,id; arrays/JSON references checked by ingest transaction",Append evidence and versions; current projection does not erase original observations,Regenerate original logical row/ID via view or adapter; adapter not implemented in research,proposed_not_deployed
entity_classifications,relations,typed kind=entity_classifications; retain logical id in payload and export adapter,"Composite scope_id,id; arrays/JSON references checked by ingest transaction",Append evidence and versions; current projection does not erase original observations,Regenerate original logical row/ID via view or adapter; adapter not implemented in research,proposed_not_deployed
evaluation_cases,briefs,typed columns plus schema-validated extension payload,"Composite scope_id,id; arrays/JSON references checked by ingest transaction",Append evidence and versions; current projection does not erase original observations,Regenerate original logical row/ID via view or adapter; adapter not implemented in research,proposed_not_deployed
event_assets,entities,typed kind=event_assets; retain logical id in payload and export adapter,"Composite scope_id,id; arrays/JSON references checked by ingest transaction",Append evidence and versions; current projection does not erase original observations,Regenerate original logical row/ID via view or adapter; adapter not implemented in research,proposed_not_deployed
event_company_roles,relations,typed kind=event_company_roles; retain logical id in payload and export adapter,"Composite scope_id,id; arrays/JSON references checked by ingest transaction",Append evidence and versions; current projection does not erase original observations,Regenerate original logical row/ID via view or adapter; adapter not implemented in research,proposed_not_deployed
event_concepts,artifacts,typed kind=event_concepts; retain logical id in payload and export adapter,"Composite scope_id,id; arrays/JSON references checked by ingest transaction",Append evidence and versions; current projection does not erase original observations,Regenerate original logical row/ID via view or adapter; adapter not implemented in research,proposed_not_deployed
event_costs,offers + offer_versions,typed columns plus schema-validated extension payload,"Composite scope_id,id; arrays/JSON references checked by ingest transaction",Append evidence and versions; current projection does not erase original observations,Regenerate original logical row/ID via view or adapter; adapter not implemented in research,proposed_not_deployed
event_deadlines,deadlines,typed columns plus schema-validated extension payload,"Composite scope_id,id; arrays/JSON references checked by ingest transaction",Append evidence and versions; current projection does not erase original observations,Regenerate original logical row/ID via view or adapter; adapter not implemented in research,proposed_not_deployed
event_editions,event_editions,typed columns plus schema-validated extension payload,"Composite scope_id,id; arrays/JSON references checked by ingest transaction",Append evidence and versions; current projection does not erase original observations,Regenerate original logical row/ID via view or adapter; adapter not implemented in research,proposed_not_deployed
event_metrics,measurements,typed kind=event_metrics; retain logical id in payload and export adapter,"Composite scope_id,id; arrays/JSON references checked by ingest transaction",Append evidence and versions; current projection does not erase original observations,Regenerate original logical row/ID via view or adapter; adapter not implemented in research,proposed_not_deployed
event_relations,relations,typed kind=event_relations; retain logical id in payload and export adapter,"Composite scope_id,id; arrays/JSON references checked by ingest transaction",Append evidence and versions; current projection does not erase original observations,Regenerate original logical row/ID via view or adapter; adapter not implemented in research,proposed_not_deployed
event_series,entities,typed kind=event_series; retain logical id in payload and export adapter,"Composite scope_id,id; arrays/JSON references checked by ingest transaction",Append evidence and versions; current projection does not erase original observations,Regenerate original logical row/ID via view or adapter; adapter not implemented in research,proposed_not_deployed
event_space_assignments,relations,typed kind=event_space_assignments; retain logical id in payload and export adapter,"Composite scope_id,id; arrays/JSON references checked by ingest transaction",Append evidence and versions; current projection does not erase original observations,Regenerate original logical row/ID via view or adapter; adapter not implemented in research,proposed_not_deployed
event_status_history,changes,typed columns plus schema-validated extension payload,"Composite scope_id,id; arrays/JSON references checked by ingest transaction",Append evidence and versions; current projection does not erase original observations,Regenerate original logical row/ID via view or adapter; adapter not implemented in research,proposed_not_deployed
extraction_queue,jobs + job_steps,typed columns plus schema-validated extension payload,"Composite scope_id,id; arrays/JSON references checked by ingest transaction",Append evidence and versions; current projection does not erase original observations,Regenerate original logical row/ID via view or adapter; adapter not implemented in research,proposed_not_deployed
fetch_attempts,jobs + job_steps,typed columns plus schema-validated extension payload,"Composite scope_id,id; arrays/JSON references checked by ingest transaction",Append evidence and versions; current projection does not erase original observations,Regenerate original logical row/ID via view or adapter; adapter not implemented in research,proposed_not_deployed
luma_drafts,artifacts,typed kind=luma_drafts; retain logical id in payload and export adapter,"Composite scope_id,id; arrays/JSON references checked by ingest transaction",Append evidence and versions; current projection does not erase original observations,Regenerate original logical row/ID via view or adapter; adapter not implemented in research,proposed_not_deployed
market_context,measurements,typed kind=market_context; retain logical id in payload and export adapter,"Composite scope_id,id; arrays/JSON references checked by ingest transaction",Append evidence and versions; current projection does not erase original observations,Regenerate original logical row/ID via view or adapter; adapter not implemented in research,proposed_not_deployed
news_articles,entities,typed kind=news_articles; retain logical id in payload and export adapter,"Composite scope_id,id; arrays/JSON references checked by ingest transaction",Append evidence and versions; current projection does not erase original observations,Regenerate original logical row/ID via view or adapter; adapter not implemented in research,proposed_not_deployed
news_dedup_clusters,relations,typed kind=news_dedup_clusters; retain logical id in payload and export adapter,"Composite scope_id,id; arrays/JSON references checked by ingest transaction",Append evidence and versions; current projection does not erase original observations,Regenerate original logical row/ID via view or adapter; adapter not implemented in research,proposed_not_deployed
news_entity_links,relations,typed kind=news_entity_links; retain logical id in payload and export adapter,"Composite scope_id,id; arrays/JSON references checked by ingest transaction",Append evidence and versions; current projection does not erase original observations,Regenerate original logical row/ID via view or adapter; adapter not implemented in research,proposed_not_deployed
opportunity_clusters,artifacts,typed kind=opportunity_clusters; retain logical id in payload and export adapter,"Composite scope_id,id; arrays/JSON references checked by ingest transaction",Append evidence and versions; current projection does not erase original observations,Regenerate original logical row/ID via view or adapter; adapter not implemented in research,proposed_not_deployed
participation,relations,typed kind=participation; retain logical id in payload and export adapter,"Composite scope_id,id; arrays/JSON references checked by ingest transaction",Append evidence and versions; current projection does not erase original observations,Regenerate original logical row/ID via view or adapter; adapter not implemented in research,proposed_not_deployed
partner_relationships,relations,typed kind=partner_relationships; retain logical id in payload and export adapter,"Composite scope_id,id; arrays/JSON references checked by ingest transaction",Append evidence and versions; current projection does not erase original observations,Regenerate original logical row/ID via view or adapter; adapter not implemented in research,proposed_not_deployed
people,entities,typed kind=people; retain logical id in payload and export adapter,"Composite scope_id,id; arrays/JSON references checked by ingest transaction",Append evidence and versions; current projection does not erase original observations,Regenerate original logical row/ID via view or adapter; adapter not implemented in research,proposed_not_deployed
platform_listings,external_ids,typed columns plus schema-validated extension payload,"Composite scope_id,id; arrays/JSON references checked by ingest transaction",Append evidence and versions; current projection does not erase original observations,Regenerate original logical row/ID via view or adapter; adapter not implemented in research,proposed_not_deployed
professional_affiliations,relations,typed kind=professional_affiliations; retain logical id in payload and export adapter,"Composite scope_id,id; arrays/JSON references checked by ingest transaction",Append evidence and versions; current projection does not erase original observations,Regenerate original logical row/ID via view or adapter; adapter not implemented in research,proposed_not_deployed
recommendation_candidates,candidates,typed columns plus schema-validated extension payload,"Composite scope_id,id; arrays/JSON references checked by ingest transaction",Append evidence and versions; current projection does not erase original observations,Regenerate original logical row/ID via view or adapter; adapter not implemented in research,proposed_not_deployed
recommendation_runs,runs,typed columns plus schema-validated extension payload,"Composite scope_id,id; arrays/JSON references checked by ingest transaction",Append evidence and versions; current projection does not erase original observations,Regenerate original logical row/ID via view or adapter; adapter not implemented in research,proposed_not_deployed
record_versions,changes,typed columns plus schema-validated extension payload,"Composite scope_id,id; arrays/JSON references checked by ingest transaction",Append evidence and versions; current projection does not erase original observations,Regenerate original logical row/ID via view or adapter; adapter not implemented in research,proposed_not_deployed
scoring_evaluations,artifacts,typed kind=scoring_evaluations; retain logical id in payload and export adapter,"Composite scope_id,id; arrays/JSON references checked by ingest transaction",Append evidence and versions; current projection does not erase original observations,Regenerate original logical row/ID via view or adapter; adapter not implemented in research,proposed_not_deployed
search_queries,jobs + job_steps,typed columns plus schema-validated extension payload,"Composite scope_id,id; arrays/JSON references checked by ingest transaction",Append evidence and versions; current projection does not erase original observations,Regenerate original logical row/ID via view or adapter; adapter not implemented in research,proposed_not_deployed
session_participants,relations,typed kind=session_participants; retain logical id in payload and export adapter,"Composite scope_id,id; arrays/JSON references checked by ingest transaction",Append evidence and versions; current projection does not erase original observations,Regenerate original logical row/ID via view or adapter; adapter not implemented in research,proposed_not_deployed
sessions,entities,typed kind=sessions; retain logical id in payload and export adapter,"Composite scope_id,id; arrays/JSON references checked by ingest transaction",Append evidence and versions; current projection does not erase original observations,Regenerate original logical row/ID via view or adapter; adapter not implemented in research,proposed_not_deployed
source_snapshots,source_snapshots,typed columns plus schema-validated extension payload,"Composite scope_id,id; arrays/JSON references checked by ingest transaction",Append evidence and versions; current projection does not erase original observations,Regenerate original logical row/ID via view or adapter; adapter not implemented in research,proposed_not_deployed
sources,sources,typed columns plus schema-validated extension payload,"Composite scope_id,id; arrays/JSON references checked by ingest transaction",Append evidence and versions; current projection does not erase original observations,Regenerate original logical row/ID via view or adapter; adapter not implemented in research,proposed_not_deployed
sponsor_match_scores,measurements,typed kind=sponsor_match_scores; retain logical id in payload and export adapter,"Composite scope_id,id; arrays/JSON references checked by ingest transaction",Append evidence and versions; current projection does not erase original observations,Regenerate original logical row/ID via view or adapter; adapter not implemented in research,proposed_not_deployed
sponsor_profiles,profiles,typed columns plus schema-validated extension payload,"Composite scope_id,id; arrays/JSON references checked by ingest transaction",Append evidence and versions; current projection does not erase original observations,Regenerate original logical row/ID via view or adapter; adapter not implemented in research,proposed_not_deployed
sponsorship_deliverables,offers + offer_versions,typed columns plus schema-validated extension payload,"Composite scope_id,id; arrays/JSON references checked by ingest transaction",Append evidence and versions; current projection does not erase original observations,Regenerate original logical row/ID via view or adapter; adapter not implemented in research,proposed_not_deployed
sponsorship_history,relations,typed kind=sponsorship_history; retain logical id in payload and export adapter,"Composite scope_id,id; arrays/JSON references checked by ingest transaction",Append evidence and versions; current projection does not erase original observations,Regenerate original logical row/ID via view or adapter; adapter not implemented in research,proposed_not_deployed
sponsorship_observations,measurements,typed kind=sponsorship_observations; retain logical id in payload and export adapter,"Composite scope_id,id; arrays/JSON references checked by ingest transaction",Append evidence and versions; current projection does not erase original observations,Regenerate original logical row/ID via view or adapter; adapter not implemented in research,proposed_not_deployed
sponsorship_packages,offers + offer_versions,typed columns plus schema-validated extension payload,"Composite scope_id,id; arrays/JSON references checked by ingest transaction",Append evidence and versions; current projection does not erase original observations,Regenerate original logical row/ID via view or adapter; adapter not implemented in research,proposed_not_deployed
sponsorship_renewals,relations,typed kind=sponsorship_renewals; retain logical id in payload and export adapter,"Composite scope_id,id; arrays/JSON references checked by ingest transaction",Append evidence and versions; current projection does not erase original observations,Regenerate original logical row/ID via view or adapter; adapter not implemented in research,proposed_not_deployed
taxonomy_terms,entities,typed kind=taxonomy_terms; retain logical id in payload and export adapter,"Composite scope_id,id; arrays/JSON references checked by ingest transaction",Append evidence and versions; current projection does not erase original observations,Regenerate original logical row/ID via view or adapter; adapter not implemented in research,proposed_not_deployed
ticket_price_history,offers + offer_versions,typed columns plus schema-validated extension payload,"Composite scope_id,id; arrays/JSON references checked by ingest transaction",Append evidence and versions; current projection does not erase original observations,Regenerate original logical row/ID via view or adapter; adapter not implemented in research,proposed_not_deployed
ticket_types,offers + offer_versions,typed columns plus schema-validated extension payload,"Composite scope_id,id; arrays/JSON references checked by ingest transaction",Append evidence and versions; current projection does not erase original observations,Regenerate original logical row/ID via view or adapter; adapter not implemented in research,proposed_not_deployed
topic_trends,measurements,typed kind=topic_trends; retain logical id in payload and export adapter,"Composite scope_id,id; arrays/JSON references checked by ingest transaction",Append evidence and versions; current projection does not erase original observations,Regenerate original logical row/ID via view or adapter; adapter not implemented in research,proposed_not_deployed
unit_economics_scenarios,artifacts,typed kind=unit_economics_scenarios; retain logical id in payload and export adapter,"Composite scope_id,id; arrays/JSON references checked by ingest transaction",Append evidence and versions; current projection does not erase original observations,Regenerate original logical row/ID via view or adapter; adapter not implemented in research,proposed_not_deployed
user_feedback,feedback,typed columns plus schema-validated extension payload,"Composite scope_id,id; arrays/JSON references checked by ingest transaction",Append evidence and versions; current projection does not erase original observations,Regenerate original logical row/ID via view or adapter; adapter not implemented in research,proposed_not_deployed
venue_spaces,entities,typed kind=venue_spaces; retain logical id in payload and export adapter,"Composite scope_id,id; arrays/JSON references checked by ingest transaction",Append evidence and versions; current projection does not erase original observations,Regenerate original logical row/ID via view or adapter; adapter not implemented in research,proposed_not_deployed
venues,entities,typed kind=venues; retain logical id in payload and export adapter,"Composite scope_id,id; arrays/JSON references checked by ingest transaction",Append evidence and versions; current projection does not erase original observations,Regenerate original logical row/ID via view or adapter; adapter not implemented in research,proposed_not_deployed
