id,event_id,segment,metric,value,unit,denominator,period,method,metric_status,source_id
audience_metrics_8a1eee4ae7f7659f,evt_1fc974874ad3a13f,attendance_total,attendance_total,2991,people,,2024,organizer_report; denominator_and_counting_method_not_published,reported_actual,src_740634da3f557297
audience_metrics_14b10fb80ec72ef4,evt_1fc974874ad3a13f,attendance_in_person,attendance_in_person,2551,people,,2024,organizer_report; denominator_and_counting_method_not_published,reported_actual,src_740634da3f557297
audience_metrics_9cde9dfc1b7eb0d0,evt_1fc974874ad3a13f,attendance_online,attendance_online,440,people,,2024,organizer_report; denominator_and_counting_method_not_published,reported_actual,src_740634da3f557297
audience_metrics_f04270f903dad084,evt_1fc974874ad3a13f,countries_represented,countries_represented,95,countries,,2024,organizer_report; denominator_and_counting_method_not_published,reported_actual,src_740634da3f557297
audience_metrics_b3a7122ce65a2564,evt_1fc974874ad3a13f,tickets_sold_lower_bound,tickets_sold_lower_bound,2700,tickets,,2024,organizer_report; denominator_and_counting_method_not_published,reported_actual,src_740634da3f557297
audience_metrics_8e7fd23e4efccc1a,evt_ec56dad6b0f54653,attendance_at_venue,attendance_at_venue,2225,people,,2025,organizer_report; denominator_and_counting_method_not_published,reported_actual,src_41bbe3d68bef98ce
audience_metrics_6dacd980d3ebe1fb,evt_ec56dad6b0f54653,countries_represented,countries_represented,58,countries,,2025,organizer_report; denominator_and_counting_method_not_published,reported_actual,src_41bbe3d68bef98ce
audience_metrics_a0c455e139d96be5,evt_87cc4c2fcd34b932,AI builders,planned_hackers,150,people,,2025-08-02/2025-08-03,organizer_announcement,planned_not_attended,src_34a13184c03f8f36
audience_metrics_614fb83761e4e18c,evt_c48f165b98b0b55c,all,attendance_lower_bound,700,people,,2022,next_year_prospectus; +700 vs narrative nearly800,reported_actual,src_ce8c1dd48eac4cc9
audience_metrics_13b4604b31c6a87a,evt_06dae62d70342384,PyCon AU 2024 audience,registrations_lower_bound,560,registrations,,2024,2025 prospectus; sample size unspecified for experience,reported_actual,src_89db9a524d695750
audience_metrics_9d4684a3b962efa2,evt_06dae62d70342384,PyCon AU 2024 audience,presentations,103,presentations,,2024,2025 prospectus; sample size unspecified for experience,reported_actual,src_89db9a524d695750
audience_metrics_a62a408b10c2905a,evt_06dae62d70342384,PyCon AU 2024 audience,mean_python_experience_lower_bound,9,years,,2024,2025 prospectus; sample size unspecified for experience,reported_actual,src_89db9a524d695750
