id,name,url,identity_method,periodicity,source_id
ser_798a460a1050c31f,EARL [United Kingdom],,inferred_exact_base_title_and_country; not_verified_periodicity,not_extrapolated,src_105ca3620163539b
ser_5fb830ac30758c51,PyCon Lithuania [Lithuania],,inferred_exact_base_title_and_country; not_verified_periodicity,not_extrapolated,src_105ca3620163539b
ser_764abf47c6e5c0da,PyData Amsterdam [Netherlands],,inferred_exact_base_title_and_country; not_verified_periodicity,not_extrapolated,src_105ca3620163539b
ser_46fb2aa17a0919c8,Python Norte [Brazil],,inferred_exact_base_title_and_country; not_verified_periodicity,not_extrapolated,src_105ca3620163539b
ser_8c97893b4ded3d0b,EuroSciPy [Poland],,inferred_exact_base_title_and_country; not_verified_periodicity,not_extrapolated,src_105ca3620163539b
ser_1bf6c5ea73e13e28,PyBeach [United States],,inferred_exact_base_title_and_country; not_verified_periodicity,not_extrapolated,src_105ca3620163539b
ser_78246b4754fd2cba,Python Nordeste [Brazil],,inferred_exact_base_title_and_country; not_verified_periodicity,not_extrapolated,src_105ca3620163539b
ser_ebbb5f27fb429e6f,PyCon AU [Australia],,inferred_exact_base_title_and_country; not_verified_periodicity,not_extrapolated,src_105ca3620163539b
ser_386467f000e5c7e0,Python Brasil [Brazil],,inferred_exact_base_title_and_country; not_verified_periodicity,not_extrapolated,src_105ca3620163539b
ser_1e0bc102d3c223b8,Python Leiden User Group [Netherlands],,inferred_exact_base_title_and_country; not_verified_periodicity,not_extrapolated,src_105ca3620163539b
ser_1940b8deb6405b76,PyCon LT [Lithuania],,inferred_exact_base_title_and_country; not_verified_periodicity,not_extrapolated,src_105ca3620163539b
ser_cb0bb84be03f9236,PyCon MEA & Data Science [United Arab Emirates],,inferred_exact_base_title_and_country; not_verified_periodicity,not_extrapolated,src_105ca3620163539b
ser_21ff24caa85f2558,PyCon Russia [Russia],,inferred_exact_base_title_and_country; not_verified_periodicity,not_extrapolated,src_105ca3620163539b
ser_fb73bd4b32a5cf50,PyCon ES [Spain],,inferred_exact_base_title_and_country; not_verified_periodicity,not_extrapolated,src_105ca3620163539b
ser_d176cec96435e06e,Django Day Copenhagen [Denmark],,inferred_exact_base_title_and_country; not_verified_periodicity,not_extrapolated,src_105ca3620163539b
ser_18a11bdb4fe8f12a,PyCon Ireland [Ireland],,inferred_exact_base_title_and_country; not_verified_periodicity,not_extrapolated,src_105ca3620163539b
ser_87ae4894d7ca24ad,PyCon UK [United Kingdom],,inferred_exact_base_title_and_country; not_verified_periodicity,not_extrapolated,src_105ca3620163539b
ser_05c65766f842f59e,GeoPython [Switzerland],,inferred_exact_base_title_and_country; not_verified_periodicity,not_extrapolated,src_105ca3620163539b
ser_2d5cb7c3e41342c4,PyBay [United States],,inferred_exact_base_title_and_country; not_verified_periodicity,not_extrapolated,src_105ca3620163539b
ser_944cad17f300cd49,PyCon Portugal [Portugal],,inferred_exact_base_title_and_country; not_verified_periodicity,not_extrapolated,src_105ca3620163539b
ser_97e2f61ee9175eb9,Python devroom @ FOSDEM [Belgium],,inferred_exact_base_title_and_country; not_verified_periodicity,not_extrapolated,src_105ca3620163539b
ser_6946bf4bd081d371,DjangoCon US [United States],,inferred_exact_base_title_and_country; not_verified_periodicity,not_extrapolated,src_105ca3620163539b
ser_90abdbe8763dea01,PyCon US [United States],,inferred_exact_base_title_and_country; not_verified_periodicity,not_extrapolated,src_105ca3620163539b
ser_296f5e77c12d4f16,PyData London [United Kingdom],,inferred_exact_base_title_and_country; not_verified_periodicity,not_extrapolated,src_105ca3620163539b
ser_d4f3b778fb1f0208,PyCon Austria [Austria],,inferred_exact_base_title_and_country; not_verified_periodicity,not_extrapolated,src_105ca3620163539b
ser_cab9143556349095,EuroSciPy [Switzerland],,inferred_exact_base_title_and_country; not_verified_periodicity,not_extrapolated,src_105ca3620163539b
ser_b4b5f1961d76b452,PyCon Taiwan [Taiwan],,inferred_exact_base_title_and_country; not_verified_periodicity,not_extrapolated,src_105ca3620163539b
ser_b381fcf96d51da08,PyHEP [unspecified],,inferred_exact_base_title_and_country; not_verified_periodicity,not_extrapolated,src_105ca3620163539b
ser_c0ec9ff865759e8f,PyCon Wroclaw [Poland],,inferred_exact_base_title_and_country; not_verified_periodicity,not_extrapolated,src_105ca3620163539b
ser_4e33f513c51a6a53,PyData Paris [France],,inferred_exact_base_title_and_country; not_verified_periodicity,not_extrapolated,src_105ca3620163539b
ser_028d80b439d4cebb,Wagtail Space [unspecified],,inferred_exact_base_title_and_country; not_verified_periodicity,not_extrapolated,src_105ca3620163539b
ser_9fcc17d1f13a723d,PyOhio [United States],,inferred_exact_base_title_and_country; not_verified_periodicity,not_extrapolated,src_105ca3620163539b
ser_024e67541ec44a5e,PyTexas [United States],,inferred_exact_base_title_and_country; not_verified_periodicity,not_extrapolated,src_105ca3620163539b
ser_5b2cabaa32d6667e,PyCon Korea [South Korea],,inferred_exact_base_title_and_country; not_verified_periodicity,not_extrapolated,src_105ca3620163539b
ser_e80a81bc7307ce09,North Bay Python [United States],,inferred_exact_base_title_and_country; not_verified_periodicity,not_extrapolated,src_105ca3620163539b
ser_151dc9e07cbf32c0,PyCon Hong Kong [Hong Kong],,inferred_exact_base_title_and_country; not_verified_periodicity,not_extrapolated,src_105ca3620163539b
ser_c580f4de93dae858,PyCon Sweden [Sweden],,inferred_exact_base_title_and_country; not_verified_periodicity,not_extrapolated,src_105ca3620163539b
ser_22fa175c78a06c2a,PyCon Niger [Niger],,inferred_exact_base_title_and_country; not_verified_periodicity,not_extrapolated,src_105ca3620163539b
ser_813e68938356d10a,PyCon Italia [Italy],,inferred_exact_base_title_and_country; not_verified_periodicity,not_extrapolated,src_105ca3620163539b
ser_19073606a8e6ba48,PyCon Kenya [Kenya],,inferred_exact_base_title_and_country; not_verified_periodicity,not_extrapolated,src_105ca3620163539b
ser_00162b056acc9002,PyData Global [unspecified],,inferred_exact_base_title_and_country; not_verified_periodicity,not_extrapolated,src_105ca3620163539b
ser_da8cb8c7fd1a2e72,PyCon India [India],,inferred_exact_base_title_and_country; not_verified_periodicity,not_extrapolated,src_105ca3620163539b
ser_2c5ba2a649f093f1,PyCon Ghana [Ghana],,inferred_exact_base_title_and_country; not_verified_periodicity,not_extrapolated,src_105ca3620163539b
ser_92183d0ae421e8c9,PyCon PH [Philippines],,inferred_exact_base_title_and_country; not_verified_periodicity,not_extrapolated,src_105ca3620163539b
ser_67b6a77baa1c35f1,Flask Con [United States],,inferred_exact_base_title_and_country; not_verified_periodicity,not_extrapolated,src_105ca3620163539b
ser_5aaa6541d7f058f4,PyCon Chile [Chile],,inferred_exact_base_title_and_country; not_verified_periodicity,not_extrapolated,src_105ca3620163539b
ser_d90c5d1750432f58,PyCamp Spain [Spain],,inferred_exact_base_title_and_country; not_verified_periodicity,not_extrapolated,src_105ca3620163539b
ser_9d747956d78bff1f,SciPy [United States],,inferred_exact_base_title_and_country; not_verified_periodicity,not_extrapolated,src_105ca3620163539b
ser_ce6a05e66344ca74,EuroPython [Czech Republic],,inferred_exact_base_title_and_country; not_verified_periodicity,not_extrapolated,src_105ca3620163539b
ser_b8f01ba242e2e3e7,XtremePython [unspecified],,inferred_exact_base_title_and_country; not_verified_periodicity,not_extrapolated,src_105ca3620163539b
ser_a9bfea557dd0ed02,PyCon Panamá [Panama],,inferred_exact_base_title_and_country; not_verified_periodicity,not_extrapolated,src_105ca3620163539b
ser_a0709530998b62a0,PyCon JP [Japan],,inferred_exact_base_title_and_country; not_verified_periodicity,not_extrapolated,src_105ca3620163539b
ser_f1ef0c41d486de5c,PyCon Colombia [Colombia],,inferred_exact_base_title_and_country; not_verified_periodicity,not_extrapolated,src_105ca3620163539b
ser_34292875b5675d8f,PyCon Israel [Israel],,inferred_exact_base_title_and_country; not_verified_periodicity,not_extrapolated,src_105ca3620163539b
ser_eae400d2617bff1c,PyCon Estonia [Estonia],,inferred_exact_base_title_and_country; not_verified_periodicity,not_extrapolated,src_105ca3620163539b
ser_e9093b2be4264623,PyCon DE & PyData Berlin [Germany],,inferred_exact_base_title_and_country; not_verified_periodicity,not_extrapolated,src_105ca3620163539b
ser_c8c8fcf6dac81eed,PyCon DE & PyData [Germany],,inferred_exact_base_title_and_country; not_verified_periodicity,not_extrapolated,src_105ca3620163539b
ser_bc44c5749d3d95c5,PyConf Hyderabad [India],,inferred_exact_base_title_and_country; not_verified_periodicity,not_extrapolated,src_105ca3620163539b
ser_0fd4a3f00fd75f9f,PyCon Namibia [Namibia],,inferred_exact_base_title_and_country; not_verified_periodicity,not_extrapolated,src_105ca3620163539b
ser_6e067ea01b58f900,DjangoCon Africa [Tanzania],,inferred_exact_base_title_and_country; not_verified_periodicity,not_extrapolated,src_105ca3620163539b
ser_e9d8ddcd6d6717cd,PyCon Somalia [Somalia],,inferred_exact_base_title_and_country; not_verified_periodicity,not_extrapolated,src_105ca3620163539b
ser_fd1c9f6037ad1628,PyCon SK [Slovakia],,inferred_exact_base_title_and_country; not_verified_periodicity,not_extrapolated,src_105ca3620163539b
ser_3234eaa4cbdbb895,PyGrunn [Netherlands],,inferred_exact_base_title_and_country; not_verified_periodicity,not_extrapolated,src_105ca3620163539b
ser_0f3185748cb08c5c,PyCon Nigeria [Nigeria],,inferred_exact_base_title_and_country; not_verified_periodicity,not_extrapolated,src_105ca3620163539b
ser_fed981cfc7406bda,Pyjamas Conf [unspecified],,inferred_exact_base_title_and_country; not_verified_periodicity,not_extrapolated,src_105ca3620163539b
ser_88341dcee9a375e6,PyCon PL [Poland],,inferred_exact_base_title_and_country; not_verified_periodicity,not_extrapolated,src_105ca3620163539b
ser_9d06fc4067d4fb36,PyCon Thailand [Thailand],,inferred_exact_base_title_and_country; not_verified_periodicity,not_extrapolated,src_105ca3620163539b
ser_69cd610f41ff2527,PyCon Togo [Togo],,inferred_exact_base_title_and_country; not_verified_periodicity,not_extrapolated,src_105ca3620163539b
ser_b6aa227ecb25a412,PyConFr [France],,inferred_exact_base_title_and_country; not_verified_periodicity,not_extrapolated,src_105ca3620163539b
ser_6208615dfeb162d4,PyCon mini Tokai [Japan],,inferred_exact_base_title_and_country; not_verified_periodicity,not_extrapolated,src_105ca3620163539b
ser_dccba0d321ed1546,PyCon Greece [Greece],,inferred_exact_base_title_and_country; not_verified_periodicity,not_extrapolated,src_105ca3620163539b
ser_1b96e2f8290dd059,Swiss Python Summit [Switzerland],,inferred_exact_base_title_and_country; not_verified_periodicity,not_extrapolated,src_105ca3620163539b
ser_5e0db8f6ae56744f,PyCon NL [Netherlands],,inferred_exact_base_title_and_country; not_verified_periodicity,not_extrapolated,src_105ca3620163539b
ser_23e2e7f5d5de3d43,PyCon Uganda [Uganda],,inferred_exact_base_title_and_country; not_verified_periodicity,not_extrapolated,src_105ca3620163539b
ser_5ab11331795fa2f0,PyCon FR [France],,inferred_exact_base_title_and_country; not_verified_periodicity,not_extrapolated,src_105ca3620163539b
ser_d76699291095b72e,PiterPy [Russia],,inferred_exact_base_title_and_country; not_verified_periodicity,not_extrapolated,src_105ca3620163539b
ser_31fd4d5967da2beb,PyHEP.dev [United States],,inferred_exact_base_title_and_country; not_verified_periodicity,not_extrapolated,src_105ca3620163539b
ser_8a6bf48f35265e53,Python Meeting Düsseldorf [Germany],,inferred_exact_base_title_and_country; not_verified_periodicity,not_extrapolated,src_bca1599a2f687a1a
ser_39ac64f985fad182,Helsinki Python meetup [Finland],,inferred_exact_base_title_and_country; not_verified_periodicity,not_extrapolated,src_bca1599a2f687a1a
ser_33246686244da7ef,Django Girls Groningen [Netherlands],,inferred_exact_base_title_and_country; not_verified_periodicity,not_extrapolated,src_bca1599a2f687a1a
ser_0954a87f1bf6366e,Django - The Powerhouse [United States],,inferred_exact_base_title_and_country; not_verified_periodicity,not_extrapolated,src_bca1599a2f687a1a
ser_a57ed1d312047a14,Django Girls Medellín [Colombia],,inferred_exact_base_title_and_country; not_verified_periodicity,not_extrapolated,src_bca1599a2f687a1a
ser_d27aca5f6123f991,PyLadies Amsterdam: Fine-tuning text-to-image diffusion models for personalization and subject-driven generation [Netherlands],,inferred_exact_base_title_and_country; not_verified_periodicity,not_extrapolated,src_bca1599a2f687a1a
ser_dcbbff70f926a7b7,Django Girls Abraka Workshop [Nigeria],,inferred_exact_base_title_and_country; not_verified_periodicity,not_extrapolated,src_bca1599a2f687a1a
ser_6ae04f2743e9e214,Django Girls Ecuador [Ecuador],,inferred_exact_base_title_and_country; not_verified_periodicity,not_extrapolated,src_bca1599a2f687a1a
ser_8ec43fd0c26a81c2,"Python New Zealand - Online Group, Learners' Group [unspecified]",,inferred_exact_base_title_and_country; not_verified_periodicity,not_extrapolated,src_bca1599a2f687a1a
ser_4a358104d3b19443,PyCamp Leipzig [Germany],,inferred_exact_base_title_and_country; not_verified_periodicity,not_extrapolated,src_bca1599a2f687a1a
ser_6f5289a488565c68,Python Barcamp Karlsruhe [Germany],,inferred_exact_base_title_and_country; not_verified_periodicity,not_extrapolated,src_bca1599a2f687a1a
ser_b853714791da5442,PythonCamp Rügen [Germany],,inferred_exact_base_title_and_country; not_verified_periodicity,not_extrapolated,src_bca1599a2f687a1a
ser_dc90cb83b176087b,PyLadies Amsterdam: Global AI Bootcamp [unspecified],,inferred_exact_base_title_and_country; not_verified_periodicity,not_extrapolated,src_bca1599a2f687a1a
ser_7f78d790e6c02425,Django Girls Aba [Nigeria],,inferred_exact_base_title_and_country; not_verified_periodicity,not_extrapolated,src_bca1599a2f687a1a
ser_d8f673ab76ac8a79,TOUFU - Parent-Child Python Programming Workshop [Japan],,inferred_exact_base_title_and_country; not_verified_periodicity,not_extrapolated,src_bca1599a2f687a1a
ser_bb765f16f55e379f,Workshop: Creating Python Communities [Gambia],,inferred_exact_base_title_and_country; not_verified_periodicity,not_extrapolated,src_bca1599a2f687a1a
ser_654dbf57562ddd13,"NZPUG-Auckland Coding Challenge ""Office Hours"" [unspecified]",,inferred_exact_base_title_and_country; not_verified_periodicity,not_extrapolated,src_bca1599a2f687a1a
ser_01347ef3e733b37f,Django Girls Ho [Ghana],,inferred_exact_base_title_and_country; not_verified_periodicity,not_extrapolated,src_bca1599a2f687a1a
ser_1cd4caf3df772ee2,Django Girls CDO Workshop [Philippines],,inferred_exact_base_title_and_country; not_verified_periodicity,not_extrapolated,src_bca1599a2f687a1a
ser_de0c5cc1a026e0a3,Global AI Bootcamp [unspecified],,inferred_exact_base_title_and_country; not_verified_periodicity,not_extrapolated,src_bca1599a2f687a1a
ser_d3f196dafd73ee85,FIL Guadalajara,,explicit_named_series,not_extrapolated,src_9bfa177a797131b5
ser_4e448897946ead9e,Flip,,explicit_named_series,not_extrapolated,src_07ad0508d8bb441a
ser_b3b2f406610a9f31,Frieze London,,explicit_named_series,not_extrapolated,src_642521ca61c47b44
ser_d932354fa0549d84,Roland-Garros,,explicit_named_series,not_extrapolated,src_8e12c6aa8c47e7b8
