id,event_id,company_id,role,level,relationship_status,valid_from,valid_to,source_id
role_f4cab4d88615c241,evt_20ccee0b7a792a00,co_0fb9765e58d296e5,sponsor,Visionary,published_in_cited_source; payment_unverified,,,src_a8039e7f5b60402a
role_d571807a4c17d17f,evt_20ccee0b7a792a00,co_ea3bd73e2b506e00,sponsor,Visionary,published_in_cited_source; payment_unverified,,,src_a8039e7f5b60402a
role_9825e8c2ca2d478c,evt_20ccee0b7a792a00,co_bbdefa2950f49882,sponsor,Visionary,published_in_cited_source; payment_unverified,,,src_a8039e7f5b60402a
role_869d9b15a8b30118,evt_20ccee0b7a792a00,co_9fbf261b62c1d7c0,sponsor,Sustainability,published_in_cited_source; payment_unverified,,,src_a8039e7f5b60402a
role_83500aa115d9b6d6,evt_20ccee0b7a792a00,co_8d4321d936320802,sponsor,Sustainability,published_in_cited_source; payment_unverified,,,src_a8039e7f5b60402a
role_bc16a057a2f55815,evt_20ccee0b7a792a00,co_7d1507284a5757ca,sponsor,Sustainability,published_in_cited_source; payment_unverified,,,src_a8039e7f5b60402a
role_d4540e233d319304,evt_20ccee0b7a792a00,co_67b51232d90eef07,sponsor,Maintaining,published_in_cited_source; payment_unverified,,,src_a8039e7f5b60402a
role_92c7373e1adf6307,evt_20ccee0b7a792a00,co_d888a3e4ea95d404,sponsor,Maintaining,published_in_cited_source; payment_unverified,,,src_a8039e7f5b60402a
role_8d59312a520ef614,evt_20ccee0b7a792a00,co_f5b3373a9fbd0315,sponsor,Maintaining,published_in_cited_source; payment_unverified,,,src_a8039e7f5b60402a
role_fe8eb96167490992,evt_20ccee0b7a792a00,co_fee6fd0cc1707a18,sponsor,Maintaining,published_in_cited_source; payment_unverified,,,src_a8039e7f5b60402a
role_99ff137df7715ba1,evt_20ccee0b7a792a00,co_6f348ef7bc564637,sponsor,Maintaining,published_in_cited_source; payment_unverified,,,src_a8039e7f5b60402a
role_0710f23255ce10d5,evt_20ccee0b7a792a00,co_f7d9f5a90479d632,sponsor,Contributing,published_in_cited_source; payment_unverified,,,src_a8039e7f5b60402a
role_6e8310086868a331,evt_20ccee0b7a792a00,co_c4fe98345289633c,sponsor,Contributing,published_in_cited_source; payment_unverified,,,src_a8039e7f5b60402a
role_71a65878254c773b,evt_20ccee0b7a792a00,co_9f8230c43ce398d6,sponsor,Contributing,published_in_cited_source; payment_unverified,,,src_a8039e7f5b60402a
role_6ba64ab8a21106d8,evt_20ccee0b7a792a00,co_7606c4cbaae85d2d,sponsor,Contributing,published_in_cited_source; payment_unverified,,,src_a8039e7f5b60402a
role_ca87552e6d4826f8,evt_20ccee0b7a792a00,co_916a98f0fa2a39af,sponsor,Contributing,published_in_cited_source; payment_unverified,,,src_a8039e7f5b60402a
role_8db811776d4932c6,evt_20ccee0b7a792a00,co_c9a2dcb05123781d,sponsor,Contributing,published_in_cited_source; payment_unverified,,,src_a8039e7f5b60402a
role_7e1e67be55a3de13,evt_20ccee0b7a792a00,co_8dfe5e6cf73b1d6b,sponsor,Contributing,published_in_cited_source; payment_unverified,,,src_a8039e7f5b60402a
role_e1094791782bd12b,evt_20ccee0b7a792a00,co_04b6c31ced2043ce,sponsor,Supporting,published_in_cited_source; payment_unverified,,,src_a8039e7f5b60402a
role_5e19c0c6fbe8a440,evt_20ccee0b7a792a00,co_f344a3efa4668566,sponsor,Supporting,published_in_cited_source; payment_unverified,,,src_a8039e7f5b60402a
role_777ed1b7fda0ab19,evt_20ccee0b7a792a00,co_50cfd89765d6d5dd,sponsor,Supporting,published_in_cited_source; payment_unverified,,,src_a8039e7f5b60402a
role_bd3f9d27ac9ac9e3,evt_20ccee0b7a792a00,co_8dfea6856769fb4d,sponsor,Supporting,published_in_cited_source; payment_unverified,,,src_a8039e7f5b60402a
role_1ce1b487095febca,evt_20ccee0b7a792a00,co_5a1ad84a47ec210d,sponsor,Supporting,published_in_cited_source; payment_unverified,,,src_a8039e7f5b60402a
role_233028c5a98d323b,evt_20ccee0b7a792a00,co_200e997d97c7a78a,sponsor,Supporting,published_in_cited_source; payment_unverified,,,src_a8039e7f5b60402a
role_923508602155e6b0,evt_20ccee0b7a792a00,co_6c2949a5b9698d22,sponsor,Supporting,published_in_cited_source; payment_unverified,,,src_a8039e7f5b60402a
role_94704ef754a3d43f,evt_20ccee0b7a792a00,co_039e65978ab36874,sponsor,Supporting,published_in_cited_source; payment_unverified,,,src_a8039e7f5b60402a
role_e0e6847fc58954bf,evt_20ccee0b7a792a00,co_99c090636aa0f68a,sponsor,Supporting,published_in_cited_source; payment_unverified,,,src_a8039e7f5b60402a
role_34ae856cc75399ec,evt_20ccee0b7a792a00,co_9202af6ce925b26a,sponsor,Supporting,published_in_cited_source; payment_unverified,,,src_a8039e7f5b60402a
role_75e8bf9a62f225e3,evt_20ccee0b7a792a00,co_8a44b67ae1db24f9,sponsor,Supporting,published_in_cited_source; payment_unverified,,,src_a8039e7f5b60402a
role_3f68763f9d8e849b,evt_20ccee0b7a792a00,co_0cf6855c1a3c323b,sponsor,Supporting,published_in_cited_source; payment_unverified,,,src_a8039e7f5b60402a
role_014527820157a15d,evt_20ccee0b7a792a00,co_472e893c30310a7b,sponsor,Supporting,published_in_cited_source; payment_unverified,,,src_a8039e7f5b60402a
role_236746ec5bf953e6,evt_20ccee0b7a792a00,co_f8532933789406dc,sponsor,Supporting,published_in_cited_source; payment_unverified,,,src_a8039e7f5b60402a
role_44f8a91d1c6889ec,evt_20ccee0b7a792a00,co_a82261cfdc8e1155,sponsor,Supporting,published_in_cited_source; payment_unverified,,,src_a8039e7f5b60402a
role_07bfd1aa9a8d16ec,evt_20ccee0b7a792a00,co_737e91b03ee3cfc5,sponsor,Supporting,published_in_cited_source; payment_unverified,,,src_a8039e7f5b60402a
role_d3b395627bd58b9d,evt_20ccee0b7a792a00,co_8fbeda012c76d899,sponsor,Supporting,published_in_cited_source; payment_unverified,,,src_a8039e7f5b60402a
role_015336ed5c622beb,evt_20ccee0b7a792a00,co_cc634dced3e6279e,sponsor,Partner,published_in_cited_source; payment_unverified,,,src_a8039e7f5b60402a
role_b9f930f7df4b5ac7,evt_20ccee0b7a792a00,co_1706716bb5eebbe2,sponsor,Partner,published_in_cited_source; payment_unverified,,,src_a8039e7f5b60402a
role_b2c43458b8caabb4,evt_20ccee0b7a792a00,co_a5302c4694722195,sponsor,Partner,published_in_cited_source; payment_unverified,,,src_a8039e7f5b60402a
role_b74125d9a3a14d04,evt_20ccee0b7a792a00,co_de5a1adf4fedcce1,sponsor,Partner,published_in_cited_source; payment_unverified,,,src_a8039e7f5b60402a
role_17e7b927ab3a15f0,evt_20ccee0b7a792a00,co_7ba99a119580a884,sponsor,Partner,published_in_cited_source; payment_unverified,,,src_a8039e7f5b60402a
role_1c04c8136e69a4a0,evt_20ccee0b7a792a00,co_524f3f7ce2bc0326,sponsor,Partner,published_in_cited_source; payment_unverified,,,src_a8039e7f5b60402a
role_564ebd894cd9e03c,evt_20ccee0b7a792a00,co_986051385feae5b9,sponsor,Partner,published_in_cited_source; payment_unverified,,,src_a8039e7f5b60402a
role_d8246246b910f382,evt_20ccee0b7a792a00,co_19dd31ffd7bb951a,sponsor,Partner,published_in_cited_source; payment_unverified,,,src_a8039e7f5b60402a
role_2f3fa660b0a9a2ef,evt_20ccee0b7a792a00,co_eda870f040899043,sponsor,Partner,published_in_cited_source; payment_unverified,,,src_a8039e7f5b60402a
role_6d29a31712223c1d,evt_20ccee0b7a792a00,co_84a3693331a95fd0,sponsor,Partner,published_in_cited_source; payment_unverified,,,src_a8039e7f5b60402a
role_7da809b112686b54,evt_20ccee0b7a792a00,co_c7ad2ac22b4500bd,sponsor,Partner,published_in_cited_source; payment_unverified,,,src_a8039e7f5b60402a
role_134fe73bd7ff768f,evt_20ccee0b7a792a00,co_4458f786505ab7bb,sponsor,Partner,published_in_cited_source; payment_unverified,,,src_a8039e7f5b60402a
role_0e851edeef6de3da,evt_20ccee0b7a792a00,co_b337951cb83ffa44,sponsor,Partner,published_in_cited_source; payment_unverified,,,src_a8039e7f5b60402a
role_6b5cbce46506ca49,evt_20ccee0b7a792a00,co_c723ccd1e1a6eb20,sponsor,Partner,published_in_cited_source; payment_unverified,,,src_a8039e7f5b60402a
role_ebdd453cbbbd9fce,evt_20ccee0b7a792a00,co_f8849d864257947c,sponsor,Partner,published_in_cited_source; payment_unverified,,,src_a8039e7f5b60402a
role_a9727ffc484cc950,evt_20ccee0b7a792a00,co_1d772ffb5ed5f970,sponsor,Partner,published_in_cited_source; payment_unverified,,,src_a8039e7f5b60402a
role_afd972f6b38b3daf,evt_20ccee0b7a792a00,co_1c6cda31110c57fa,sponsor,Partner,published_in_cited_source; payment_unverified,,,src_a8039e7f5b60402a
role_0f1d342568b831cd,evt_20ccee0b7a792a00,co_bb043f4f48305a61,sponsor,Partner,published_in_cited_source; payment_unverified,,,src_a8039e7f5b60402a
role_94271b40caa009d7,evt_20ccee0b7a792a00,co_50bc66d8aae5ae90,sponsor,Partner,published_in_cited_source; payment_unverified,,,src_a8039e7f5b60402a
role_a4ff6403163844c0,evt_20ccee0b7a792a00,co_335030e60af34715,sponsor,Partner,published_in_cited_source; payment_unverified,,,src_a8039e7f5b60402a
role_71863b22d0a1c8db,evt_20ccee0b7a792a00,co_17d43645b4daf733,sponsor,Partner,published_in_cited_source; payment_unverified,,,src_a8039e7f5b60402a
role_fb40b212219c32bc,evt_20ccee0b7a792a00,co_d9082bdcf7eaf584,sponsor,Partner,published_in_cited_source; payment_unverified,,,src_a8039e7f5b60402a
role_0843cd94ac34b95b,evt_20ccee0b7a792a00,co_b7750a3df0d40d27,sponsor,Partner,published_in_cited_source; payment_unverified,,,src_a8039e7f5b60402a
role_c7b72860f0f3077b,evt_20ccee0b7a792a00,co_93d59962b06d8e0f,sponsor,Partner,published_in_cited_source; payment_unverified,,,src_a8039e7f5b60402a
role_5813df627706a3ec,evt_20ccee0b7a792a00,co_a2a83943d5534752,sponsor,Partner,published_in_cited_source; payment_unverified,,,src_a8039e7f5b60402a
role_c3e2bc14b8e89774,evt_20ccee0b7a792a00,co_065c04f51f8295c9,sponsor,Partner,published_in_cited_source; payment_unverified,,,src_a8039e7f5b60402a
role_d217c8b54436cd0e,evt_20ccee0b7a792a00,co_d3566809b85a6169,sponsor,Partner,published_in_cited_source; payment_unverified,,,src_a8039e7f5b60402a
role_964c72c36b2c99b4,evt_20ccee0b7a792a00,co_e06a2145ce9bb611,sponsor,Participating,published_in_cited_source; payment_unverified,,,src_a8039e7f5b60402a
role_ca6dcfd0efea539c,evt_20ccee0b7a792a00,co_7352f353c460e74c,sponsor,Participating,published_in_cited_source; payment_unverified,,,src_a8039e7f5b60402a
role_53bf15685722100f,evt_20ccee0b7a792a00,co_2d6c9f56bae05223,sponsor,Participating,published_in_cited_source; payment_unverified,,,src_a8039e7f5b60402a
role_07f17c02f7acd42b,evt_20ccee0b7a792a00,co_1e86eae524ed28f9,sponsor,Participating,published_in_cited_source; payment_unverified,,,src_a8039e7f5b60402a
role_bc8c1510f790aa25,evt_20ccee0b7a792a00,co_13ed070478ef62c3,sponsor,Participating,published_in_cited_source; payment_unverified,,,src_a8039e7f5b60402a
role_938980fc9677fb97,evt_20ccee0b7a792a00,co_f96e1cd338ed25c1,sponsor,Participating,published_in_cited_source; payment_unverified,,,src_a8039e7f5b60402a
role_cbba19e491b4cb31,evt_20ccee0b7a792a00,co_35832d1c4a470cad,sponsor,Participating,published_in_cited_source; payment_unverified,,,src_a8039e7f5b60402a
role_1be162434589d7c1,evt_20ccee0b7a792a00,co_cd90699b064c8ea9,sponsor,Participating,published_in_cited_source; payment_unverified,,,src_a8039e7f5b60402a
role_75542c9aa0a39e17,evt_20ccee0b7a792a00,co_a3ec05bacf98ab46,sponsor,Participating,published_in_cited_source; payment_unverified,,,src_a8039e7f5b60402a
role_b8930c42995ccf5d,evt_20ccee0b7a792a00,co_89d01c9ba73cb5c4,sponsor,Participating,published_in_cited_source; payment_unverified,,,src_a8039e7f5b60402a
role_fe1ef2802315d6e8,evt_20ccee0b7a792a00,co_c629c048fbb93653,sponsor,Participating,published_in_cited_source; payment_unverified,,,src_a8039e7f5b60402a
role_7f85543a217a0117,evt_20ccee0b7a792a00,co_7839b6ada259ffca,sponsor,Participating,published_in_cited_source; payment_unverified,,,src_a8039e7f5b60402a
role_c86f15228472ae97,evt_20ccee0b7a792a00,co_58fd7151c0e14591,sponsor,Associate,published_in_cited_source; payment_unverified,,,src_a8039e7f5b60402a
role_d0dc048b1ca9b64e,evt_20ccee0b7a792a00,co_202d35b234122dd9,sponsor,Associate,published_in_cited_source; payment_unverified,,,src_a8039e7f5b60402a
role_035dcd977fafe53e,evt_20ccee0b7a792a00,co_fefaa42da40ecf93,sponsor,Associate,published_in_cited_source; payment_unverified,,,src_a8039e7f5b60402a
role_cc98fa713b7ee0b4,evt_20ccee0b7a792a00,co_f80e6507f90e6c33,sponsor,Associate,published_in_cited_source; payment_unverified,,,src_a8039e7f5b60402a
role_615f6ec55b1b5498,evt_20ccee0b7a792a00,co_9174f65ba89173ac,sponsor,Associate,published_in_cited_source; payment_unverified,,,src_a8039e7f5b60402a
role_669f1194c4d63419,evt_20ccee0b7a792a00,co_564119e3839812ca,sponsor,Associate,published_in_cited_source; payment_unverified,,,src_a8039e7f5b60402a
role_750664735a5d5405,evt_20ccee0b7a792a00,co_8b8c575a7f97894b,sponsor,Associate,published_in_cited_source; payment_unverified,,,src_a8039e7f5b60402a
role_c139bc2db53dc25e,evt_20ccee0b7a792a00,co_1dd7fa803674c56e,sponsor,Associate,published_in_cited_source; payment_unverified,,,src_a8039e7f5b60402a
role_b56ca87fcaa42350,evt_20ccee0b7a792a00,co_44d32dc33740cc89,sponsor,Associate,published_in_cited_source; payment_unverified,,,src_a8039e7f5b60402a
role_936273000f49d4de,evt_20ccee0b7a792a00,co_a478b4566be5cb00,sponsor,Associate,published_in_cited_source; payment_unverified,,,src_a8039e7f5b60402a
role_f97dd8075b0d0c52,evt_20ccee0b7a792a00,co_067e837f5e319f9b,sponsor,Associate,published_in_cited_source; payment_unverified,,,src_a8039e7f5b60402a
role_ec3d21504393983e,evt_20ccee0b7a792a00,co_031ac995a40ff061,sponsor,Associate,published_in_cited_source; payment_unverified,,,src_a8039e7f5b60402a
role_259061bcc44a2047,evt_20ccee0b7a792a00,co_332668ef885f84aa,sponsor,Associate,published_in_cited_source; payment_unverified,,,src_a8039e7f5b60402a
role_41cebc9cd3e833df,evt_20ccee0b7a792a00,co_bb3ff901cf098794,sponsor,Associate,published_in_cited_source; payment_unverified,,,src_a8039e7f5b60402a
role_d623197af7672984,evt_20ccee0b7a792a00,co_0de7775d90dfeb81,community,Open Source and Community,published_in_cited_source; payment_unverified,,,src_a8039e7f5b60402a
role_a9c68b6028be0a73,evt_20ccee0b7a792a00,co_d78d9a6911dedbdf,community,Open Source and Community,published_in_cited_source; payment_unverified,,,src_a8039e7f5b60402a
role_449f565966ab41b7,evt_20ccee0b7a792a00,co_8005db898448a804,community,Open Source and Community,published_in_cited_source; payment_unverified,,,src_a8039e7f5b60402a
role_d7412e9a220880c8,evt_20ccee0b7a792a00,co_a6158572ac986721,community,Open Source and Community,published_in_cited_source; payment_unverified,,,src_a8039e7f5b60402a
role_d2105f844a04e970,evt_20ccee0b7a792a00,co_f270cf67ebde6e36,community,Open Source and Community,published_in_cited_source; payment_unverified,,,src_a8039e7f5b60402a
role_30ce998b71ff0804,evt_20ccee0b7a792a00,co_9e6d67222e41669b,startup_exhibitor,PyCon Startup Row,published_in_cited_source; payment_unverified,,,src_a8039e7f5b60402a
role_ac8c7c5ed8a639f3,evt_20ccee0b7a792a00,co_fb43d12620ce8705,startup_exhibitor,PyCon Startup Row,published_in_cited_source; payment_unverified,,,src_a8039e7f5b60402a
role_0b6cb93fc9760b15,evt_20ccee0b7a792a00,co_483d9d2baa1c72ea,startup_exhibitor,PyCon Startup Row,published_in_cited_source; payment_unverified,,,src_a8039e7f5b60402a
role_bfad7c384b76114f,evt_20ccee0b7a792a00,co_870035512490d725,startup_exhibitor,PyCon Startup Row,published_in_cited_source; payment_unverified,,,src_a8039e7f5b60402a
role_e51d0b06eeb030c0,evt_20ccee0b7a792a00,co_728f72723a0c5799,startup_exhibitor,PyCon Startup Row,published_in_cited_source; payment_unverified,,,src_a8039e7f5b60402a
role_8768d712910b1ad3,evt_20ccee0b7a792a00,co_bf0e59763d382462,startup_exhibitor,PyCon Startup Row,published_in_cited_source; payment_unverified,,,src_a8039e7f5b60402a
role_4f0f4cba934367bb,evt_20ccee0b7a792a00,co_457d5bf09e1107ec,startup_exhibitor,PyCon Startup Row,published_in_cited_source; payment_unverified,,,src_a8039e7f5b60402a
role_16d3e0e7eb0ce467,evt_20ccee0b7a792a00,co_b4281b9196d3c2e2,startup_exhibitor,PyCon Startup Row,published_in_cited_source; payment_unverified,,,src_a8039e7f5b60402a
role_0e974ba8ef8f4aa1,evt_dd36adad3729b7b4,co_ea3bd73e2b506e00,sponsor,Visionary,published_in_cited_source; payment_unverified,,,src_7ad814aa572fc9ba
role_5c1c5cf4c40f4d82,evt_dd36adad3729b7b4,co_0fb9765e58d296e5,sponsor,Visionary,published_in_cited_source; payment_unverified,,,src_7ad814aa572fc9ba
role_819c0af9793c1541,evt_dd36adad3729b7b4,co_bbdefa2950f49882,sponsor,Visionary,published_in_cited_source; payment_unverified,,,src_7ad814aa572fc9ba
role_0cbb72354c95ae37,evt_dd36adad3729b7b4,co_9fbf261b62c1d7c0,sponsor,Sustainability,published_in_cited_source; payment_unverified,,,src_7ad814aa572fc9ba
role_6fda499776056f3b,evt_dd36adad3729b7b4,co_8d4321d936320802,sponsor,Sustainability,published_in_cited_source; payment_unverified,,,src_7ad814aa572fc9ba
role_31d807e53e323ab2,evt_dd36adad3729b7b4,co_3ccbd9105a45d8fc,sponsor,Maintaining,published_in_cited_source; payment_unverified,,,src_7ad814aa572fc9ba
role_a8797c46a363ab76,evt_dd36adad3729b7b4,co_6f348ef7bc564637,sponsor,Maintaining,published_in_cited_source; payment_unverified,,,src_7ad814aa572fc9ba
role_688710357a26208d,evt_dd36adad3729b7b4,co_7d1507284a5757ca,sponsor,Maintaining,published_in_cited_source; payment_unverified,,,src_7ad814aa572fc9ba
role_b3eb1265a9e9fa44,evt_dd36adad3729b7b4,co_fee6fd0cc1707a18,sponsor,Maintaining,published_in_cited_source; payment_unverified,,,src_7ad814aa572fc9ba
role_29f1591833dc7af7,evt_dd36adad3729b7b4,co_d888a3e4ea95d404,sponsor,Maintaining,published_in_cited_source; payment_unverified,,,src_7ad814aa572fc9ba
role_ca5911b7c9440540,evt_dd36adad3729b7b4,co_67b51232d90eef07,sponsor,Maintaining,published_in_cited_source; payment_unverified,,,src_7ad814aa572fc9ba
role_0cc088b9b7129d74,evt_dd36adad3729b7b4,co_5b162b0485992362,sponsor,Contributing,published_in_cited_source; payment_unverified,,,src_7ad814aa572fc9ba
role_05d8c1ab8588980f,evt_dd36adad3729b7b4,co_c4fe98345289633c,sponsor,Contributing,published_in_cited_source; payment_unverified,,,src_7ad814aa572fc9ba
role_a138513e8fb30581,evt_dd36adad3729b7b4,co_7606c4cbaae85d2d,sponsor,Contributing,published_in_cited_source; payment_unverified,,,src_7ad814aa572fc9ba
role_9052b55e57310a45,evt_dd36adad3729b7b4,co_4458f786505ab7bb,sponsor,Contributing,published_in_cited_source; payment_unverified,,,src_7ad814aa572fc9ba
role_3e255c080c678505,evt_dd36adad3729b7b4,co_99c090636aa0f68a,sponsor,Contributing,published_in_cited_source; payment_unverified,,,src_7ad814aa572fc9ba
role_36945fef73c8568a,evt_dd36adad3729b7b4,co_8dfe5e6cf73b1d6b,sponsor,Contributing,published_in_cited_source; payment_unverified,,,src_7ad814aa572fc9ba
role_e877efec8a657649,evt_dd36adad3729b7b4,co_0cf6855c1a3c323b,sponsor,Supporting,published_in_cited_source; payment_unverified,,,src_7ad814aa572fc9ba
role_a5fbd12b61d249db,evt_dd36adad3729b7b4,co_c63a9876a150404e,sponsor,Supporting,published_in_cited_source; payment_unverified,,,src_7ad814aa572fc9ba
role_e18a9f5a1dc3f276,evt_dd36adad3729b7b4,co_2dae946ece4887f3,sponsor,Supporting,published_in_cited_source; payment_unverified,,,src_7ad814aa572fc9ba
role_3dc7b19e481367c9,evt_dd36adad3729b7b4,co_fff54f474949593e,sponsor,Supporting,published_in_cited_source; payment_unverified,,,src_7ad814aa572fc9ba
role_f779b5c0871aebdd,evt_dd36adad3729b7b4,co_8bd191612e518228,sponsor,Supporting,published_in_cited_source; payment_unverified,,,src_7ad814aa572fc9ba
role_2ee0ed35cea271fd,evt_dd36adad3729b7b4,co_737e91b03ee3cfc5,sponsor,Supporting,published_in_cited_source; payment_unverified,,,src_7ad814aa572fc9ba
role_6969dee36428cf93,evt_dd36adad3729b7b4,co_6c2949a5b9698d22,sponsor,Supporting,published_in_cited_source; payment_unverified,,,src_7ad814aa572fc9ba
role_b596bb682a0da1af,evt_dd36adad3729b7b4,co_472e893c30310a7b,sponsor,Supporting,published_in_cited_source; payment_unverified,,,src_7ad814aa572fc9ba
role_ff9b1d52634b3c5d,evt_dd36adad3729b7b4,co_50cfd89765d6d5dd,sponsor,Supporting,published_in_cited_source; payment_unverified,,,src_7ad814aa572fc9ba
role_2e41ce8cfb08db4e,evt_dd36adad3729b7b4,co_71cb02ed8285bbc0,sponsor,Supporting,published_in_cited_source; payment_unverified,,,src_7ad814aa572fc9ba
role_59af67f24834244f,evt_dd36adad3729b7b4,co_4efb305aa25d3762,sponsor,Partner,published_in_cited_source; payment_unverified,,,src_7ad814aa572fc9ba
role_b65ef8a8d6b12058,evt_dd36adad3729b7b4,co_583a0126b22c6e8c,sponsor,Partner,published_in_cited_source; payment_unverified,,,src_7ad814aa572fc9ba
role_d3551b51a8573237,evt_dd36adad3729b7b4,co_dda458ae9a200140,sponsor,Partner,published_in_cited_source; payment_unverified,,,src_7ad814aa572fc9ba
role_fd0c80ae4a4d1ab0,evt_dd36adad3729b7b4,co_031ac995a40ff061,sponsor,Partner,published_in_cited_source; payment_unverified,,,src_7ad814aa572fc9ba
role_c80e0a91b5eefa7b,evt_dd36adad3729b7b4,co_de19a670b445db55,sponsor,Partner,published_in_cited_source; payment_unverified,,,src_7ad814aa572fc9ba
role_07afdc1a4ff05ca5,evt_dd36adad3729b7b4,co_e4540a7c8404b1be,sponsor,Partner,published_in_cited_source; payment_unverified,,,src_7ad814aa572fc9ba
role_bab13cc2aaab010a,evt_dd36adad3729b7b4,co_e1c8b17102a886c6,sponsor,Partner,published_in_cited_source; payment_unverified,,,src_7ad814aa572fc9ba
role_fb6900edd7e7954c,evt_dd36adad3729b7b4,co_986051385feae5b9,sponsor,Partner,published_in_cited_source; payment_unverified,,,src_7ad814aa572fc9ba
role_d5e1350f5ab21f65,evt_dd36adad3729b7b4,co_1706716bb5eebbe2,sponsor,Partner,published_in_cited_source; payment_unverified,,,src_7ad814aa572fc9ba
role_84e957e42349a7f8,evt_dd36adad3729b7b4,co_e25481764d2dd413,sponsor,Partner,published_in_cited_source; payment_unverified,,,src_7ad814aa572fc9ba
role_982ee7daa95c371c,evt_dd36adad3729b7b4,co_37b61d8e485adf54,sponsor,Partner,published_in_cited_source; payment_unverified,,,src_7ad814aa572fc9ba
role_c7e37c5ad0cf0e83,evt_dd36adad3729b7b4,co_f8532933789406dc,sponsor,Partner,published_in_cited_source; payment_unverified,,,src_7ad814aa572fc9ba
role_e1d5df9b2c7a5fca,evt_dd36adad3729b7b4,co_1d772ffb5ed5f970,sponsor,Partner,published_in_cited_source; payment_unverified,,,src_7ad814aa572fc9ba
role_88eb59335463c24b,evt_dd36adad3729b7b4,co_b7f79e8d35e86317,sponsor,Partner,published_in_cited_source; payment_unverified,,,src_7ad814aa572fc9ba
role_498c8574d5ba905e,evt_dd36adad3729b7b4,co_aacca8bcb37aefa0,sponsor,Partner,published_in_cited_source; payment_unverified,,,src_7ad814aa572fc9ba
role_0a060b59d6b30826,evt_dd36adad3729b7b4,co_7ba99a119580a884,sponsor,Partner,published_in_cited_source; payment_unverified,,,src_7ad814aa572fc9ba
role_fdccab4ee498bc52,evt_dd36adad3729b7b4,co_de5a1adf4fedcce1,sponsor,Partner,published_in_cited_source; payment_unverified,,,src_7ad814aa572fc9ba
role_672f38625b8b8cca,evt_dd36adad3729b7b4,co_5a1ad84a47ec210d,sponsor,Partner,published_in_cited_source; payment_unverified,,,src_7ad814aa572fc9ba
role_9c8e5278bf55cfbe,evt_dd36adad3729b7b4,co_93d59962b06d8e0f,sponsor,Partner,published_in_cited_source; payment_unverified,,,src_7ad814aa572fc9ba
role_d370e566cc32ac05,evt_dd36adad3729b7b4,co_66a4c7087268d4e4,sponsor,Partner,published_in_cited_source; payment_unverified,,,src_7ad814aa572fc9ba
role_0ba5e739998965b9,evt_dd36adad3729b7b4,co_4d8bd97f03109ac1,sponsor,Partner,published_in_cited_source; payment_unverified,,,src_7ad814aa572fc9ba
role_1bb8e9fec164ca4a,evt_dd36adad3729b7b4,co_da1f7df424253d20,sponsor,Partner,published_in_cited_source; payment_unverified,,,src_7ad814aa572fc9ba
role_aa243aae0cf3c6bb,evt_dd36adad3729b7b4,co_a6158572ac986721,sponsor,Partner,published_in_cited_source; payment_unverified,,,src_7ad814aa572fc9ba
role_2e91f7fc6371ea50,evt_dd36adad3729b7b4,co_d9082bdcf7eaf584,sponsor,Partner,published_in_cited_source; payment_unverified,,,src_7ad814aa572fc9ba
role_bb344c7ce42d6a6b,evt_dd36adad3729b7b4,co_b2f7f26289c74cdf,sponsor,Partner,published_in_cited_source; payment_unverified,,,src_7ad814aa572fc9ba
role_62f1c9d190f791aa,evt_dd36adad3729b7b4,co_13fd9e770be36698,sponsor,Partner,published_in_cited_source; payment_unverified,,,src_7ad814aa572fc9ba
role_b99695b9d279fda3,evt_dd36adad3729b7b4,co_08e05b2a2d20f9bb,sponsor,Partner,published_in_cited_source; payment_unverified,,,src_7ad814aa572fc9ba
role_d4cccf604c905daa,evt_dd36adad3729b7b4,co_b0c5ed0373c6dce9,sponsor,Partner,published_in_cited_source; payment_unverified,,,src_7ad814aa572fc9ba
role_06d2bb0b3d2813c0,evt_dd36adad3729b7b4,co_e2657581fe469aaa,sponsor,Partner,published_in_cited_source; payment_unverified,,,src_7ad814aa572fc9ba
role_9edb612c0c161c6a,evt_dd36adad3729b7b4,co_50bc66d8aae5ae90,sponsor,Partner,published_in_cited_source; payment_unverified,,,src_7ad814aa572fc9ba
role_53d9acfc0b2f3b87,evt_dd36adad3729b7b4,co_6cf8f6a5860efce5,sponsor,Partner,published_in_cited_source; payment_unverified,,,src_7ad814aa572fc9ba
role_915d9cf4dc36cb79,evt_dd36adad3729b7b4,co_13ed070478ef62c3,sponsor,Participating,published_in_cited_source; payment_unverified,,,src_7ad814aa572fc9ba
role_99cabacf507cc654,evt_dd36adad3729b7b4,co_bffa48eb238c593b,sponsor,Participating,published_in_cited_source; payment_unverified,,,src_7ad814aa572fc9ba
role_6920580f58cd735f,evt_dd36adad3729b7b4,co_2d11bbe7f5477739,sponsor,Participating,published_in_cited_source; payment_unverified,,,src_7ad814aa572fc9ba
role_647b6a38cbaecfc3,evt_dd36adad3729b7b4,co_4327ae043030e56a,sponsor,Participating,published_in_cited_source; payment_unverified,,,src_7ad814aa572fc9ba
role_39b4e9caf6430200,evt_dd36adad3729b7b4,co_1e86eae524ed28f9,sponsor,Participating,published_in_cited_source; payment_unverified,,,src_7ad814aa572fc9ba
role_3722b850acb8624c,evt_dd36adad3729b7b4,co_2d6c9f56bae05223,sponsor,Participating,published_in_cited_source; payment_unverified,,,src_7ad814aa572fc9ba
role_f3e6a1e9414e4cdb,evt_dd36adad3729b7b4,co_19dd31ffd7bb951a,sponsor,Participating,published_in_cited_source; payment_unverified,,,src_7ad814aa572fc9ba
role_c57c0787e6330f2e,evt_dd36adad3729b7b4,co_c723ccd1e1a6eb20,sponsor,Participating,published_in_cited_source; payment_unverified,,,src_7ad814aa572fc9ba
role_19ca82b7b73ae330,evt_dd36adad3729b7b4,co_edcf0458016a0e5b,sponsor,Participating,published_in_cited_source; payment_unverified,,,src_7ad814aa572fc9ba
role_1bc735b0b6a87d19,evt_dd36adad3729b7b4,co_f96e1cd338ed25c1,sponsor,Participating,published_in_cited_source; payment_unverified,,,src_7ad814aa572fc9ba
role_7b5b69a5db962ebe,evt_dd36adad3729b7b4,co_c629c048fbb93653,sponsor,Participating,published_in_cited_source; payment_unverified,,,src_7ad814aa572fc9ba
role_dea919d0a0ea4b7b,evt_dd36adad3729b7b4,co_3db1f560db626918,sponsor,Participating,published_in_cited_source; payment_unverified,,,src_7ad814aa572fc9ba
role_b6aea50a946b9461,evt_dd36adad3729b7b4,co_b17a3bcc21f120a7,sponsor,Associate,published_in_cited_source; payment_unverified,,,src_7ad814aa572fc9ba
role_4e282001860241b3,evt_dd36adad3729b7b4,co_332668ef885f84aa,sponsor,Associate,published_in_cited_source; payment_unverified,,,src_7ad814aa572fc9ba
role_73da011212831950,evt_dd36adad3729b7b4,co_e0239380f6ff1805,sponsor,Associate,published_in_cited_source; payment_unverified,,,src_7ad814aa572fc9ba
role_7ca26c854c053633,evt_dd36adad3729b7b4,co_ba07354baa798e5e,sponsor,Associate,published_in_cited_source; payment_unverified,,,src_7ad814aa572fc9ba
role_632c0ff54dfa1206,evt_dd36adad3729b7b4,co_4d3ac065f59aec6d,sponsor,Associate,published_in_cited_source; payment_unverified,,,src_7ad814aa572fc9ba
role_c3f2242bf788680d,evt_dd36adad3729b7b4,co_528568279a01be76,sponsor,Associate,published_in_cited_source; payment_unverified,,,src_7ad814aa572fc9ba
role_21e506d49290d266,evt_dd36adad3729b7b4,co_067e837f5e319f9b,sponsor,Associate,published_in_cited_source; payment_unverified,,,src_7ad814aa572fc9ba
role_10dde37d95be76e3,evt_dd36adad3729b7b4,co_3e84c86692aa4049,sponsor,Associate,published_in_cited_source; payment_unverified,,,src_7ad814aa572fc9ba
role_b40f81ca1130ddc7,evt_dd36adad3729b7b4,co_1dd7fa803674c56e,sponsor,Associate,published_in_cited_source; payment_unverified,,,src_7ad814aa572fc9ba
role_58260aa3ec550627,evt_dd36adad3729b7b4,co_f4ba7fa74be66d39,sponsor,Associate,published_in_cited_source; payment_unverified,,,src_7ad814aa572fc9ba
role_4abdde6340fbb6be,evt_dd36adad3729b7b4,co_bb3ff901cf098794,sponsor,Associate,published_in_cited_source; payment_unverified,,,src_7ad814aa572fc9ba
role_f3d727ac1d140fc2,evt_dd36adad3729b7b4,co_4cef8fea9158d905,sponsor,Mobile App Sponsor,published_in_cited_source; payment_unverified,,,src_7ad814aa572fc9ba
role_f19f584442ae54cd,evt_dd36adad3729b7b4,co_812e332889a7564f,startup_exhibitor,PyCon US Startup Row,published_in_cited_source; payment_unverified,,,src_7ad814aa572fc9ba
role_b0fcc2bc3f35ba28,evt_dd36adad3729b7b4,co_5bcad0dd47c63afb,startup_exhibitor,PyCon US Startup Row,published_in_cited_source; payment_unverified,,,src_7ad814aa572fc9ba
role_897111dec74b5b37,evt_dd36adad3729b7b4,co_c6a6190da8fc5898,startup_exhibitor,PyCon US Startup Row,published_in_cited_source; payment_unverified,,,src_7ad814aa572fc9ba
role_2b3708c3b69c1815,evt_dd36adad3729b7b4,co_59b6c17db39c038f,startup_exhibitor,PyCon US Startup Row,published_in_cited_source; payment_unverified,,,src_7ad814aa572fc9ba
role_8336db83fcd22016,evt_dd36adad3729b7b4,co_a792f3832079c9c0,startup_exhibitor,PyCon US Startup Row,published_in_cited_source; payment_unverified,,,src_7ad814aa572fc9ba
role_3e17b61bb4798ece,evt_dd36adad3729b7b4,co_f1bda1e1fec8c7e8,startup_exhibitor,PyCon US Startup Row,published_in_cited_source; payment_unverified,,,src_7ad814aa572fc9ba
role_c2788a76d099682c,evt_dd36adad3729b7b4,co_2bf4825e44cdc9ae,startup_exhibitor,PyCon US Startup Row,published_in_cited_source; payment_unverified,,,src_7ad814aa572fc9ba
role_aa6fd822f96df13e,evt_dd36adad3729b7b4,co_db3d8d2564eb3c00,startup_exhibitor,PyCon US Startup Row,published_in_cited_source; payment_unverified,,,src_7ad814aa572fc9ba
role_8c30671d71475170,evt_dd36adad3729b7b4,co_9e5809708c79b689,sponsor,Standalone Only,published_in_cited_source; payment_unverified,,,src_7ad814aa572fc9ba
role_bc9f412593f0d85f,evt_dd36adad3729b7b4,co_a478b4566be5cb00,community,Open Source and Community,published_in_cited_source; payment_unverified,,,src_7ad814aa572fc9ba
role_09d30ed89aa1a160,evt_dd36adad3729b7b4,co_94189646941b7448,community,Open Source and Community,published_in_cited_source; payment_unverified,,,src_7ad814aa572fc9ba
role_ee3a8fd2d2731855,evt_dd36adad3729b7b4,co_f270cf67ebde6e36,community,Open Source and Community,published_in_cited_source; payment_unverified,,,src_7ad814aa572fc9ba
role_644afdec839b5970,evt_dd36adad3729b7b4,co_5a0732b8ea1c3aad,sponsor,Standalone Only,published_in_cited_source; payment_unverified,,,src_7ad814aa572fc9ba
role_b7206576e68d6b87,evt_dd36adad3729b7b4,co_8005db898448a804,community,Open Source and Community,published_in_cited_source; payment_unverified,,,src_7ad814aa572fc9ba
role_b6852ee250a7be8d,evt_dd36adad3729b7b4,co_d78d9a6911dedbdf,community,Open Source and Community,published_in_cited_source; payment_unverified,,,src_7ad814aa572fc9ba
role_60f9bff3c6220efc,evt_dd36adad3729b7b4,co_cc23a96448fd7632,community,Open Source and Community,published_in_cited_source; payment_unverified,,,src_7ad814aa572fc9ba
role_cac5c03ec404424a,evt_dd36adad3729b7b4,co_81815e3cad013bb9,community,Open Source and Community,published_in_cited_source; payment_unverified,,,src_7ad814aa572fc9ba
role_574945527127e162,evt_dd36adad3729b7b4,co_f68ae76006d5e2a5,sponsor,Standalone Only,published_in_cited_source; payment_unverified,,,src_7ad814aa572fc9ba
role_4d67e9246f80ef36,evt_dd36adad3729b7b4,co_0de7775d90dfeb81,community,Open Source and Community,published_in_cited_source; payment_unverified,,,src_7ad814aa572fc9ba
role_e93a6d326396860e,evt_dd36adad3729b7b4,co_4fa81ae73ef76393,sponsor,Standalone Only,published_in_cited_source; payment_unverified,,,src_7ad814aa572fc9ba
role_227df471ec8482ec,evt_1fc974874ad3a13f,co_8d4321d936320802,sponsor,Visionary,published_in_cited_source; payment_unverified,,,src_54d689b8cce30f65
role_e21c75297c9dc871,evt_1fc974874ad3a13f,co_bbdefa2950f49882,sponsor,Visionary,published_in_cited_source; payment_unverified,,,src_54d689b8cce30f65
role_fd2947ad6d9666db,evt_1fc974874ad3a13f,co_ea3bd73e2b506e00,sponsor,Visionary,published_in_cited_source; payment_unverified,,,src_54d689b8cce30f65
role_bbd23958bda7e90a,evt_1fc974874ad3a13f,co_0f214b80de91c060,sponsor,Visionary,published_in_cited_source; payment_unverified,,,src_54d689b8cce30f65
role_4bb560aa282b676c,evt_1fc974874ad3a13f,co_0fb9765e58d296e5,sponsor,Visionary,published_in_cited_source; payment_unverified,,,src_54d689b8cce30f65
role_742fe9b34e28a3bd,evt_1fc974874ad3a13f,co_9fbf261b62c1d7c0,sponsor,Sustainability,published_in_cited_source; payment_unverified,,,src_54d689b8cce30f65
role_a6745db1e395a787,evt_1fc974874ad3a13f,co_fee6fd0cc1707a18,sponsor,Sustainability,published_in_cited_source; payment_unverified,,,src_54d689b8cce30f65
role_c83c5984f2bddded,evt_1fc974874ad3a13f,co_8dfe5e6cf73b1d6b,sponsor,Maintaining,published_in_cited_source; payment_unverified,,,src_54d689b8cce30f65
role_844f656cb38e236e,evt_1fc974874ad3a13f,co_4202df23a0dc9b38,sponsor,Maintaining,published_in_cited_source; payment_unverified,,,src_54d689b8cce30f65
role_67042ff381c0bc82,evt_1fc974874ad3a13f,co_67b51232d90eef07,sponsor,Maintaining,published_in_cited_source; payment_unverified,,,src_54d689b8cce30f65
role_590ebaa893e89058,evt_1fc974874ad3a13f,co_c4e96ef720ad19a2,sponsor,Maintaining,published_in_cited_source; payment_unverified,,,src_54d689b8cce30f65
role_f90ee7531363b170,evt_1fc974874ad3a13f,co_6f348ef7bc564637,sponsor,Maintaining,published_in_cited_source; payment_unverified,,,src_54d689b8cce30f65
role_4504f24791c8277b,evt_1fc974874ad3a13f,co_066b5b5ad80702e1,sponsor,Maintaining,published_in_cited_source; payment_unverified,,,src_54d689b8cce30f65
role_8a508b6002060df8,evt_1fc974874ad3a13f,co_1cc9a79bdaf09793,sponsor,Maintaining,published_in_cited_source; payment_unverified,,,src_54d689b8cce30f65
role_998aaa743d3b1c24,evt_1fc974874ad3a13f,co_7d1507284a5757ca,sponsor,Maintaining,published_in_cited_source; payment_unverified,,,src_54d689b8cce30f65
role_6dcfae282aaa517d,evt_1fc974874ad3a13f,co_6c2949a5b9698d22,sponsor,Contributing,published_in_cited_source; payment_unverified,,,src_54d689b8cce30f65
role_a4b36e8ff53fd09c,evt_1fc974874ad3a13f,co_99c090636aa0f68a,sponsor,Contributing,published_in_cited_source; payment_unverified,,,src_54d689b8cce30f65
role_aaad42d7d437413f,evt_1fc974874ad3a13f,co_d888a3e4ea95d404,sponsor,Contributing,published_in_cited_source; payment_unverified,,,src_54d689b8cce30f65
role_39c7a81c858cd607,evt_1fc974874ad3a13f,co_df8e966c94469b23,sponsor,Supporting,published_in_cited_source; payment_unverified,,,src_54d689b8cce30f65
role_1b07d092d5190962,evt_1fc974874ad3a13f,co_fff54f474949593e,sponsor,Supporting,published_in_cited_source; payment_unverified,,,src_54d689b8cce30f65
role_83159f6f1f4beca1,evt_1fc974874ad3a13f,co_9202af6ce925b26a,sponsor,Supporting,published_in_cited_source; payment_unverified,,,src_54d689b8cce30f65
role_8909cc3f3b42270b,evt_1fc974874ad3a13f,co_6366233f6ef38437,sponsor,Supporting,published_in_cited_source; payment_unverified,,,src_54d689b8cce30f65
role_140e89fd921d9afa,evt_1fc974874ad3a13f,co_71cb02ed8285bbc0,sponsor,Supporting,published_in_cited_source; payment_unverified,,,src_54d689b8cce30f65
role_6aece9df72160d29,evt_1fc974874ad3a13f,co_50cfd89765d6d5dd,sponsor,Supporting,published_in_cited_source; payment_unverified,,,src_54d689b8cce30f65
role_5824f2f1a2a50d4e,evt_1fc974874ad3a13f,co_7606c4cbaae85d2d,sponsor,Supporting,published_in_cited_source; payment_unverified,,,src_54d689b8cce30f65
role_85de6c015dc8e97c,evt_1fc974874ad3a13f,co_0cf6855c1a3c323b,sponsor,Supporting,published_in_cited_source; payment_unverified,,,src_54d689b8cce30f65
role_db74dbcdf2a9e8f5,evt_1fc974874ad3a13f,co_210769549f09f59f,sponsor,Supporting,published_in_cited_source; payment_unverified,,,src_54d689b8cce30f65
role_5fc0abc6100fabd5,evt_1fc974874ad3a13f,co_307bc6d73f16c336,sponsor,Supporting,published_in_cited_source; payment_unverified,,,src_54d689b8cce30f65
role_b9c69d32dd4394fb,evt_1fc974874ad3a13f,co_4d8bd97f03109ac1,sponsor,Partner,published_in_cited_source; payment_unverified,,,src_54d689b8cce30f65
role_8c3d45aefc32bc45,evt_1fc974874ad3a13f,co_8a8753c28b6b54ca,sponsor,Partner,published_in_cited_source; payment_unverified,,,src_54d689b8cce30f65
role_1480135b83acbb18,evt_1fc974874ad3a13f,co_e25481764d2dd413,sponsor,Partner,published_in_cited_source; payment_unverified,,,src_54d689b8cce30f65
role_3c835c74f13b9b1a,evt_1fc974874ad3a13f,co_478e21ce840c85a4,sponsor,Partner,published_in_cited_source; payment_unverified,,,src_54d689b8cce30f65
role_0970c73996bb7e53,evt_1fc974874ad3a13f,co_2f9bbb1bdf86d55d,sponsor,Partner,published_in_cited_source; payment_unverified,,,src_54d689b8cce30f65
role_198236c29a78bc74,evt_1fc974874ad3a13f,co_2dca01215ad0cc73,sponsor,Partner,published_in_cited_source; payment_unverified,,,src_54d689b8cce30f65
role_5af3a1ad6bdf8de0,evt_1fc974874ad3a13f,co_5a1ad84a47ec210d,sponsor,Partner,published_in_cited_source; payment_unverified,,,src_54d689b8cce30f65
role_0d2715ab21f4a7b0,evt_1fc974874ad3a13f,co_230ba08123703313,sponsor,Partner,published_in_cited_source; payment_unverified,,,src_54d689b8cce30f65
role_e75b8f37046faf8e,evt_1fc974874ad3a13f,co_93d59962b06d8e0f,sponsor,Partner,published_in_cited_source; payment_unverified,,,src_54d689b8cce30f65
role_6ca88371cb012748,evt_1fc974874ad3a13f,co_dcb345e2ec079849,sponsor,Partner,published_in_cited_source; payment_unverified,,,src_54d689b8cce30f65
role_0c2c59a5fe51e650,evt_1fc974874ad3a13f,co_f5454ed41a73cbd8,sponsor,Partner,published_in_cited_source; payment_unverified,,,src_54d689b8cce30f65
role_612de4661024722f,evt_1fc974874ad3a13f,co_e4540a7c8404b1be,sponsor,Partner,published_in_cited_source; payment_unverified,,,src_54d689b8cce30f65
role_c5bf1bbb6b4859ee,evt_1fc974874ad3a13f,co_89d01c9ba73cb5c4,sponsor,Partner,published_in_cited_source; payment_unverified,,,src_54d689b8cce30f65
role_2795abad56eaeb36,evt_1fc974874ad3a13f,co_cdc00f6c62a542af,sponsor,Partner,published_in_cited_source; payment_unverified,,,src_54d689b8cce30f65
role_021ccb6e0072c519,evt_1fc974874ad3a13f,co_50bc66d8aae5ae90,sponsor,Partner,published_in_cited_source; payment_unverified,,,src_54d689b8cce30f65
role_accebe28ea7eb89a,evt_1fc974874ad3a13f,co_986051385feae5b9,sponsor,Partner,published_in_cited_source; payment_unverified,,,src_54d689b8cce30f65
role_e56904132bbaa547,evt_1fc974874ad3a13f,co_738e22f0acab814c,sponsor,Partner,published_in_cited_source; payment_unverified,,,src_54d689b8cce30f65
role_04b0dbf75a4ab172,evt_1fc974874ad3a13f,co_aa6f421798e44f08,sponsor,Partner,published_in_cited_source; payment_unverified,,,src_54d689b8cce30f65
role_cf312aeefbaab039,evt_1fc974874ad3a13f,co_c9a2dcb05123781d,sponsor,Partner,published_in_cited_source; payment_unverified,,,src_54d689b8cce30f65
role_0b4d2f646a3b68fc,evt_1fc974874ad3a13f,co_d5dd4c3ebd80327d,sponsor,Partner,published_in_cited_source; payment_unverified,,,src_54d689b8cce30f65
role_009d03d293e0c5ab,evt_1fc974874ad3a13f,co_a6158572ac986721,sponsor,Partner,published_in_cited_source; payment_unverified,,,src_54d689b8cce30f65
role_c2888e14a112b767,evt_1fc974874ad3a13f,co_991785478cf242c1,sponsor,Partner,published_in_cited_source; payment_unverified,,,src_54d689b8cce30f65
role_58bc7592eb0ae162,evt_1fc974874ad3a13f,co_da1f7df424253d20,government_participant,Government Participant,published_in_cited_source; payment_unverified,,,src_54d689b8cce30f65
role_1c5269b9e4f7e00f,evt_1fc974874ad3a13f,co_13ed070478ef62c3,sponsor,Participating,published_in_cited_source; payment_unverified,,,src_54d689b8cce30f65
role_e5fb79eda0be0f8e,evt_1fc974874ad3a13f,co_7ba99a119580a884,sponsor,Participating,published_in_cited_source; payment_unverified,,,src_54d689b8cce30f65
role_0dcdbe9964eed7dc,evt_1fc974874ad3a13f,co_c629c048fbb93653,sponsor,Participating,published_in_cited_source; payment_unverified,,,src_54d689b8cce30f65
role_2be4c5f0ef4f2a1b,evt_1fc974874ad3a13f,co_bffa48eb238c593b,sponsor,Participating,published_in_cited_source; payment_unverified,,,src_54d689b8cce30f65
role_6ac33165da481251,evt_1fc974874ad3a13f,co_1e86eae524ed28f9,sponsor,Participating,published_in_cited_source; payment_unverified,,,src_54d689b8cce30f65
role_a8c71c033ff868ad,evt_1fc974874ad3a13f,co_3cb882789f1a7e57,sponsor,Participating,published_in_cited_source; payment_unverified,,,src_54d689b8cce30f65
role_9d569989a636724d,evt_1fc974874ad3a13f,co_200beb22745b2048,sponsor,Participating,published_in_cited_source; payment_unverified,,,src_54d689b8cce30f65
role_36b627942074603b,evt_1fc974874ad3a13f,co_19dd31ffd7bb951a,sponsor,Participating,published_in_cited_source; payment_unverified,,,src_54d689b8cce30f65
role_81ce24390d02dd24,evt_1fc974874ad3a13f,co_2e9f768344ff39ac,sponsor,Participating,published_in_cited_source; payment_unverified,,,src_54d689b8cce30f65
role_e8dded6b6adabb3c,evt_1fc974874ad3a13f,co_ce554bafb278bd40,sponsor,Participating,published_in_cited_source; payment_unverified,,,src_54d689b8cce30f65
role_e265dc05bd880ffb,evt_1fc974874ad3a13f,co_c25d8cc5b1ca791d,sponsor,Participating,published_in_cited_source; payment_unverified,,,src_54d689b8cce30f65
role_12dd74520febc7c6,evt_1fc974874ad3a13f,co_65a09602c00946f2,sponsor,Participating,published_in_cited_source; payment_unverified,,,src_54d689b8cce30f65
role_6101b39c67c92ef9,evt_1fc974874ad3a13f,co_66943866c3d1464a,sponsor,Participating,published_in_cited_source; payment_unverified,,,src_54d689b8cce30f65
role_cdcbf8370f2e89b4,evt_1fc974874ad3a13f,co_b17a3bcc21f120a7,sponsor,Associate,published_in_cited_source; payment_unverified,,,src_54d689b8cce30f65
role_0480dfffd8cfbdcf,evt_1fc974874ad3a13f,co_bb3ff901cf098794,sponsor,Associate,published_in_cited_source; payment_unverified,,,src_54d689b8cce30f65
role_cebe204ed5895965,evt_1fc974874ad3a13f,co_83504cbc492dffaf,startup_exhibitor,PyCon US Startup Row,published_in_cited_source; payment_unverified,,,src_54d689b8cce30f65
role_64354f3d140a9384,evt_1fc974874ad3a13f,co_996fc72ddada5862,startup_exhibitor,PyCon US Startup Row,published_in_cited_source; payment_unverified,,,src_54d689b8cce30f65
role_536ba043f4015a4b,evt_1fc974874ad3a13f,co_57e0b2387be546e2,startup_exhibitor,PyCon US Startup Row,published_in_cited_source; payment_unverified,,,src_54d689b8cce30f65
role_694784b01769b56b,evt_1fc974874ad3a13f,co_02ce47da0b9aed8e,startup_exhibitor,PyCon US Startup Row,published_in_cited_source; payment_unverified,,,src_54d689b8cce30f65
role_7a262d1de4426e7c,evt_1fc974874ad3a13f,co_981e57f9981406a3,startup_exhibitor,PyCon US Startup Row,published_in_cited_source; payment_unverified,,,src_54d689b8cce30f65
role_19badfa0aa6b036f,evt_1fc974874ad3a13f,co_3a4ad37e305ff3bb,startup_exhibitor,PyCon US Startup Row,published_in_cited_source; payment_unverified,,,src_54d689b8cce30f65
role_cada6cacf586ec69,evt_1fc974874ad3a13f,co_b2ac8229e084792b,startup_exhibitor,PyCon US Startup Row,published_in_cited_source; payment_unverified,,,src_54d689b8cce30f65
role_22754154e0813e6a,evt_1fc974874ad3a13f,co_fbcb6e6044d117b0,startup_exhibitor,PyCon US Startup Row,published_in_cited_source; payment_unverified,,,src_54d689b8cce30f65
role_a4dbd79d23d5c21d,evt_1fc974874ad3a13f,co_f414a277236480ec,community,Community,published_in_cited_source; payment_unverified,,,src_54d689b8cce30f65
role_69d5046c484bbf05,evt_1fc974874ad3a13f,co_f270cf67ebde6e36,community,Community,published_in_cited_source; payment_unverified,,,src_54d689b8cce30f65
role_9fb159fd73769dd9,evt_1fc974874ad3a13f,co_9e7369079f0afaa9,community,Community,published_in_cited_source; payment_unverified,,,src_54d689b8cce30f65
role_a872326a1436eccc,evt_1fc974874ad3a13f,co_d78d9a6911dedbdf,community,Community,published_in_cited_source; payment_unverified,,,src_54d689b8cce30f65
role_5e1f487c4935c9c9,evt_1fc974874ad3a13f,co_0de7775d90dfeb81,community,Community,published_in_cited_source; payment_unverified,,,src_54d689b8cce30f65
role_fbfb63c5f0c9ce7b,evt_1fc974874ad3a13f,co_3ac39942387ec818,community,Community,published_in_cited_source; payment_unverified,,,src_54d689b8cce30f65
role_5780fc637d8ebb72,evt_1fc974874ad3a13f,co_86b7474c8a220dd4,community,Community,published_in_cited_source; payment_unverified,,,src_54d689b8cce30f65
role_5517ed4b520afbf8,evt_1fc974874ad3a13f,co_94189646941b7448,community,Community,published_in_cited_source; payment_unverified,,,src_54d689b8cce30f65
role_461c34ab60b8dbdd,evt_1fc974874ad3a13f,co_cc23a96448fd7632,community,Community,published_in_cited_source; payment_unverified,,,src_54d689b8cce30f65
role_3d030f1bd79a5204,evt_1fc974874ad3a13f,co_81815e3cad013bb9,community,Community,published_in_cited_source; payment_unverified,,,src_54d689b8cce30f65
role_740a2e44b4924b1e,evt_1fc974874ad3a13f,co_8005db898448a804,community,Community,published_in_cited_source; payment_unverified,,,src_54d689b8cce30f65
role_c212c1bddb1eedff,evt_1fc974874ad3a13f,co_a478b4566be5cb00,community,Community,published_in_cited_source; payment_unverified,,,src_54d689b8cce30f65
role_28a8e42da7d6a37d,evt_1fc974874ad3a13f,co_dad9f18eb98b68a1,sponsor,Standalone Only,published_in_cited_source; payment_unverified,,,src_54d689b8cce30f65
role_50188c824b70fb99,evt_1fc974874ad3a13f,co_36b4d5dc2f83e881,sponsor,Standalone Only,published_in_cited_source; payment_unverified,,,src_54d689b8cce30f65
role_ef625ee5f32e0b8c,evt_1fc974874ad3a13f,co_7adc0c04165eb258,sponsor,A la carte,published_in_cited_source; payment_unverified,,,src_54d689b8cce30f65
role_52487479a9224d27,evt_1fc974874ad3a13f,co_5a0732b8ea1c3aad,sponsor,Standalone Only,published_in_cited_source; payment_unverified,,,src_54d689b8cce30f65
role_772c2cbb7e31ee0e,evt_1fc974874ad3a13f,co_f68ae76006d5e2a5,sponsor,Standalone Only,published_in_cited_source; payment_unverified,,,src_54d689b8cce30f65
role_fe15fb23ac2f7f08,evt_1fc974874ad3a13f,co_32423eaa5cdf1bdd,sponsor,Standalone Only,published_in_cited_source; payment_unverified,,,src_54d689b8cce30f65
role_cae1778f87f0fa2d,evt_1fc974874ad3a13f,co_0de9afdbd83c22a5,media_partner,Media,published_in_cited_source; payment_unverified,,,src_54d689b8cce30f65
role_b0f75c82a1e76b61,evt_1fc974874ad3a13f,co_4987a1e2e36cd283,media_partner,Media,published_in_cited_source; payment_unverified,,,src_54d689b8cce30f65
role_b50c363da8916701,evt_ec56dad6b0f54653,co_ea3bd73e2b506e00,sponsor,Visionary,published_in_cited_source; payment_unverified,,,src_b7abf127fce0b3ab
role_f0b1d8f25ea29a0f,evt_ec56dad6b0f54653,co_8d4321d936320802,sponsor,Visionary,published_in_cited_source; payment_unverified,,,src_b7abf127fce0b3ab
role_865cf62732c1c268,evt_ec56dad6b0f54653,co_0f214b80de91c060,sponsor,Visionary,published_in_cited_source; payment_unverified,,,src_b7abf127fce0b3ab
role_65fec8dd52bbb1e7,evt_ec56dad6b0f54653,co_0fb9765e58d296e5,sponsor,Visionary,published_in_cited_source; payment_unverified,,,src_b7abf127fce0b3ab
role_351df5b6450e601f,evt_ec56dad6b0f54653,co_bbdefa2950f49882,sponsor,Visionary,published_in_cited_source; payment_unverified,,,src_b7abf127fce0b3ab
role_8bc4e66f05d84116,evt_ec56dad6b0f54653,co_9fbf261b62c1d7c0,sponsor,Sustainability,published_in_cited_source; payment_unverified,,,src_b7abf127fce0b3ab
role_aefe0c63d526d180,evt_ec56dad6b0f54653,co_7d1507284a5757ca,sponsor,Maintaining,published_in_cited_source; payment_unverified,,,src_b7abf127fce0b3ab
role_ca737924e7a61ba9,evt_ec56dad6b0f54653,co_6f348ef7bc564637,sponsor,Maintaining,published_in_cited_source; payment_unverified,,,src_b7abf127fce0b3ab
role_7f09a2eaf2270b05,evt_ec56dad6b0f54653,co_67b51232d90eef07,sponsor,Maintaining,published_in_cited_source; payment_unverified,,,src_b7abf127fce0b3ab
role_afb2e83b4efa1d2c,evt_ec56dad6b0f54653,co_8dfe5e6cf73b1d6b,sponsor,Maintaining,published_in_cited_source; payment_unverified,,,src_b7abf127fce0b3ab
role_354dcc16f931b97a,evt_ec56dad6b0f54653,co_1cc9a79bdaf09793,sponsor,Maintaining,published_in_cited_source; payment_unverified,,,src_b7abf127fce0b3ab
role_097e31c42d5dc3e1,evt_ec56dad6b0f54653,co_de5a1adf4fedcce1,sponsor,Maintaining,published_in_cited_source; payment_unverified,,,src_b7abf127fce0b3ab
role_c5844e9cc61a93a9,evt_ec56dad6b0f54653,co_066b5b5ad80702e1,sponsor,Maintaining,published_in_cited_source; payment_unverified,,,src_b7abf127fce0b3ab
role_880fc5f9d43fdd0d,evt_ec56dad6b0f54653,co_307bc6d73f16c336,sponsor,Contributing,published_in_cited_source; payment_unverified,,,src_b7abf127fce0b3ab
role_e78b898ff8729f5b,evt_ec56dad6b0f54653,co_d888a3e4ea95d404,sponsor,Contributing,published_in_cited_source; payment_unverified,,,src_b7abf127fce0b3ab
role_2af25e9622f35d90,evt_ec56dad6b0f54653,co_4202df23a0dc9b38,sponsor,Contributing,published_in_cited_source; payment_unverified,,,src_b7abf127fce0b3ab
role_95e628cd52be7ba1,evt_ec56dad6b0f54653,co_7606c4cbaae85d2d,sponsor,Contributing,published_in_cited_source; payment_unverified,,,src_b7abf127fce0b3ab
role_3e7552411e827326,evt_ec56dad6b0f54653,co_6c2949a5b9698d22,sponsor,Contributing,published_in_cited_source; payment_unverified,,,src_b7abf127fce0b3ab
role_64395ff793902b73,evt_ec56dad6b0f54653,co_99c090636aa0f68a,sponsor,Contributing,published_in_cited_source; payment_unverified,,,src_b7abf127fce0b3ab
role_65810e7043fdc825,evt_ec56dad6b0f54653,co_0cf6855c1a3c323b,sponsor,Supporting,published_in_cited_source; payment_unverified,,,src_b7abf127fce0b3ab
role_8fd74f111c94b701,evt_ec56dad6b0f54653,co_e7d0134ab143cd58,sponsor,Supporting,published_in_cited_source; payment_unverified,,,src_b7abf127fce0b3ab
role_fed7bd31deba9a9d,evt_ec56dad6b0f54653,co_ab8a2c59b7a5aab0,sponsor,Supporting,published_in_cited_source; payment_unverified,,,src_b7abf127fce0b3ab
role_dc1c266d0f2b9fd8,evt_ec56dad6b0f54653,co_8121beb55cfc4e78,sponsor,Supporting,published_in_cited_source; payment_unverified,,,src_b7abf127fce0b3ab
role_13792c8a704f6daf,evt_ec56dad6b0f54653,co_fff54f474949593e,sponsor,Supporting,published_in_cited_source; payment_unverified,,,src_b7abf127fce0b3ab
role_83eec2b7362004c9,evt_ec56dad6b0f54653,co_264afbe0e67e4d6c,sponsor,Supporting,published_in_cited_source; payment_unverified,,,src_b7abf127fce0b3ab
role_6fd13830f1650117,evt_ec56dad6b0f54653,co_df8e966c94469b23,sponsor,Supporting,published_in_cited_source; payment_unverified,,,src_b7abf127fce0b3ab
role_968901da539bcade,evt_ec56dad6b0f54653,co_cdc00f6c62a542af,sponsor,Supporting,published_in_cited_source; payment_unverified,,,src_b7abf127fce0b3ab
role_6ccefc1d87ab0fd8,evt_ec56dad6b0f54653,co_fee6fd0cc1707a18,sponsor,Supporting,published_in_cited_source; payment_unverified,,,src_b7abf127fce0b3ab
role_42558c6158c13e5c,evt_ec56dad6b0f54653,co_ef847f180cddedc8,sponsor,Partner,published_in_cited_source; payment_unverified,,,src_b7abf127fce0b3ab
role_16cdab1e32a1a3dc,evt_ec56dad6b0f54653,co_f7c640a5d8ec7e07,sponsor,Partner,published_in_cited_source; payment_unverified,,,src_b7abf127fce0b3ab
role_ef55f60fdb0d53bc,evt_ec56dad6b0f54653,co_9e6d67222e41669b,sponsor,Partner,published_in_cited_source; payment_unverified,,,src_b7abf127fce0b3ab
role_55a8ed57b2a76587,evt_ec56dad6b0f54653,co_efef66d3c8c24b75,sponsor,Partner,published_in_cited_source; payment_unverified,,,src_b7abf127fce0b3ab
role_02d580bbed374603,evt_ec56dad6b0f54653,co_e4540a7c8404b1be,sponsor,Partner,published_in_cited_source; payment_unverified,,,src_b7abf127fce0b3ab
role_28412b22a457d0fe,evt_ec56dad6b0f54653,co_9f8230c43ce398d6,sponsor,Partner,published_in_cited_source; payment_unverified,,,src_b7abf127fce0b3ab
role_ba4be58b20b97ecf,evt_ec56dad6b0f54653,co_4d8bd97f03109ac1,sponsor,Partner,published_in_cited_source; payment_unverified,,,src_b7abf127fce0b3ab
role_3897c94822bf2920,evt_ec56dad6b0f54653,co_50bc66d8aae5ae90,sponsor,Partner,published_in_cited_source; payment_unverified,,,src_b7abf127fce0b3ab
role_fc801e610d5372ea,evt_ec56dad6b0f54653,co_5a1ad84a47ec210d,sponsor,Partner,published_in_cited_source; payment_unverified,,,src_b7abf127fce0b3ab
role_299eac609075f878,evt_ec56dad6b0f54653,co_ef2a33c946942c1a,sponsor,Partner,published_in_cited_source; payment_unverified,,,src_b7abf127fce0b3ab
role_17e1de6a78a85b37,evt_ec56dad6b0f54653,co_be6a999624b589e8,sponsor,Partner,published_in_cited_source; payment_unverified,,,src_b7abf127fce0b3ab
role_ea496f083de72955,evt_ec56dad6b0f54653,co_68323c1446f37e1a,sponsor,Partner,published_in_cited_source; payment_unverified,,,src_b7abf127fce0b3ab
role_cc57d2ddff220291,evt_ec56dad6b0f54653,co_2f9bbb1bdf86d55d,sponsor,Partner,published_in_cited_source; payment_unverified,,,src_b7abf127fce0b3ab
role_f9861bb18f3d1577,evt_ec56dad6b0f54653,co_49bc63a939e3dc9d,sponsor,Partner,published_in_cited_source; payment_unverified,,,src_b7abf127fce0b3ab
role_3508037c240b1fbe,evt_ec56dad6b0f54653,co_c9a2dcb05123781d,sponsor,Partner,published_in_cited_source; payment_unverified,,,src_b7abf127fce0b3ab
role_49001ca72129ad64,evt_ec56dad6b0f54653,co_34fb46c847bb9df9,sponsor,Partner,published_in_cited_source; payment_unverified,,,src_b7abf127fce0b3ab
role_43b2cb32d0024b8e,evt_ec56dad6b0f54653,co_b649d599b84fedef,sponsor,Partner,published_in_cited_source; payment_unverified,,,src_b7abf127fce0b3ab
role_a191402022207665,evt_ec56dad6b0f54653,co_93d59962b06d8e0f,sponsor,Partner,published_in_cited_source; payment_unverified,,,src_b7abf127fce0b3ab
role_3ef82dd66ce236ee,evt_ec56dad6b0f54653,co_2e9f768344ff39ac,sponsor,Participating,published_in_cited_source; payment_unverified,,,src_b7abf127fce0b3ab
role_18077be40d4127a4,evt_ec56dad6b0f54653,co_551bb918d277a0b8,sponsor,Participating,published_in_cited_source; payment_unverified,,,src_b7abf127fce0b3ab
role_b7455c39b73bffca,evt_ec56dad6b0f54653,co_bffa48eb238c593b,sponsor,Participating,published_in_cited_source; payment_unverified,,,src_b7abf127fce0b3ab
role_877b0cee14a5886c,evt_ec56dad6b0f54653,co_a6158572ac986721,sponsor,Participating,published_in_cited_source; payment_unverified,,,src_b7abf127fce0b3ab
role_d1239a331e4be771,evt_ec56dad6b0f54653,co_c629c048fbb93653,sponsor,Participating,published_in_cited_source; payment_unverified,,,src_b7abf127fce0b3ab
role_1bed7df307883ace,evt_ec56dad6b0f54653,co_2e7f62e682871d45,sponsor,Participating,published_in_cited_source; payment_unverified,,,src_b7abf127fce0b3ab
role_3ef81274d5ebb110,evt_ec56dad6b0f54653,co_2e1aeda295a4aa60,sponsor,Participating,published_in_cited_source; payment_unverified,,,src_b7abf127fce0b3ab
role_37b45e7f19ebf835,evt_ec56dad6b0f54653,co_9b7962c5e2194352,sponsor,Participating,published_in_cited_source; payment_unverified,,,src_b7abf127fce0b3ab
role_3ee00edd5c732c60,evt_ec56dad6b0f54653,co_13ed070478ef62c3,sponsor,Participating,published_in_cited_source; payment_unverified,,,src_b7abf127fce0b3ab
role_8b4dcdce61601bd6,evt_ec56dad6b0f54653,co_dd71f579bce44b7d,sponsor,Participating,published_in_cited_source; payment_unverified,,,src_b7abf127fce0b3ab
role_ab8bf726c5dca2b6,evt_ec56dad6b0f54653,co_bb3ff901cf098794,sponsor,Associate,published_in_cited_source; payment_unverified,,,src_b7abf127fce0b3ab
role_e2a5537618171cbb,evt_ec56dad6b0f54653,co_1e86eae524ed28f9,sponsor,Associate,published_in_cited_source; payment_unverified,,,src_b7abf127fce0b3ab
role_5ea930b2a837ee88,evt_ec56dad6b0f54653,co_6463ddf3a85d484a,sponsor,Associate,published_in_cited_source; payment_unverified,,,src_b7abf127fce0b3ab
role_77ae7f546671e45b,evt_ec56dad6b0f54653,co_f0a5da17e0ffa3a2,sponsor,Standalone Only,published_in_cited_source; payment_unverified,,,src_b7abf127fce0b3ab
role_ebf96a01b403c2f7,evt_ec56dad6b0f54653,co_f68ae76006d5e2a5,sponsor,Standalone Only,published_in_cited_source; payment_unverified,,,src_b7abf127fce0b3ab
role_686c6a74bb5a3104,evt_ec56dad6b0f54653,co_470cc0dbf4fe63a4,sponsor,Standalone Only,published_in_cited_source; payment_unverified,,,src_b7abf127fce0b3ab
role_4005012d6128ed61,evt_ec56dad6b0f54653,co_dd41fdd48abbb792,production_partner,AV Partner,published_in_cited_source; payment_unverified,,,src_b7abf127fce0b3ab
role_611de47fb63f5a8a,evt_ec56dad6b0f54653,co_4987a1e2e36cd283,media_partner,Media,published_in_cited_source; payment_unverified,,,src_b7abf127fce0b3ab
role_8f00a3062fa89741,evt_ec56dad6b0f54653,co_e6848cee8f1317af,media_partner,Media,published_in_cited_source; payment_unverified,,,src_b7abf127fce0b3ab
role_2ff06b91f9bd82f7,evt_ec56dad6b0f54653,co_e461c42c5b63638d,media_partner,Media,published_in_cited_source; payment_unverified,,,src_b7abf127fce0b3ab
role_0c57b55f31194a95,evt_ec56dad6b0f54653,co_b17a3bcc21f120a7,media_partner,Media,published_in_cited_source; payment_unverified,,,src_b7abf127fce0b3ab
role_6f50aeaea57a987c,evt_ec56dad6b0f54653,co_1122599ca325f7cc,media_partner,Media,published_in_cited_source; payment_unverified,,,src_b7abf127fce0b3ab
role_dde45ed0355e1471,evt_ec56dad6b0f54653,co_d1d51d9d49d832dc,media_partner,Media,published_in_cited_source; payment_unverified,,,src_b7abf127fce0b3ab
role_d66fe19611e878fe,evt_ec56dad6b0f54653,co_4e012a661d688be5,media_partner,Media,published_in_cited_source; payment_unverified,,,src_b7abf127fce0b3ab
role_882b8a382fd094a2,evt_ec56dad6b0f54653,co_df30a48992da7fe8,startup_exhibitor,PyCon US Startup Row,published_in_cited_source; payment_unverified,,,src_b7abf127fce0b3ab
role_913aa36382746cb5,evt_ec56dad6b0f54653,co_bb531fb3ff53bfc0,startup_exhibitor,PyCon US Startup Row,published_in_cited_source; payment_unverified,,,src_b7abf127fce0b3ab
role_a114e620a94b0fc7,evt_ec56dad6b0f54653,co_9bb02c2376cbe857,startup_exhibitor,PyCon US Startup Row,published_in_cited_source; payment_unverified,,,src_b7abf127fce0b3ab
role_f7ca20132583414b,evt_ec56dad6b0f54653,co_bdab02a27f174582,startup_exhibitor,PyCon US Startup Row,published_in_cited_source; payment_unverified,,,src_b7abf127fce0b3ab
role_881adeb79e7cdfed,evt_ec56dad6b0f54653,co_30bfadbaae53434b,startup_exhibitor,PyCon US Startup Row,published_in_cited_source; payment_unverified,,,src_b7abf127fce0b3ab
role_553d74c3c98558ac,evt_ec56dad6b0f54653,co_fc2fdb562fc2c3ab,startup_exhibitor,PyCon US Startup Row,published_in_cited_source; payment_unverified,,,src_b7abf127fce0b3ab
role_59a8171e6e8b5ba8,evt_ec56dad6b0f54653,co_359ee6143ee54372,startup_exhibitor,PyCon US Startup Row,published_in_cited_source; payment_unverified,,,src_b7abf127fce0b3ab
role_3ecb7879e9fbc365,evt_ec56dad6b0f54653,co_9842013434f2e089,startup_exhibitor,PyCon US Startup Row,published_in_cited_source; payment_unverified,,,src_b7abf127fce0b3ab
role_6c943ec5e860c439,evt_ec56dad6b0f54653,co_0de7775d90dfeb81,community,Community,published_in_cited_source; payment_unverified,,,src_b7abf127fce0b3ab
role_eb2efc3083c80e67,evt_ec56dad6b0f54653,co_eac4ef06e1f85dee,community,Community,published_in_cited_source; payment_unverified,,,src_b7abf127fce0b3ab
role_2a4bd96d646e751e,evt_ec56dad6b0f54653,co_0de9afdbd83c22a5,community,Community,published_in_cited_source; payment_unverified,,,src_b7abf127fce0b3ab
role_5ef58d5b7b7abdc5,evt_ec56dad6b0f54653,co_a478b4566be5cb00,community,Community,published_in_cited_source; payment_unverified,,,src_b7abf127fce0b3ab
role_7f0f6336d9899823,evt_ec56dad6b0f54653,co_f270cf67ebde6e36,community,Community,published_in_cited_source; payment_unverified,,,src_b7abf127fce0b3ab
role_bd74d96c3fb6bdfc,evt_ec56dad6b0f54653,co_97e2e60dd19e6057,community,Community,published_in_cited_source; payment_unverified,,,src_b7abf127fce0b3ab
role_8dc9e72200e1adac,evt_ec56dad6b0f54653,co_8005db898448a804,community,Community,published_in_cited_source; payment_unverified,,,src_b7abf127fce0b3ab
role_295045d778bf456f,evt_ec56dad6b0f54653,co_81815e3cad013bb9,community,Community,published_in_cited_source; payment_unverified,,,src_b7abf127fce0b3ab
role_6236a9192457e572,evt_ec56dad6b0f54653,co_8a5d10d41874f633,community,Community,published_in_cited_source; payment_unverified,,,src_b7abf127fce0b3ab
role_5eedb37b0fea6bd4,evt_ec56dad6b0f54653,co_5232b110b3de305c,community,Community,published_in_cited_source; payment_unverified,,,src_b7abf127fce0b3ab
role_8a355ac90bae423e,evt_ec56dad6b0f54653,co_9e7369079f0afaa9,community,Community,published_in_cited_source; payment_unverified,,,src_b7abf127fce0b3ab
role_5af6622d1b82d498,evt_ec56dad6b0f54653,co_86b7474c8a220dd4,community,Community,published_in_cited_source; payment_unverified,,,src_b7abf127fce0b3ab
role_7dc048ee34a8f90f,evt_ec56dad6b0f54653,co_3ac39942387ec818,community,Community,published_in_cited_source; payment_unverified,,,src_b7abf127fce0b3ab
role_32489bba5b816b2e,evt_ec56dad6b0f54653,co_6cc54ee64ccd801f,community,Community,published_in_cited_source; payment_unverified,,,src_b7abf127fce0b3ab
role_f4a94e88192f352d,evt_ec56dad6b0f54653,co_2e5c845a2ddab02c,community,Community,published_in_cited_source; payment_unverified,,,src_b7abf127fce0b3ab
role_18173b2fba1f89ae,evt_1fc974874ad3a13f,co_8005db898448a804,organizer,,published_in_cited_source; payment_unverified,,,src_8968da04e54783b9
role_9ecaa6bd03514529,evt_ec56dad6b0f54653,co_8005db898448a804,organizer,,published_in_cited_source; payment_unverified,,,src_97831f9940b13eb4
role_21224b6bb4f75017,evt_87cc4c2fcd34b932,co_2bed2032ed3d8300,sponsor_or_partner,,published_in_cited_source; payment_unverified,,,src_aa4f79b66f07fd27
role_a8d8ffc7f149f473,evt_87cc4c2fcd34b932,co_c39eeea4f6bd2ac8,sponsor_or_partner,,published_in_cited_source; payment_unverified,,,src_aa4f79b66f07fd27
role_2a91b5c5e067cd5f,evt_87cc4c2fcd34b932,co_c70eca6b0f88f44d,sponsor_or_partner,,published_in_cited_source; payment_unverified,,,src_aa4f79b66f07fd27
role_edf0471c640573da,evt_87cc4c2fcd34b932,co_e853b4e183ed0870,sponsor_or_partner,,published_in_cited_source; payment_unverified,,,src_aa4f79b66f07fd27
role_a042eab5ef62d851,evt_87cc4c2fcd34b932,co_8e3fa58150808a5b,sponsor_or_partner,,published_in_cited_source; payment_unverified,,,src_aa4f79b66f07fd27
role_dd676663b1c829bf,evt_87cc4c2fcd34b932,co_d41ebd9f02722fc8,sponsor_or_partner,,published_in_cited_source; payment_unverified,,,src_aa4f79b66f07fd27
role_d0ce960c2724f881,evt_87cc4c2fcd34b932,co_70b93d3608313cd2,sponsor_or_partner,,published_in_cited_source; payment_unverified,,,src_aa4f79b66f07fd27
role_24c747a61d97f071,evt_87cc4c2fcd34b932,co_8d5a5d7c8a5247e0,sponsor_or_partner,,published_in_cited_source; payment_unverified,,,src_aa4f79b66f07fd27
role_f5e1426d6e1fe3b8,evt_87cc4c2fcd34b932,co_c47b326f8616b1ac,sponsor_or_partner,,published_in_cited_source; payment_unverified,,,src_aa4f79b66f07fd27
role_695b861b8861ec9c,evt_87cc4c2fcd34b932,co_9386a3ba56fe072b,sponsor_or_partner,,published_in_cited_source; payment_unverified,,,src_aa4f79b66f07fd27
role_617c17115e7dd737,evt_87cc4c2fcd34b932,co_ffad923c7afc100d,sponsor_or_partner,,published_in_cited_source; payment_unverified,,,src_aa4f79b66f07fd27
role_ff56bc7fd91fe924,evt_87cc4c2fcd34b932,co_7e7964dc9ade6e37,sponsor_or_partner,,published_in_cited_source; payment_unverified,,,src_aa4f79b66f07fd27
role_d148f25d14740047,evt_87cc4c2fcd34b932,co_e470d891c0bda7d8,sponsor_or_partner,,published_in_cited_source; payment_unverified,,,src_aa4f79b66f07fd27
role_11f89c97e6ff0ef0,evt_87cc4c2fcd34b932,co_f7b4ccaa2c70afd3,sponsor_or_partner,,published_in_cited_source; payment_unverified,,,src_aa4f79b66f07fd27
role_76f101c63d3fe5a1,evt_87cc4c2fcd34b932,co_60fefd770b1ea964,sponsor_or_partner,,published_in_cited_source; payment_unverified,,,src_aa4f79b66f07fd27
role_9b32053b9f1152c9,evt_87cc4c2fcd34b932,co_c3d2fc7362f6456c,sponsor_or_partner,,published_in_cited_source; payment_unverified,,,src_aa4f79b66f07fd27
role_9b14711bc75d153a,evt_87cc4c2fcd34b932,co_7cdbc9084feb6ac0,sponsor_or_partner,,published_in_cited_source; payment_unverified,,,src_aa4f79b66f07fd27
role_0e3ec2532a28c291,evt_87cc4c2fcd34b932,co_f88b4c55c427dedc,sponsor_or_partner,,published_in_cited_source; payment_unverified,,,src_aa4f79b66f07fd27
role_45374f1d38acd682,evt_87cc4c2fcd34b932,co_29df502941c913a3,sponsor_or_partner,,published_in_cited_source; payment_unverified,,,src_aa4f79b66f07fd27
role_8fa15f437a594103,evt_87cc4c2fcd34b932,co_45b56112dc05f205,cohost,,published_in_cited_source; payment_unverified,,,src_aa4f79b66f07fd27
role_7f93671d5751f122,evt_87cc4c2fcd34b932,co_5fa4d12e4db1381b,cohost,,published_in_cited_source; payment_unverified,,,src_aa4f79b66f07fd27
role_c4842abb342a8511,evt_87cc4c2fcd34b932,co_d3c22a826e97e9ad,cohost,,published_in_cited_source; payment_unverified,,,src_aa4f79b66f07fd27
role_26ada7ae3f44c439,evt_87cc4c2fcd34b932,co_89601a2c41e3b6bc,sponsor_or_partner,,published_in_cited_source; payment_unverified,,,src_34a13184c03f8f36
role_606aad1828ee1fcb,evt_87cc4c2fcd34b932,co_e463a0a91c7e7649,sponsor_or_partner,,published_in_cited_source; payment_unverified,,,src_34a13184c03f8f36
role_186009ccc1658d4d,evt_e976b2a951aaed52,co_4508fb4b8faf880e,organizer,,published_in_cited_source; payment_unverified,,,src_2317a3403ba9944e
role_bf2dba47250633eb,evt_74a6ba9e314f9ca1,co_4508fb4b8faf880e,organizer,,published_in_cited_source; payment_unverified,,,src_2317a3403ba9944e
role_ee3de19a123082fc,evt_f01cce2e76d94292,co_4508fb4b8faf880e,organizer,,published_in_cited_source; payment_unverified,,,src_2317a3403ba9944e
role_9badc3b8d1edc33d,evt_5b75e8160a2e1a5d,co_7a474816e1df006f,organizer,,published_in_cited_source; payment_unverified,,,src_ce8c1dd48eac4cc9
role_64a6d0b9d8635380,evt_7c23b6f4a95b46b2,co_eab2b224009c1a94,organizer,,published_in_cited_source; payment_unverified,,,src_3aefef19f688ac04
role_91b96e660956060c,evt_fdeead605e18951d,co_eab2b224009c1a94,organizer,,published_in_cited_source; payment_unverified,,,src_3aefef19f688ac04
role_28c96485ff9f9f53,evt_cea07e35df96562c,co_eab2b224009c1a94,organizer,,published_in_cited_source; payment_unverified,,,src_3aefef19f688ac04
role_24912b222c923406,evt_c0d04e23b7badf81,co_eab2b224009c1a94,organizer,,published_in_cited_source; payment_unverified,,,src_3aefef19f688ac04
role_2a605ad560a14482,evt_099c88e44f72691b,co_eab2b224009c1a94,organizer,,published_in_cited_source; payment_unverified,,,src_3aefef19f688ac04
role_1ce5ac10b8f3a4d2,evt_d3fff58ce4638dcf,co_eab2b224009c1a94,organizer,,published_in_cited_source; payment_unverified,,,src_3aefef19f688ac04
role_e2177ef964e6303a,evt_c8b37df559673420,co_f48400f83e37776f,organizer,,published_in_cited_source; payment_unverified,,,src_2a92377ffe0f4a36
role_589196e0ceadd49d,evt_2253e6ea3ff25fa2,co_f48400f83e37776f,organizer,,published_in_cited_source; payment_unverified,,,src_2a92377ffe0f4a36
role_272d8c248af4a1cb,evt_6704b7655314d306,co_f48400f83e37776f,organizer,,published_in_cited_source; payment_unverified,,,src_2a92377ffe0f4a36
role_1291d912fc3ef0cc,evt_6704b7655314d306,co_900ee8b810f616ff,sponsor,Oro,published_in_cited_source; payment_unverified,,,src_1ade6a464f1902c2
role_e6b529820fd69303,evt_5a1c9a0feddee5d3,co_f48400f83e37776f,organizer,,published_in_cited_source; payment_unverified,,,src_2a92377ffe0f4a36
role_1c4325c8815eac71,evt_5a1c9a0feddee5d3,co_ce8abceb4413767f,partner,Socio oficial de movilidad y programación Casa CCR,published_in_cited_source; payment_unverified,,,src_914993877530c7cd
role_4bf5688e99a83344,evt_5a1c9a0feddee5d3,co_34675f39a044ec05,sponsor,Patrocinador mediante incentivo cultural,published_in_cited_source; payment_unverified,,,src_f2148c2a6a269c9a
role_e7f0f6fb7832eb0f,evt_c90c3558f43cb50d,co_f48400f83e37776f,organizer,,published_in_cited_source; payment_unverified,,,src_2a92377ffe0f4a36
role_54d45885c3467bfe,evt_c90c3558f43cb50d,co_cdf32394d26ce945,sponsor,Patrocinador; socio oficial de movilidad; Casa Flip+Motiva,published_in_cited_source; payment_unverified,,,src_1701afab8d50a6be
role_60268774588ccb8c,evt_ea931431175f2ea2,co_f48400f83e37776f,organizer,,published_in_cited_source; payment_unverified,,,src_2a92377ffe0f4a36
role_30251a3206678427,evt_ea931431175f2ea2,co_57ee08443fa06828,partner,Apoyo a programación oficial y acceso cultural,published_in_cited_source; payment_unverified,,,src_5967a1b322cb6c23
role_229683215a50dae4,evt_e1feb77eee70a360,co_f5f94c23c65dcf5b,organizer,,published_in_cited_source; payment_unverified,,,src_642521ca61c47b44
role_11e64ef56da65aaf,evt_e1feb77eee70a360,co_27df9ed9a477af0f,partner,Colaboración artística BMW Open Work,published_in_cited_source; payment_unverified,,,src_7f009c35488b790c
role_c45674d56a68e9e7,evt_53fb9701a6a908e5,co_f5f94c23c65dcf5b,organizer,,published_in_cited_source; payment_unverified,,,src_fd9f4b80d80140c6
role_099b2d401dd7c473,evt_53fb9701a6a908e5,co_ddcaff469655adca,sponsor,Global Lead Partner,published_in_cited_source; payment_unverified,,,src_0de479a1942a4ae6
role_034a4806c788af09,evt_99a8ced283d90fe1,co_f5f94c23c65dcf5b,organizer,,published_in_cited_source; payment_unverified,,,src_bd02139477f1ea29
role_6d6a687976eeeef9,evt_99a8ced283d90fe1,co_aa7aebce2826ab39,partner,Official Partner of Focus,published_in_cited_source; payment_unverified,,,src_aa6616996a7a56c5
role_38c2632b6f488d66,evt_4c0cf41806407c37,co_f5f94c23c65dcf5b,organizer,,published_in_cited_source; payment_unverified,,,src_66f32ab2e391e67f
role_4d3e2c96554601f7,evt_4c0cf41806407c37,co_ddcaff469655adca,sponsor,Global Lead Partner,published_in_cited_source; payment_unverified,,,src_66f32ab2e391e67f
role_a2712d495e06c36d,evt_4c0cf41806407c37,co_aa7aebce2826ab39,partner,Apoyo a galerías Focus,published_in_cited_source; payment_unverified,,,src_66f32ab2e391e67f
role_089257c338a96a2d,evt_3fd86574b40703fe,co_f5f94c23c65dcf5b,organizer,,published_in_cited_source; payment_unverified,,,src_38b3e9b572dc81a7
role_855658f37b4e9235,evt_3fd86574b40703fe,co_ddcaff469655adca,sponsor,Patrocinador / colaboración de 22 años,published_in_cited_source; payment_unverified,,,src_291e81826ac76d32
role_b020408a70c7343b,evt_d4fe659e50c08239,co_f5f94c23c65dcf5b,organizer,,published_in_cited_source; payment_unverified,,,src_f67eaa1904019791
role_abcf06faba669204,evt_d4fe659e50c08239,co_ddcaff469655adca,sponsor,Global Lead Partner,published_in_cited_source; payment_unverified,,,src_f67eaa1904019791
role_4ea8bc5fc8587dd9,evt_d4fe659e50c08239,co_aa7aebce2826ab39,partner,Apoyo a galerías Focus,published_in_cited_source; payment_unverified,,,src_f67eaa1904019791
role_e3d78a2302e0ed7a,evt_52af40c014f2d2d3,co_43a59fa9e7215420,organizer,,published_in_cited_source; payment_unverified,,,src_6f3ef2341546f8f3
role_bb0362b69bffd214,evt_52af40c014f2d2d3,co_027d59970c306e9c,sponsor,Patrocinador de la activación Fresque Écologique du Tennis,published_in_cited_source; payment_unverified,,,src_b62d0636e83527d0
role_ba205a60f6760b3c,evt_52af40c014f2d2d3,co_573abb3ca06e6abb,sponsor,Premium,published_in_cited_source; payment_unverified,,,src_a37046d28c94bfbc
role_e4737e23a7c8b637,evt_8d8eb916db13f136,co_43a59fa9e7215420,organizer,,published_in_cited_source; payment_unverified,,,src_6f3ef2341546f8f3
role_29337476da31dff1,evt_8d8eb916db13f136,co_573abb3ca06e6abb,sponsor,Premium,published_in_cited_source; payment_unverified,,,src_d583b26b36c49e5c
role_bf2bb89c4b9d3c9f,evt_575050f022c31923,co_43a59fa9e7215420,organizer,,published_in_cited_source; payment_unverified,,,src_6f3ef2341546f8f3
role_865c22eb56d3a929,evt_575050f022c31923,co_ba2436bd25a09dd5,sponsor,Premium,published_in_cited_source; payment_unverified,,,src_33217bc4be0ea729
role_75ae9ec6fc54c02a,evt_575050f022c31923,co_573abb3ca06e6abb,sponsor,Premium,published_in_cited_source; payment_unverified,,,src_81fad5c73053f1af
role_81980555ffa9fd83,evt_2a698763747ecca0,co_43a59fa9e7215420,organizer,,published_in_cited_source; payment_unverified,,,src_6f3ef2341546f8f3
role_66edb1dd2fd3745e,evt_2a698763747ecca0,co_573abb3ca06e6abb,sponsor,Premium,published_in_cited_source; payment_unverified,,,src_0e7b4b30161968fb
role_644129ffea00cac2,evt_2272e37cfee02d14,co_43a59fa9e7215420,organizer,,published_in_cited_source; payment_unverified,,,src_6f3ef2341546f8f3
role_cab8de4bd3a1eed8,evt_2272e37cfee02d14,co_56046651cb41a568,partner,Socio histórico; renovación desde 2027,published_in_cited_source; payment_unverified,,,src_6f3ef2341546f8f3
role_3f4ab371494ddfe0,evt_5c2563f1f041e2ac,co_43a59fa9e7215420,organizer,,published_in_cited_source; payment_unverified,,,src_6f3ef2341546f8f3
role_a8531bb17d761822,evt_5c2563f1f041e2ac,co_56046651cb41a568,partner,Socio histórico; renovación desde 2027,published_in_cited_source; payment_unverified,,,src_6f3ef2341546f8f3
role_ff00b50ed2116474,evt_9da972220c78ac0f,co_993850041adad584,organizer,,published_in_cited_source; payment_unverified,,,src_abf7fb34450f3065
role_dc1cef0d62974911,evt_3a3a17d29cb47ddf,co_67a63a52ea9f4651,organizer,,published_in_cited_source; payment_unverified,,,src_ace0e2408f544ea8
role_40678592a2f6ffc3,evt_506cc479ae1320b9,co_eda870f040899043,organizer,,published_in_cited_source; payment_unverified,,,src_3cca216945a62f3d
