id,source_url,family,geography,segment,window_start,window_end,priority,status,last_processed,cursor,blocking_reason,attempts,next_action,completion_condition
extraction_queue_8e198ccb3fd4e723,https://www.python.org/events/python-events/,calendar,global,Python,2021-09-28,2026-09-28,1,ready,2026-09-28,Two exports fully parsed; 10 RRULE records excluded,,,Inspect notes/*-recurrence-review.json; expand only bounded occurrences with EXDATE/RDATE semantics,"All10 rules audited; compare UIDs, not title only"
extraction_queue_afb442fec94e8146,https://flip.org.br/ed/24a-flip/,organizer,Brazil,culture,2021-09-28,2026-09-28,1,access_limited,2026-09-28,Six index-only cores,access_limited,,Obtain organizer-authorized export or accessible primary body; no bypass,Each provisional date has body evidence or remains excluded from recommendations
extraction_queue_3b64295034f0fee8,https://pybay.org/,organizer,United States,technology,2021-09-28,2026-09-28,1,ready,2026-09-28,2026 price/deadline conflict,,,Recheck dated organizer announcement and registration terms; no purchase,Resolve Sept19/26 vs displayed tickets and refresh each future edition selected
extraction_queue_c4b499e64664f35d,https://2026.pycon.ie/blog/venue-change/,organizer,Ireland,technology,2021-09-28,2026-09-28,1,ready,2026-09-28,Nov21 confirmed; venueTBA,,,Read next dated venue announcement; retain both versions,"Official venue and timezone, or explicit unknown"
extraction_queue_d8452f6eaae65a95,https://docs.luma.com/reference/getting-started-with-your-api,platform,global,mixed,2021-09-28,2026-09-28,2,credentials_and_plan_required,2026-09-28,Docs evaluated; no account API calls,credentials_and_plan_required,,Customer-authorized calendar sandbox; demonstrate read before create,Scope/rights and fields verified; no publication without user instruction
extraction_queue_dd9bcfbcb5121d6b,https://www.eventbrite.com/platform/api,platform,global,mixed,2021-09-28,2026-09-28,2,access_required,2026-09-28,Global search not established; reads429,access_required,,Organizer-provided export or licensed data agreement,Known authorized event corpus and retention rights
extraction_queue_306a467d7fe2d21b,https://partiful.com/terms,platform,global,social_culture,2021-09-28,2026-09-28,2,permission_required,2026-09-28,Organizer outbound link read; no platform crawler,permission_required,,Seek permitted organizer source or explicit agreement,Commercial use and extraction basis documented
extraction_queue_671d85955019d3d4,https://archive.org/help/wayback_api.php,archive,global,mixed,2021-09-28,2026-09-28,2,rate_limited,2026-09-28,One ordinary retry429; zero captures,rate_limited,,Resume later from exact PyCon2022 availability query in additional-sources.json,Dated captures for temporal holdout or explicit no capture
extraction_queue_9f92b174dd35be7e,https://www.python.org/events/python-events/,organizer_linked_pages,global,technology,2021-09-28,2026-09-28,2,ready,2026-09-28,652 UID rows already retained,,,Sort upcoming date then enrich canonical URLs from platform_listings; checkpoint by event_id,35 calendar-future cores rechecked or marked stale; include pricing and venue
extraction_queue_8d6a54f9c3c7c08a,https://www.firabarcelona.com/en/our-history/,institution,Spain,trade_fairs,2021-09-28,2026-09-28,3,scope_pending,2026-09-28,History inspected; not enumerated,scope_pending,,"Choose territory first, enumerate annual named fairs2021–2026 from official calendars",Reference roster with audited denominator
extraction_queue_01ff8eaa9b33daca,https://help.humanitix.com/en/articles/8888275-public-api-documentation,platform,global,mixed,2021-09-28,2026-09-28,3,customer_permission_required,2026-09-28,One public historical page read; no API,customer_permission_required,,Obtain client authorization and applicable retention terms before ingest,Own/shared events and past retention basis documented
extraction_queue_29bc37804d7842c4,https://www.meetup.com/graphql/guide/,platform,global,communities,2021-09-28,2026-09-28,3,commercial_permission_required,2026-09-28,One historical group page read,commercial_permission_required,,Pro approval plus written commercial consent; otherwise public organizer feeds,Scope+cost+retention verified
