id,article_id,cluster_id,original_article_id,relationship,independence_basis,source_id
news_dedup_clusters_8480483f1747e494,news_articles_9618af9271074cb2,cluster_92066e38991446cd,news_articles_9618af9271074cb2,original,first_party,
news_dedup_clusters_fa987a36e16201a3,news_articles_e6256cc7f1866e0b,cluster_6f40a958c05a91c9,news_articles_e6256cc7f1866e0b,original,first_party,
news_dedup_clusters_c29635a2fa1cc4db,news_articles_ec0b9656914117e2,cluster_62b6564db18fce1e,news_articles_ec0b9656914117e2,original,first_party,
news_dedup_clusters_d0f7898167724f51,news_articles_cdcc5118457c9e07,cluster_a60a4a8b895208fd,news_articles_cdcc5118457c9e07,original,first_party,
news_dedup_clusters_6dfef56a31c970f0,news_articles_be93678efe7b04d4,cluster_fb74b75d312f0e17,news_articles_be93678efe7b04d4,original,organizer newsletter; not independent of Luma listing,
news_dedup_clusters_f94517d77556e5ec,news_articles_f9c210a2af6895a3,cluster_732081c726ddf250,news_articles_f9c210a2af6895a3,original_url,first_party; not_independent_corroboration,
news_dedup_clusters_d6318d5712794d5e,news_articles_97d24aba416a03e1,cluster_1701afab8d50a6be,news_articles_97d24aba416a03e1,original_url,first_party; not_independent_corroboration,
news_dedup_clusters_fc73f5aabe0bb596,news_articles_d7c736982f24a4c1,cluster_5967a1b322cb6c23,news_articles_d7c736982f24a4c1,original_url,first_party; not_independent_corroboration,
news_dedup_clusters_e1742dd414ab282f,news_articles_4230ce2a1136426d,cluster_0e7b4b30161968fb,news_articles_4230ce2a1136426d,original_url,first_party; not_independent_corroboration,
news_dedup_clusters_8a85106c61f51591,news_articles_e545d81abc7fe72b,cluster_291e81826ac76d32,news_articles_e545d81abc7fe72b,original_url,first_party; not_independent_corroboration,
