id,url,canonical_url,publisher,title,source_type,language,published_at,observed_at,access_method,reuse_status,extraction_status
src_105ca3620163539b,https://www.google.com/calendar/ical/j7gov1cmnqr9tvg14k621j7t5c@group.calendar.google.com/public/basic.ics,https://www.google.com/calendar/ical/j7gov1cmnqr9tvg14k621j7t5c@group.calendar.google.com/public/basic.ics,Python Software Foundation,Python.org published iCal python-events,public_calendar_feed,,,2026-09-28,published_ical_export,public_facts_only; commercial_reuse_not_cleared,facts_extracted
src_bca1599a2f687a1a,https://www.google.com/calendar/ical/3haig2m9msslkpf2tn1h56nn9g@group.calendar.google.com/public/basic.ics,https://www.google.com/calendar/ical/3haig2m9msslkpf2tn1h56nn9g@group.calendar.google.com/public/basic.ics,Python Software Foundation,Python.org published iCal python-user-group,public_calendar_feed,,,2026-09-28,published_ical_export,public_facts_only; commercial_reuse_not_cleared,facts_extracted
src_a8039e7f5b60402a,https://us.pycon.org/2022/sponsorship/sponsors/,https://us.pycon.org/2022/sponsorship/sponsors/,PyCon US,PyCon US 2022 sponsors,organizer_page,,,2026-09-28,public_http,public_facts_only; commercial_reuse_not_cleared,facts_extracted
src_7ad814aa572fc9ba,https://us.pycon.org/2023/sponsorship/sponsors/,https://us.pycon.org/2023/sponsorship/sponsors/,PyCon US,PyCon US 2023 sponsors,organizer_page,,,2026-09-28,public_http,public_facts_only; commercial_reuse_not_cleared,facts_extracted
src_54d689b8cce30f65,https://us.pycon.org/2024/sponsorship/sponsors/,https://us.pycon.org/2024/sponsorship/sponsors/,PyCon US,PyCon US 2024 sponsors,organizer_page,,,2026-09-28,public_http,public_facts_only; commercial_reuse_not_cleared,facts_extracted
src_b7abf127fce0b3ab,https://us.pycon.org/2025/sponsorship/sponsors/,https://us.pycon.org/2025/sponsorship/sponsors/,PyCon US,PyCon US 2025 sponsors,organizer_page,,,2026-09-28,public_http,public_facts_only; commercial_reuse_not_cleared,facts_extracted
src_8968da04e54783b9,https://us.pycon.org/2024/attend/information/index.html,https://us.pycon.org/2024/attend/information/index.html,PyCon US,PyCon US 2024 registration information,organizer_page,,,2026-09-28,public_http,public_facts_only; commercial_reuse_not_cleared,facts_extracted
src_97831f9940b13eb4,https://us.pycon.org/2025/attend/information/,https://us.pycon.org/2025/attend/information/,PyCon US,PyCon US 2025 registration information,organizer_page,,,2026-09-28,public_http,public_facts_only; commercial_reuse_not_cleared,facts_extracted
src_740634da3f557297,https://pycon.blogspot.com/2024/08/pycon-us-2024-recap-and-recording.html,https://pycon.blogspot.com/2024/08/pycon-us-2024-recap-and-recording.html,PyCon US,PyCon US 2024 recap,organizer_recap,,2024-08-08,2026-09-28,primary_search_index_extract,public_facts_only; commercial_reuse_not_cleared,facts_extracted
src_41bbe3d68bef98ce,https://pycon.blogspot.com/2025/08/pycon-us-2025-recap-and-recordings.html,https://pycon.blogspot.com/2025/08/pycon-us-2025-recap-and-recordings.html,PyCon US,PyCon US 2025 recap,organizer_recap,,2025-08-22,2026-09-28,web_read,public_facts_only; commercial_reuse_not_cleared,facts_extracted
src_639739f912cd4c1d,https://www.geldata.com/blog/edgedb-is-now-gel-and-postgres-is-the-future,https://www.geldata.com/blog/edgedb-is-now-gel-and-postgres-is-the-future,Gel,EdgeDB is now Gel and Postgres is the Future,company_announcement,,2025-02-25,2026-09-28,web_read,public_facts_only; commercial_reuse_not_cleared,facts_extracted
src_c38cf2edb9bef12a,https://www.geldata.com/blog/gel-joins-vercel,https://www.geldata.com/blog/gel-joins-vercel,Gel,Gel joins Vercel,company_announcement,,2025-12-02,2026-09-28,web_read,public_facts_only; commercial_reuse_not_cleared,facts_extracted
src_aa4f79b66f07fd27,https://luma.com/edovbkm4,https://luma.com/edovbkm4,AI Engine,AI Engine: Summer Hack,platform_event,,,2026-09-28,web_read,public_facts_only; commercial_reuse_not_cleared,facts_extracted
src_34a13184c03f8f36,https://aienginehack.beehiiv.com/p/join-us-at-ai-engine-summer-hack,https://aienginehack.beehiiv.com/p/join-us-at-ai-engine-summer-hack,AI Engine,Join us at AI Engine: Summer Hack!,organizer_newsletter,,2025-07-14,2026-09-28,web_read,public_facts_only; commercial_reuse_not_cleared,facts_extracted
src_2317a3403ba9944e,https://www.galleryb612.com/post/gallery-b612-metamorphosis-secret-garden,https://www.galleryb612.com/post/gallery-b612-metamorphosis-secret-garden,Gallery B612,"Director’s Note: On Resonance, Transformation, and the Space Between",organizer_announcement,,,2026-09-28,web_read,public_facts_only; commercial_reuse_not_cleared,facts_extracted
src_ce8c1dd48eac4cc9,https://2023.es.pycon.org/theme/assets/files/pycones2023_patrocinios.pdf,https://2023.es.pycon.org/theme/assets/files/pycones2023_patrocinios.pdf,Python España,PyConES 2023 Patrocinios,sponsorship_prospectus,es,,2026-09-28,pdf_text_and_visual,public_facts_only; commercial_reuse_not_cleared,facts_extracted
src_7dac876b9781d5e3,https://2023.es.pycon.org/patrocinios/,https://2023.es.pycon.org/patrocinios/,PyConES,PyConES 2023 sponsorship,organizer_page,es,,2026-09-28,public_http,public_facts_only; commercial_reuse_not_cleared,facts_extracted
src_89db9a524d695750,https://2025.pycon.org.au/files/Sponsor%20PyCon%20AU%202025%20-%20Prospectus%20v3.pdf,https://2025.pycon.org.au/files/Sponsor%20PyCon%20AU%202025%20-%20Prospectus%20v3.pdf,PyCon AU,Sponsor PyCon AU 2025 Prospectus v3,sponsorship_prospectus,en,,2026-09-28,pdf_text_and_visual,public_facts_only; commercial_reuse_not_cleared,facts_extracted
src_9bfa177a797131b5,https://www.gaceta.udg.mx/prepara-fil-guadalajara-edicion-2021-de-forma-presencial/,https://www.gaceta.udg.mx/prepara-fil-guadalajara-edicion-2021-de-forma-presencial/,Gaceta UdeG,Prepara FIL Guadalajara edición 2021 de forma presencial,organizer_page,,,2026-09-28,web_open,public_facts_only; commercial_reuse_not_cleared,facts_extracted
src_3aefef19f688ac04,https://fil.com.mx/info/informacion.asp,https://fil.com.mx/info/informacion.asp,fil.com.mx,https://fil.com.mx/info/informacion.asp,organizer_page,,,2026-09-28,web_open,public_facts_only; commercial_reuse_not_cleared,facts_extracted
src_016b5d18a494d604,https://www.gaceta.udg.mx/los-lectores-se-reencontraron-con-la-fil/,https://www.gaceta.udg.mx/los-lectores-se-reencontraron-con-la-fil/,www.gaceta.udg.mx,https://www.gaceta.udg.mx/los-lectores-se-reencontraron-con-la-fil/,organizer_page,,,2026-09-28,web_open,public_facts_only; commercial_reuse_not_cleared,facts_extracted
src_c5fd8dcde420d1b2,https://www.gaceta.udg.mx/806-mil-805-lectores-se-reencontraron-en-la-fil-guadalajara/,https://www.gaceta.udg.mx/806-mil-805-lectores-se-reencontraron-en-la-fil-guadalajara/,Gaceta UdeG,806 mil 805 lectores se reencontraron en la FIL Guadalajara,organizer_page,,,2026-09-28,web_open,public_facts_only; commercial_reuse_not_cleared,facts_extracted
src_f5648339c0e5d0f5,https://www.cucsh.udg.mx/noticias/fil-guadalajara-anuncia-su-programa-general-2023,https://www.cucsh.udg.mx/noticias/fil-guadalajara-anuncia-su-programa-general-2023,CUCSH / Universidad de Guadalajara,FIL Guadalajara anuncia su Programa General 2023,organizer_page,,,2026-09-28,web_open,public_facts_only; commercial_reuse_not_cleared,facts_extracted
src_5f430d8559fb1db2,https://www.udg.mx/es/noticia/con-mas-de-857-mil-visitantes-fil-2023-rompe-record-de-asistencia?q=es%2Fnoticia%2Fcon-mas-de-857-mil-visitantes-fil-2023-rompe-record-de-asistencia,https://www.udg.mx/es/noticia/con-mas-de-857-mil-visitantes-fil-2023-rompe-record-de-asistencia?q=es%2Fnoticia%2Fcon-mas-de-857-mil-visitantes-fil-2023-rompe-record-de-asistencia,www.udg.mx,https://www.udg.mx/es/noticia/con-mas-de-857-mil-visitantes-fil-2023-rompe-record-de-asistencia?q=es%2Fnoticia%2Fcon-mas-de-857-mil-visitantes-fil-2023-rompe-record-de-asistencia,organizer_page,,,2026-09-28,web_open,public_facts_only; commercial_reuse_not_cleared,facts_extracted
src_b78720f3456482bd,https://udg.mx/evento/feria-internacional-del-libro-2024-invitado-de-honor-espana,https://udg.mx/evento/feria-internacional-del-libro-2024-invitado-de-honor-espana,Universidad de Guadalajara,"Feria Internacional del Libro 2024, invitado de honor España",organizer_page,,,2026-09-28,web_open,public_facts_only; commercial_reuse_not_cleared,facts_extracted
src_b77a1968f9865669,https://fil.com.mx/info/numeralia.asp?ids=1,https://fil.com.mx/info/numeralia.asp?ids=1,fil.com.mx,https://fil.com.mx/info/numeralia.asp?ids=1,organizer_page,,,2026-09-28,web_open,public_facts_only; commercial_reuse_not_cleared,facts_extracted
src_b10d917700689230,https://fil.com.mx/prensa/boletin.asp?id=3186&ids=2,https://fil.com.mx/prensa/boletin.asp?id=3186&ids=2,FIL Guadalajara,Italia reafirma su compromiso cultural rumbo a la FIL Guadalajara 2026,organizer_page,,2025-04-09,2026-09-28,web_open,public_facts_only; commercial_reuse_not_cleared,facts_extracted
src_f3b3f0d8b454110b,https://www.fil.com.mx/prensa/boletin.asp?id=3205&ids=1,https://www.fil.com.mx/prensa/boletin.asp?id=3205&ids=1,www.fil.com.mx,https://www.fil.com.mx/prensa/boletin.asp?id=3205&ids=1,organizer_page,,,2026-09-28,web_open,public_facts_only; commercial_reuse_not_cleared,facts_extracted
src_c3b23b4f3ea967ee,https://fil.com.mx/ingles/prensa/boletin.asp?id=3316&ids=,https://fil.com.mx/ingles/prensa/boletin.asp?id=3316&ids=,fil.com.mx,https://fil.com.mx/ingles/prensa/boletin.asp?id=3316&ids=,organizer_page,,,2026-09-28,search_index,public_facts_only; commercial_reuse_not_cleared,facts_extracted
src_50540a9fc448ceb8,https://www.fil.com.mx/patro/patro.asp,https://www.fil.com.mx/patro/patro.asp,www.fil.com.mx,https://www.fil.com.mx/patro/patro.asp,organizer_page,,,2026-09-28,search_index,public_facts_only; commercial_reuse_not_cleared,facts_extracted
src_6b7b409be4fa4156,https://fil.com.mx/info/faq.asp,https://fil.com.mx/info/faq.asp,FIL Guadalajara,Preguntas frecuentes: FIL 2026,organizer_page,,,2026-09-28,web_open,public_facts_only; commercial_reuse_not_cleared,facts_extracted
src_07ad0508d8bb441a,https://flip.org.br/noticias/flip-confirma-as-datas-da-19-ordf-edicao/,https://flip.org.br/noticias/flip-confirma-as-datas-da-19-ordf-edicao/,Flip,Flip confirma as datas da 19ª edição,organizer_page,,,2026-09-28,search_index,public_facts_only; commercial_reuse_not_cleared,facts_extracted
src_2a92377ffe0f4a36,https://www.flip.org.br/patronos/,https://www.flip.org.br/patronos/,www.flip.org.br,https://www.flip.org.br/patronos/,organizer_page,,,2026-09-28,search_index,public_facts_only; commercial_reuse_not_cleared,facts_extracted
src_dc37706201fe9068,https://institucional.flip.org.br/agenda-2021/,https://institucional.flip.org.br/agenda-2021/,institucional.flip.org.br,https://institucional.flip.org.br/agenda-2021/,organizer_page,,,2026-09-28,search_index,public_facts_only; commercial_reuse_not_cleared,facts_extracted
src_90f48305de6d0fef,https://www.flip.org.br/flip-anuncia-a-data-da-23a-edicao/,https://www.flip.org.br/flip-anuncia-a-data-da-23a-edicao/,www.flip.org.br,https://www.flip.org.br/flip-anuncia-a-data-da-23a-edicao/,organizer_page,,,2026-09-28,search_index,public_facts_only; commercial_reuse_not_cleared,facts_extracted
src_80b095d23342bb5a,https://institucional.flip.org.br/home-2022/,https://institucional.flip.org.br/home-2022/,Flip,Home 2022,organizer_page,,,2026-09-28,search_index,public_facts_only; commercial_reuse_not_cleared,facts_extracted
src_db1171296d81ebde,https://www.flip.org.br/confira-as-datas-da-21a-flip/,https://www.flip.org.br/confira-as-datas-da-21a-flip/,Flip,Confira as datas da 21ª Flip,organizer_page,,2023-05-24,2026-09-28,search_index,public_facts_only; commercial_reuse_not_cleared,facts_extracted
src_1ade6a464f1902c2,https://arquivos.motiva.com.br/relatorios/ri2023/en/downloads/CCR_RI2023.pdf,https://arquivos.motiva.com.br/relatorios/ri2023/en/downloads/CCR_RI2023.pdf,arquivos.motiva.com.br,https://arquivos.motiva.com.br/relatorios/ri2023/en/downloads/CCR_RI2023.pdf,organizer_page,,,2026-09-28,search_index,public_facts_only; commercial_reuse_not_cleared,facts_extracted
src_267e0627dc947437,https://2024.flip.org.br/,https://2024.flip.org.br/,Flip,Flip 2024 Home,organizer_page,,,2026-09-28,search_index,public_facts_only; commercial_reuse_not_cleared,facts_extracted
src_914993877530c7cd,https://www.motiva.com.br/en/news/instituto-ccr-amplia-presenca-na-flip/,https://www.motiva.com.br/en/news/instituto-ccr-amplia-presenca-na-flip/,www.motiva.com.br,https://www.motiva.com.br/en/news/instituto-ccr-amplia-presenca-na-flip/,organizer_page,,,2026-09-28,web_open,public_facts_only; commercial_reuse_not_cleared,facts_extracted
src_f2148c2a6a269c9a,https://www.eletronuclear.gov.br/Quem-Somos/Governanca/Documents/Balan%C3%A7os/2024/1.%20RELAT%C3%93RIO%20ADMINISTRA%C3%87%C3%83O%20E%20RESPONSABILIDADE%20SOCIAL%202024.pdf,https://www.eletronuclear.gov.br/Quem-Somos/Governanca/Documents/Balan%C3%A7os/2024/1.%20RELAT%C3%93RIO%20ADMINISTRA%C3%87%C3%83O%20E%20RESPONSABILIDADE%20SOCIAL%202024.pdf,www.eletronuclear.gov.br,https://www.eletronuclear.gov.br/Quem-Somos/Governanca/Documents/Balan%C3%A7os/2024/1.%20RELAT%C3%93RIO%20ADMINISTRA%C3%87%C3%83O%20E%20RESPONSABILIDADE%20SOCIAL%202024.pdf,organizer_page,,,2026-09-28,web_open,public_facts_only; commercial_reuse_not_cleared,facts_extracted
src_1701afab8d50a6be,https://www.motiva.com.br/en/news/motiva-assina-programacao-na-flip-pelo-segundo-ano-consecutivo/,https://www.motiva.com.br/en/news/motiva-assina-programacao-na-flip-pelo-segundo-ano-consecutivo/,www.motiva.com.br,https://www.motiva.com.br/en/news/motiva-assina-programacao-na-flip-pelo-segundo-ano-consecutivo/,organizer_page,,,2026-09-28,web_open,public_facts_only; commercial_reuse_not_cleared,facts_extracted
src_732081c726ddf250,https://www.motiva.com.br/en/news/motiva-sera-a-nova-marca-do-grupo-ccr/,https://www.motiva.com.br/en/news/motiva-sera-a-nova-marca-do-grupo-ccr/,www.motiva.com.br,https://www.motiva.com.br/en/news/motiva-sera-a-nova-marca-do-grupo-ccr/,organizer_page,,,2026-09-28,web_open,public_facts_only; commercial_reuse_not_cleared,facts_extracted
src_5967a1b322cb6c23,https://rodovias.motiva.com.br/riosp/noticias/2026/julho/motiva-assina-a-programacao-oficial-da-flip-pelo-terceiro-ano-co/,https://rodovias.motiva.com.br/riosp/noticias/2026/julho/motiva-assina-a-programacao-oficial-da-flip-pelo-terceiro-ano-co/,rodovias.motiva.com.br,https://rodovias.motiva.com.br/riosp/noticias/2026/julho/motiva-assina-a-programacao-oficial-da-flip-pelo-terceiro-ano-co/,organizer_page,,,2026-09-28,web_open,public_facts_only; commercial_reuse_not_cleared,facts_extracted
src_250acab3c85dbfa1,https://flip.org.br/evento/flip-2026/,https://flip.org.br/evento/flip-2026/,Flip,Flip 2026; cabecera 24ª Flip,organizer_page,,,2026-09-28,search_index,public_facts_only; commercial_reuse_not_cleared,facts_extracted
src_642521ca61c47b44,https://www.frieze.com/article/galleries-and-programming-frieze-london-and-frieze-masters-2021,https://www.frieze.com/article/galleries-and-programming-frieze-london-and-frieze-masters-2021,Frieze,Galleries and Programming for Frieze London and Frieze Masters 2021,organizer_page,,2021-08-16,2026-09-28,web_open,public_facts_only; commercial_reuse_not_cleared,facts_extracted
src_209ee25e46568b6d,https://croynielsen.com/fairs/frieze-london-2021/,https://croynielsen.com/fairs/frieze-london-2021/,croynielsen.com,https://croynielsen.com/fairs/frieze-london-2021/,organizer_page,,,2026-09-28,web_open,public_facts_only; commercial_reuse_not_cleared,facts_extracted
src_7f009c35488b790c,https://www.frieze.com/bmw-open-work-2021-madeline-hollander,https://www.frieze.com/bmw-open-work-2021-madeline-hollander,www.frieze.com,https://www.frieze.com/bmw-open-work-2021-madeline-hollander,organizer_page,,,2026-09-28,web_open,public_facts_only; commercial_reuse_not_cleared,facts_extracted
src_fd9f4b80d80140c6,https://www.frieze.com/article/frieze-london-and-masters-vip-visitor-faqs,https://www.frieze.com/article/frieze-london-and-masters-vip-visitor-faqs,Frieze,Frieze London and Masters VIP Visitor FAQs,organizer_page,,2022-09-20,2026-09-28,web_open,public_facts_only; commercial_reuse_not_cleared,facts_extracted
src_0de479a1942a4ae6,https://www.deutsche-bank.it/news/detail/dbmagazine-il-dietro-le-quinte-delle-fiere-arte-organizzate-da-frieze-nel-2022?language_id=1,https://www.deutsche-bank.it/news/detail/dbmagazine-il-dietro-le-quinte-delle-fiere-arte-organizzate-da-frieze-nel-2022?language_id=1,www.deutsche-bank.it,https://www.deutsche-bank.it/news/detail/dbmagazine-il-dietro-le-quinte-delle-fiere-arte-organizzate-da-frieze-nel-2022?language_id=1,organizer_page,,,2026-09-28,web_open,public_facts_only; commercial_reuse_not_cleared,facts_extracted
src_bd02139477f1ea29,https://www.frieze.com/article/galleries-and-curators-frieze-london-and-frieze-masters-2023,https://www.frieze.com/article/galleries-and-curators-frieze-london-and-frieze-masters-2023,Frieze,The Galleries and Curators for Frieze London and Frieze Masters 2023,organizer_page,,2023-06-22,2026-09-28,web_open,public_facts_only; commercial_reuse_not_cleared,facts_extracted
src_0d1b569559679d3c,https://www.frieze.com/article/jack-obrien-wins-2023-camden-art-centre-emerging-artist-prize-frieze-london,https://www.frieze.com/article/jack-obrien-wins-2023-camden-art-centre-emerging-artist-prize-frieze-london,www.frieze.com,https://www.frieze.com/article/jack-obrien-wins-2023-camden-art-centre-emerging-artist-prize-frieze-london,organizer_page,,,2026-09-28,web_open,public_facts_only; commercial_reuse_not_cleared,facts_extracted
src_aa6616996a7a56c5,https://www.frieze.com/article/revealed-highlights-frieze-london-and-frieze-masters-2023?language=en,https://www.frieze.com/article/revealed-highlights-frieze-london-and-frieze-masters-2023?language=en,www.frieze.com,https://www.frieze.com/article/revealed-highlights-frieze-london-and-frieze-masters-2023?language=en,organizer_page,,,2026-09-28,web_open,public_facts_only; commercial_reuse_not_cleared,facts_extracted
src_66f32ab2e391e67f,https://press.frieze.com/frieze-unveils-bold-design-for-frieze-london-2024-and-a-new-curatorial-direction-at-frieze-masters/,https://press.frieze.com/frieze-unveils-bold-design-for-frieze-london-2024-and-a-new-curatorial-direction-at-frieze-masters/,Frieze,Frieze Unveils Bold Design for Frieze London 2024,organizer_page,,2024-06-27,2026-09-28,web_open,public_facts_only; commercial_reuse_not_cleared,facts_extracted
src_c9697a98b09b1b3e,https://app.frieze.com/article/funds-prizes-collaborations-frieze-london-frieze-masters-2025,https://app.frieze.com/article/funds-prizes-collaborations-frieze-london-frieze-masters-2025,app.frieze.com,https://app.frieze.com/article/funds-prizes-collaborations-frieze-london-frieze-masters-2025,organizer_page,,,2026-09-28,web_open,public_facts_only; commercial_reuse_not_cleared,facts_extracted
src_4e5c65743f731ea4,https://www.frieze.com/article/east-end-day-and-west-end-night-2024,https://www.frieze.com/article/east-end-day-and-west-end-night-2024,www.frieze.com,https://www.frieze.com/article/east-end-day-and-west-end-night-2024,organizer_page,,,2026-09-28,web_open,public_facts_only; commercial_reuse_not_cleared,facts_extracted
src_38b3e9b572dc81a7,https://press.frieze.com/frieze-london-frieze-masters-2025-first-details/,https://press.frieze.com/frieze-london-frieze-masters-2025-first-details/,Frieze,Frieze London & Frieze Masters 2025 to Highlight Curatorial Innovation,organizer_page,,2025-06-05,2026-09-28,web_open,public_facts_only; commercial_reuse_not_cleared,facts_extracted
src_291e81826ac76d32,https://press.frieze.com/frieze-london-frieze-masters-2025-end-of-fair/,https://press.frieze.com/frieze-london-frieze-masters-2025-end-of-fair/,press.frieze.com,https://press.frieze.com/frieze-london-frieze-masters-2025-end-of-fair/,organizer_page,,,2026-09-28,web_open,public_facts_only; commercial_reuse_not_cleared,facts_extracted
src_f67eaa1904019791,https://press.frieze.com/flfm26-first-details/,https://press.frieze.com/flfm26-first-details/,Frieze,Frieze London & Frieze Masters: Six Continents in Dialogue,organizer_page,,2026-06-11,2026-09-28,web_open,public_facts_only; commercial_reuse_not_cleared,facts_extracted
src_8e12c6aa8c47e7b8,https://www.rolandgarros.com/en-us/article/roland-garros-innovations-commitments-edition-2022,https://www.rolandgarros.com/en-us/article/roland-garros-innovations-commitments-edition-2022,FFT / Roland-Garros,Roland-Garros: innovations and commitments for 2022,organizer_page,,2022-03-16,2026-09-28,web_open,public_facts_only; commercial_reuse_not_cleared,facts_extracted
src_6f3ef2341546f8f3,https://www.rolandgarros.com/fr-fr/article/roland-garros-bnp-paribas-renouvellement-partenariat-histoire-2032,https://www.rolandgarros.com/fr-fr/article/roland-garros-bnp-paribas-renouvellement-partenariat-histoire-2032,www.rolandgarros.com,https://www.rolandgarros.com/fr-fr/article/roland-garros-bnp-paribas-renouvellement-partenariat-histoire-2032,organizer_page,,,2026-09-28,web_open,public_facts_only; commercial_reuse_not_cleared,facts_extracted
src_b62d0636e83527d0,https://www.rolandgarros.com/en-us/article/figures-record-breaking-stats-roland-garros-2022,https://www.rolandgarros.com/en-us/article/figures-record-breaking-stats-roland-garros-2022,www.rolandgarros.com,https://www.rolandgarros.com/en-us/article/figures-record-breaking-stats-roland-garros-2022,organizer_page,,,2026-09-28,web_open,public_facts_only; commercial_reuse_not_cleared,facts_extracted
src_a37046d28c94bfbc,https://www.renault.fr/renault-mag/thematique-autour-de-renault/renault-devient-partenaire-premium-de-rolandgarros.html,https://www.renault.fr/renault-mag/thematique-autour-de-renault/renault-devient-partenaire-premium-de-rolandgarros.html,www.renault.fr,https://www.renault.fr/renault-mag/thematique-autour-de-renault/renault-devient-partenaire-premium-de-rolandgarros.html,organizer_page,,,2026-09-28,web_open,public_facts_only; commercial_reuse_not_cleared,facts_extracted
src_d856d2647d07e8fe,https://www.rolandgarros.com/en-us/article/roland-garros-2023-opening-official-ticketing-offers-15-march,https://www.rolandgarros.com/en-us/article/roland-garros-2023-opening-official-ticketing-offers-15-march,FFT / Roland-Garros,Roland-Garros 2023: ticketing opens on 15 march!,organizer_page,,2023-03-08,2026-09-28,web_open,public_facts_only; commercial_reuse_not_cleared,facts_extracted
src_d583b26b36c49e5c,https://media.renault.com/roland-garros-2023-la-marque-renault-monte-au-filet/?lang=fra,https://media.renault.com/roland-garros-2023-la-marque-renault-monte-au-filet/?lang=fra,media.renault.com,https://media.renault.com/roland-garros-2023-la-marque-renault-monte-au-filet/?lang=fra,organizer_page,,,2026-09-28,web_open,public_facts_only; commercial_reuse_not_cleared,facts_extracted
src_274f785e72a1ff45,https://www.rolandgarros.com/fr-fr/article/chiffres-manquants-finales-messieurs-double-dames-quinzieme-journee-dimanche-11-juin,https://www.rolandgarros.com/fr-fr/article/chiffres-manquants-finales-messieurs-double-dames-quinzieme-journee-dimanche-11-juin,www.rolandgarros.com,https://www.rolandgarros.com/fr-fr/article/chiffres-manquants-finales-messieurs-double-dames-quinzieme-journee-dimanche-11-juin,organizer_page,,,2026-09-28,web_open,public_facts_only; commercial_reuse_not_cleared,facts_extracted
src_33217bc4be0ea729,https://www.emirates.com/media-centre/emirates-is-back-in-action-at-roland-garros-2024/,https://www.emirates.com/media-centre/emirates-is-back-in-action-at-roland-garros-2024/,Emirates,Emirates is back in action at Roland-Garros 2024,organizer_page,,2024-05-17,2026-09-28,web_open,public_facts_only; commercial_reuse_not_cleared,facts_extracted
src_81fad5c73053f1af,https://media.renault.com/game-5-and-match-renault-electrifies-roland-garros/?lang=eng,https://media.renault.com/game-5-and-match-renault-electrifies-roland-garros/?lang=eng,media.renault.com,https://media.renault.com/game-5-and-match-renault-electrifies-roland-garros/?lang=eng,organizer_page,,,2026-09-28,web_open,public_facts_only; commercial_reuse_not_cleared,facts_extracted
src_5d1ab36f380ad5d1,https://www.rolandgarros.com/fr-fr/article/bilan-edition-2024-gilles-moretton-amelie-mauresmo-conference-de-presse,https://www.rolandgarros.com/fr-fr/article/bilan-edition-2024-gilles-moretton-amelie-mauresmo-conference-de-presse,www.rolandgarros.com,https://www.rolandgarros.com/fr-fr/article/bilan-edition-2024-gilles-moretton-amelie-mauresmo-conference-de-presse,organizer_page,,,2026-09-28,web_open,public_facts_only; commercial_reuse_not_cleared,facts_extracted
src_5294de4ef0cb4627,https://digital.fft.fr/04-divers/federal/2025/NL%20CLUBS/TI571-Interactif_compressed.pdf,https://digital.fft.fr/04-divers/federal/2025/NL%20CLUBS/TI571-Interactif_compressed.pdf,digital.fft.fr,https://digital.fft.fr/04-divers/federal/2025/NL%20CLUBS/TI571-Interactif_compressed.pdf,organizer_page,,,2026-09-28,web_open,public_facts_only; commercial_reuse_not_cleared,facts_extracted
src_0e7b4b30161968fb,https://media.renault.com/?p=529529,https://media.renault.com/?p=529529,Renault,Renault 4 Savane 4x4 Concept en première mondiale à Roland-Garros 2025,organizer_page,,2025-05-16,2026-09-28,web_open,public_facts_only; commercial_reuse_not_cleared,facts_extracted
src_2205e0cf19d2f3a0,https://www.rolandgarros.com/en-us/page/roland-garros-past-editions-2025-coco-gauff-carlos-alcaraz,https://www.rolandgarros.com/en-us/page/roland-garros-past-editions-2025-coco-gauff-carlos-alcaraz,www.rolandgarros.com,https://www.rolandgarros.com/en-us/page/roland-garros-past-editions-2025-coco-gauff-carlos-alcaraz,organizer_page,,,2026-09-28,web_open,public_facts_only; commercial_reuse_not_cleared,facts_extracted
src_1e9ba82b345b7a3b,https://www.rolandgarros.com/fr-fr/article/medias-accreditations-presse-radio-photo-tv-roland-garros-2026,https://www.rolandgarros.com/fr-fr/article/medias-accreditations-presse-radio-photo-tv-roland-garros-2026,FFT / Roland-Garros,Médias : processus d’accréditation pour Roland-Garros 2026,organizer_page,,2026-02-09,2026-09-28,web_open,public_facts_only; commercial_reuse_not_cleared,facts_extracted
src_c97590256fdf5513,https://www.rolandgarros.com/fr-fr/article/edition-2026-amelie-mauresmo-bilan-reussites-surprises-conference-de-presse,https://www.rolandgarros.com/fr-fr/article/edition-2026-amelie-mauresmo-bilan-reussites-surprises-conference-de-presse,www.rolandgarros.com,https://www.rolandgarros.com/fr-fr/article/edition-2026-amelie-mauresmo-bilan-reussites-surprises-conference-de-presse,organizer_page,,,2026-09-28,web_open,public_facts_only; commercial_reuse_not_cleared,facts_extracted
src_bfa4b2bf1f76dec0,https://travel.rolandgarros.com/fr/conditions,https://travel.rolandgarros.com/fr/conditions,FFT / Roland-Garros,Conditions générales de vente billetterie Roland-Garros 2027,organizer_page,,2026-05-24,2026-09-28,web_open,public_facts_only; commercial_reuse_not_cleared,facts_extracted
src_abf7fb34450f3065,https://pretix.eu/bapya/pybay-2026/,https://pretix.eu/bapya/pybay-2026/,pretix.eu,PyBay 2026 official current details,organizer_page,,,2026-09-28,web_read,public_facts_only; commercial_reuse_not_cleared,facts_extracted
src_ace0e2408f544ea8,https://africa.pycon.org/,https://africa.pycon.org/,africa.pycon.org,PyCon Africa 2026 official current details,organizer_page,,,2026-09-28,web_read,public_facts_only; commercial_reuse_not_cleared,facts_extracted
src_ea5884ec8892fb06,https://www.pycon-nl.org/,https://www.pycon-nl.org/,www.pycon-nl.org,PyCon NL 2026 official current details,organizer_page,,,2026-09-28,web_read,public_facts_only; commercial_reuse_not_cleared,facts_extracted
src_aaec996fb2f3a78c,https://africa.pycon.org/2026/tickets/,https://africa.pycon.org/2026/tickets/,africa.pycon.org,PyCon Africa 2026 ticket prices,organizer_page,,,2026-09-28,web_read,public_facts_only; commercial_reuse_not_cleared,facts_extracted
src_4b1f01673b1b0849,https://2026.pycon.ie/blog/venue-change/,https://2026.pycon.ie/blog/venue-change/,Python Ireland,Update on PyCon Ireland 2026: Venue Change and Extended CFP Deadline,organizer_update,,2026-07-04,2026-09-28,web_read,public_facts_only; commercial_reuse_not_cleared,facts_extracted
src_9a4dd5ba3e78bf93,https://pybay.org/,https://pybay.org/,pybay.org,https://pybay.org/,organizer_page,,,2026-09-28,web_read,public_facts_only; commercial_reuse_not_cleared,facts_extracted
src_da2557fd2a75f70b,https://2024.es.pycon.org/,https://2024.es.pycon.org/,PyConES,PyConES 2024 Vigo,organizer_page,es,,2026-09-28,web_read,public_facts_only; commercial_reuse_not_cleared,facts_extracted
src_fef59a73c0e8a25d,https://acirio.com/,https://acirio.com/,Acirio,Acirio — Página de producto,evaluated_source,,,2026-09-28,primary_indexed_content_open_empty,public_facts_only; commercial_reuse_not_cleared,primary_indexed_content_open_empty
src_aa97735080023e4b,https://acirio.com/privacy,https://acirio.com/privacy,Acirio,Acirio — Privacy,evaluated_source,,,2026-09-28,primary_indexed_content,public_facts_only; commercial_reuse_not_cleared,primary_indexed_content
src_cd7ec5b0888a9623,https://docs.luma.com/llms.txt,https://docs.luma.com/llms.txt,Luma,Luma — Documentation Index,evaluated_source,,,2026-09-28,public_page_opened,public_facts_only; commercial_reuse_not_cleared,public_page_opened
src_2c9a3381ad2269ae,https://docs.luma.com/reference/get_v1-calendars-events-list,https://docs.luma.com/reference/get_v1-calendars-events-list,Luma,Luma — List Events,evaluated_source,,,2026-09-28,public_page_opened,public_facts_only; commercial_reuse_not_cleared,public_page_opened
src_cf7ff1ccddcdbfeb,https://docs.luma.com/reference/get_v1-calendars-events-list.md,https://docs.luma.com/reference/get_v1-calendars-events-list.md,Luma,Luma — Get_V1 Calendars Events List.Md,evaluated_source,,,2026-09-28,failed_tool_access,public_facts_only; commercial_reuse_not_cleared,failed_tool_access
src_4a6385a19fc8506a,https://docs.luma.com/reference/get_v1-events-get,https://docs.luma.com/reference/get_v1-events-get,Luma,Luma — Get Event,evaluated_source,,,2026-09-28,public_page_opened,public_facts_only; commercial_reuse_not_cleared,public_page_opened
src_55eb4ed56db14cd1,https://docs.luma.com/reference/getting-started-with-your-api,https://docs.luma.com/reference/getting-started-with-your-api,Luma,Luma — Getting Started,evaluated_source,,,2026-09-28,public_page_opened,public_facts_only; commercial_reuse_not_cleared,public_page_opened
src_56b419ea29f5477c,https://docs.luma.com/reference/post_v1-events-create,https://docs.luma.com/reference/post_v1-events-create,Luma,Luma — Create Event,evaluated_source,,,2026-09-28,public_page_opened,public_facts_only; commercial_reuse_not_cleared,public_page_opened
src_8d756217f5fc7622,https://docs.luma.com/reference/post_v1-events-create.md,https://docs.luma.com/reference/post_v1-events-create.md,Luma,Luma — Post_V1 Events Create.Md,evaluated_source,,,2026-09-28,failed_tool_access,public_facts_only; commercial_reuse_not_cleared,failed_tool_access
src_7306a5a70f0bc66d,https://docs.luma.com/reference/rate-limits,https://docs.luma.com/reference/rate-limits,Luma,Luma — Rate Limits,evaluated_source,,,2026-09-28,public_page_opened,public_facts_only; commercial_reuse_not_cleared,public_page_opened
src_e28b2180b48f7582,https://docs.luma.com/reference/rate-limits.md,https://docs.luma.com/reference/rate-limits.md,Luma,Luma — Rate Limits.Md,evaluated_source,,,2026-09-28,failed_tool_access,public_facts_only; commercial_reuse_not_cleared,failed_tool_access
src_a6c947658dbf7eee,https://help.luma.com/p/luma-api,https://help.luma.com/p/luma-api,Luma,Luma — API Help,evaluated_source,,,2026-09-28,failed_timeout,public_facts_only; commercial_reuse_not_cleared,failed_timeout
src_f21c32dba3bf3bc2,https://help.luma.com/p/mcp,https://help.luma.com/p/mcp,Luma,Luma — MCP Server,evaluated_source,,,2026-09-28,public_page_opened,public_facts_only; commercial_reuse_not_cleared,public_page_opened
src_cb9ae11397246716,https://help.partiful.com/en-us/articles/15525563-what-is-a-public-event,https://help.partiful.com/en-us/articles/15525563-what-is-a-public-event,Partiful,Partiful — What is a Public Event?,evaluated_source,,,2026-09-28,public_page_opened,public_facts_only; commercial_reuse_not_cleared,public_page_opened
src_950dbc0b62f61cbd,https://help.partiful.com/en-us/articles/15525648-how-does-partiful-protect-my-data,https://help.partiful.com/en-us/articles/15525648-how-does-partiful-protect-my-data,Partiful,Partiful — How does Partiful protect my data?,evaluated_source,,,2026-09-28,public_page_opened,public_facts_only; commercial_reuse_not_cleared,public_page_opened
src_3fc8772711451c94,https://help.sponsorunited.com/en/articles/10166311-general-spnd-questions,https://help.sponsorunited.com/en/articles/10166311-general-spnd-questions,SponsorUnited,SponsorUnited — General SPND Questions,evaluated_source,,,2026-09-28,public_page_opened,public_facts_only; commercial_reuse_not_cleared,public_page_opened
src_42d1218e305ffa66,https://help.sponsorunited.com/en/articles/10166349-spnd-access,https://help.sponsorunited.com/en/articles/10166349-spnd-access,SponsorUnited,SponsorUnited — SPND Access,evaluated_source,,,2026-09-28,primary_indexed_content,public_facts_only; commercial_reuse_not_cleared,primary_indexed_content
src_8125760879511867,https://identyca.io/,https://identyca.io/,Identyca,Identyca — Página de producto,evaluated_source,,,2026-09-28,public_page_opened,public_facts_only; commercial_reuse_not_cleared,public_page_opened
src_d64d8182b2fcded9,https://kurationai.com/ai,https://kurationai.com/ai,Kuration AI,Kuration AI — Ai,evaluated_source,,,2026-09-28,primary_indexed_content,public_facts_only; commercial_reuse_not_cleared,primary_indexed_content
src_b5d1e19b0887200f,https://kurationai.com/pricing,https://kurationai.com/pricing,Kuration AI,Kuration AI — Pricing,evaluated_source,,,2026-09-28,public_page_opened,public_facts_only; commercial_reuse_not_cleared,public_page_opened
src_ba4b3151b88b03fd,https://kurationai.com/solutions/event-intelligence,https://kurationai.com/solutions/event-intelligence,Kuration AI,Kuration AI — Event Intelligence,evaluated_source,,,2026-09-28,primary_indexed_content,public_facts_only; commercial_reuse_not_cleared,primary_indexed_content
src_a4c4ac40a327c9c6,https://luma.com/pricing,https://luma.com/pricing,Luma,Luma — Pricing,evaluated_source,,,2026-09-28,public_page_opened,public_facts_only; commercial_reuse_not_cleared,public_page_opened
src_9011bdeecf6ab954,https://luma.com/terms,https://luma.com/terms,Luma,Luma — Terms,evaluated_source,,,2026-09-28,public_page_opened,public_facts_only; commercial_reuse_not_cleared,public_page_opened
src_ca645ab474afeddc,https://partable.ai/events,https://partable.ai/events,Partable,Partable — Events,evaluated_source,,,2026-09-28,public_page_opened,public_facts_only; commercial_reuse_not_cleared,public_page_opened
src_82f29b5bff2db826,https://partiful.com/terms,https://partiful.com/terms,Partiful,Partiful — Terms,evaluated_source,,,2026-09-28,public_page_opened,public_facts_only; commercial_reuse_not_cleared,public_page_opened
src_6e379bd5bd5d3bcb,https://run.events/,https://run.events/,run.events,run.events — Página de producto,evaluated_source,,,2026-09-28,public_page_opened,public_facts_only; commercial_reuse_not_cleared,public_page_opened
src_49af638e6fb1adfb,https://run.events/pricing,https://run.events/pricing,run.events,run.events — Pricing,evaluated_source,,,2026-09-28,primary_indexed_content,public_facts_only; commercial_reuse_not_cleared,primary_indexed_content
src_b0689ef31f1c97c9,https://run.events/services/api-integration,https://run.events/services/api-integration,run.events,run.events — API & Integration,evaluated_source,,,2026-09-28,public_page_opened,public_facts_only; commercial_reuse_not_cleared,public_page_opened
src_6a846f103ec3afdb,https://run.events/testimonials,https://run.events/testimonials,run.events,run.events — Customer Stories,evaluated_source,,,2026-09-28,public_page_opened,public_facts_only; commercial_reuse_not_cleared,public_page_opened
src_5693b896788eecd8,https://vendelux.com/,https://vendelux.com/,Vendelux,Vendelux — Página de producto,evaluated_source,,,2026-09-28,public_page_opened,public_facts_only; commercial_reuse_not_cleared,public_page_opened
src_03ebd5bca8d6bef9,https://vendelux.com/event-discovery,https://vendelux.com/event-discovery,Vendelux,Vendelux — Event Discovery,evaluated_source,,,2026-09-28,public_page_opened,public_facts_only; commercial_reuse_not_cleared,public_page_opened
src_b41aa53746420ff6,https://vendelux.com/pricing,https://vendelux.com/pricing,Vendelux,Vendelux — Pricing,evaluated_source,,,2026-09-28,public_page_opened,public_facts_only; commercial_reuse_not_cleared,public_page_opened
src_a21bd6a5492ed600,https://vendelux.com/resources/case-studies/seqera,https://vendelux.com/resources/case-studies/seqera,Vendelux,Vendelux — Seqera Case Study,evaluated_source,,,2026-09-28,public_page_opened,public_facts_only; commercial_reuse_not_cleared,public_page_opened
src_48a0ad08e4f6fc70,https://www.eventbrite.co/help/en-ca/articles/251210/eventbrite-terms-of-service/,https://www.eventbrite.co/help/en-ca/articles/251210/eventbrite-terms-of-service/,Eventbrite,Eventbrite — Eventbrite Terms Of Service,evaluated_source,,,2026-09-28,primary_indexed_content_direct_429,public_facts_only; commercial_reuse_not_cleared,primary_indexed_content_direct_429
src_19c2c781885c506a,https://www.eventbrite.com/corporate/legal/legalterms/,https://www.eventbrite.com/corporate/legal/legalterms/,Eventbrite,Eventbrite — Legalterms,evaluated_source,,,2026-09-28,failed_429,public_facts_only; commercial_reuse_not_cleared,failed_429
src_ad2b8d44956b86cd,https://www.eventbrite.com/platform/docs/by-date,https://www.eventbrite.com/platform/docs/by-date,Eventbrite,Eventbrite — Searching Events by Date,evaluated_source,,,2026-09-28,primary_indexed_content_direct_error,public_facts_only; commercial_reuse_not_cleared,primary_indexed_content_direct_error
src_248ea5cff5931e89,https://www.eventbrite.com/platform/new/api,https://www.eventbrite.com/platform/new/api,Eventbrite,Eventbrite — Api,evaluated_source,,,2026-09-28,primary_indexed_content_direct_429,public_facts_only; commercial_reuse_not_cleared,primary_indexed_content_direct_429
src_c861bcd976e35446,https://www.eventbrite.de/platform/docs/organizations,https://www.eventbrite.de/platform/docs/organizations,Eventbrite,Eventbrite — Understanding Organizations,evaluated_source,,,2026-09-28,primary_indexed_content,public_facts_only; commercial_reuse_not_cleared,primary_indexed_content
src_f32e158f4a81da42,https://www.eventopulse.com/,https://www.eventopulse.com/,EventoPulse,EventoPulse — Página de producto,evaluated_source,,,2026-09-28,public_page_opened,public_facts_only; commercial_reuse_not_cleared,public_page_opened
src_db1c03e1775ca764,https://www.eventopulse.com/pricing/,https://www.eventopulse.com/pricing/,EventoPulse,EventoPulse — Pricing,evaluated_source,,,2026-09-28,public_page_opened,public_facts_only; commercial_reuse_not_cleared,public_page_opened
src_35967865836bb16f,https://www.events-intelligence.com/,https://www.events-intelligence.com/,Events Intelligence/HuntEx,Events Intelligence/HuntEx — Página de producto,evaluated_source,,,2026-09-28,public_page_opened,public_facts_only; commercial_reuse_not_cleared,public_page_opened
src_7f6756a3217e9b5c,https://www.events-intelligence.com/services,https://www.events-intelligence.com/services,Events Intelligence/HuntEx,Events Intelligence/HuntEx — Services,evaluated_source,,,2026-09-28,primary_indexed_content,public_facts_only; commercial_reuse_not_cleared,primary_indexed_content
src_4e1fe75482446fc2,https://www.pana.space/events,https://www.pana.space/events,Pana Events,Pana Events — Events,evaluated_source,,,2026-09-28,primary_indexed_content,public_facts_only; commercial_reuse_not_cleared,primary_indexed_content
src_cc0a28fcdede102c,https://www.pana.space/events/ai-event-planner,https://www.pana.space/events/ai-event-planner,Pana Events,Pana Events — AI Event Planner,evaluated_source,,,2026-09-28,public_page_opened,public_facts_only; commercial_reuse_not_cleared,public_page_opened
src_d58ddf1fa134fc27,https://www.pana.space/events/pricing,https://www.pana.space/events/pricing,Pana Events,Pana Events — Pricing,evaluated_source,,,2026-09-28,public_page_opened,public_facts_only; commercial_reuse_not_cleared,public_page_opened
src_0a1013cab8e243e0,https://www.pana.space/events/terms-and-conditions,https://www.pana.space/events/terms-and-conditions,Pana Events,Pana Events — Terms And Conditions,evaluated_source,,,2026-09-28,primary_indexed_content,public_facts_only; commercial_reuse_not_cleared,primary_indexed_content
src_612c7540989d36dc,https://www.sponsorunited.com/,https://www.sponsorunited.com/,SponsorUnited,SponsorUnited — Página de producto,evaluated_source,,,2026-09-28,primary_indexed_content,public_facts_only; commercial_reuse_not_cleared,primary_indexed_content
src_7ebd4e90d39a1ee5,https://help.meetup.com/hc/en-us/articles/41453576628749-How-can-I-get-access-to-Meetup-s-API,https://help.meetup.com/hc/en-us/articles/41453576628749-How-can-I-get-access-to-Meetup-s-API,Meetup,https://help.meetup.com/hc/en-us/articles/41453576628749-How-can-I-get-access-to-Meetup-s-API,official_help,,,2026-09-28,read,public_facts_only; commercial_reuse_not_cleared,read
src_81e67a8a3e273a95,https://www.meetup.com/graphql/guide/,https://www.meetup.com/graphql/guide/,Meetup,https://www.meetup.com/graphql/guide/,official_api_docs,,,2026-09-28,indexed,public_facts_only; commercial_reuse_not_cleared,indexed
src_bff922c59598fff4,https://help.meetup.com/hc/en-us/articles/360028705532-Meetup-API-license-terms,https://help.meetup.com/hc/en-us/articles/360028705532-Meetup-API-license-terms,Meetup,https://help.meetup.com/hc/en-us/articles/360028705532-Meetup-API-license-terms,official_terms,,,2026-09-28,read,public_facts_only; commercial_reuse_not_cleared,read
src_7f342d86233569f0,https://www.meetup.com/python-edinburgh/,https://www.meetup.com/python-edinburgh/,Meetup,https://www.meetup.com/python-edinburgh/,organizer_group_page,,,2026-09-28,read,public_facts_only; commercial_reuse_not_cleared,read
src_2c56a2f9eeda1d62,https://login.10times.com/platform,https://login.10times.com/platform,10times,https://login.10times.com/platform,vendor_marketing,,,2026-09-28,read,public_facts_only; commercial_reuse_not_cleared,read
src_ecd126e46aa5f958,https://10times.com/easa,https://10times.com/easa,10times,https://10times.com/easa,aggregator_event_page,,,2026-09-28,read,public_facts_only; commercial_reuse_not_cleared,read
src_54a97b26fadab9d4,https://10times.com/terms-of-service,https://10times.com/terms-of-service,10times,https://10times.com/terms-of-service,official_terms,,,2026-09-28,read,public_facts_only; commercial_reuse_not_cleared,read
src_2f7f3e07e9965a39,https://sessionize.com/playbook/api,https://sessionize.com/playbook/api,Sessionize,https://sessionize.com/playbook/api,official_api_docs,,,2026-09-28,read,public_facts_only; commercial_reuse_not_cleared,read
src_4d225d301eabecd3,https://sessionize.com/api/v2/jl4ktls0/view/All,https://sessionize.com/api/v2/jl4ktls0/view/All,Sessionize,https://sessionize.com/api/v2/jl4ktls0/view/All,official_demo_api,,,2026-09-28,read,public_facts_only; commercial_reuse_not_cleared,read
src_3cca216945a62f3d,https://sessionize.com/2024-all-day-devops/,https://sessionize.com/2024-all-day-devops/,Sessionize,https://sessionize.com/2024-all-day-devops/,organizer_event_page,,,2026-09-28,read,public_facts_only; commercial_reuse_not_cleared,read
src_62a0988ce6a76c98,https://docs.pretix.eu/dev/api/fundamentals.html,https://docs.pretix.eu/dev/api/fundamentals.html,pretix,https://docs.pretix.eu/dev/api/fundamentals.html,official_api_docs,,,2026-09-28,read,public_facts_only; commercial_reuse_not_cleared,read
src_4333d5eb9112d1e2,https://docs.pretix.eu/dev/api/resources/events.html,https://docs.pretix.eu/dev/api/resources/events.html,pretix,https://docs.pretix.eu/dev/api/resources/events.html,official_api_docs,,,2026-09-28,indexed,public_facts_only; commercial_reuse_not_cleared,indexed
src_c13d7441cc98d488,https://pretix.eu/OpenEmbedded/OEW24/,https://pretix.eu/OpenEmbedded/OEW24/,pretix,https://pretix.eu/OpenEmbedded/OEW24/,organizer_ticket_page,,,2026-09-28,read,public_facts_only; commercial_reuse_not_cleared,read
src_12ac605e05d27fae,https://help.tickettailor.com/en/articles/4593218-how-do-i-connect-to-the-ticket-tailor-api,https://help.tickettailor.com/en/articles/4593218-how-do-i-connect-to-the-ticket-tailor-api,Ticket Tailor,https://help.tickettailor.com/en/articles/4593218-how-do-i-connect-to-the-ticket-tailor-api,official_help,,,2026-09-28,read,public_facts_only; commercial_reuse_not_cleared,read
src_b4768985a136dee8,https://developers.tickettailor.com/docs/api/ticket-tailor-api/,https://developers.tickettailor.com/docs/api/ticket-tailor-api/,Ticket Tailor,https://developers.tickettailor.com/docs/api/ticket-tailor-api/,official_api_docs,,,2026-09-28,read,public_facts_only; commercial_reuse_not_cleared,read
src_7fed1c8598d7bd1f,https://www.tickettailor.com/events/tickettailorwebinars/1021136,https://www.tickettailor.com/events/tickettailorwebinars/1021136,Ticket Tailor,https://www.tickettailor.com/events/tickettailorwebinars/1021136,organizer_event_page,,,2026-09-28,read,public_facts_only; commercial_reuse_not_cleared,read
src_433e07bfb6995e47,https://help.humanitix.com/en/articles/8888275-public-api-documentation,https://help.humanitix.com/en/articles/8888275-public-api-documentation,Humanitix,https://help.humanitix.com/en/articles/8888275-public-api-documentation,official_api_docs,,,2026-09-28,read,public_facts_only; commercial_reuse_not_cleared,read
src_2f471e9b1253ad5d,https://static.humanitix.com/pdfs/api_terms_of_use.pdf,https://static.humanitix.com/pdfs/api_terms_of_use.pdf,Humanitix,https://static.humanitix.com/pdfs/api_terms_of_use.pdf,official_terms_pdf,,,2026-09-28,read,public_facts_only; commercial_reuse_not_cleared,read
src_cf9cb7d13d9b0b35,https://events.humanitix.com/ra-2023-transport-summit-sydney/contact,https://events.humanitix.com/ra-2023-transport-summit-sydney/contact,Humanitix,https://events.humanitix.com/ra-2023-transport-summit-sydney/contact,organizer_event_contact_page,,,2026-09-28,read,public_facts_only; commercial_reuse_not_cleared,read
src_16bef878d6a18c9e,https://partners-endpoint.dice.fm/graphql/docs/index.html,https://partners-endpoint.dice.fm/graphql/docs/index.html,DICE,https://partners-endpoint.dice.fm/graphql/docs/index.html,official_api_docs,,,2026-09-28,read,public_facts_only; commercial_reuse_not_cleared,read
src_af64838ff553a0f0,https://dice.fm/,https://dice.fm/,DICE,https://dice.fm/,official_site,,,2026-09-28,blocked_403,public_facts_only; commercial_reuse_not_cleared,blocked_403
src_533d25d5083126e2,https://archive.org/help/wayback_api.php,https://archive.org/help/wayback_api.php,Internet Archive,https://archive.org/help/wayback_api.php,official_api_docs,,,2026-09-28,read,public_facts_only; commercial_reuse_not_cleared,read
src_2ecb9437696b4964,https://archive.org/wayback/available?url=us.pycon.org%2F2022%2F&timestamp=20220401,https://archive.org/wayback/available?url=us.pycon.org%2F2022%2F&timestamp=20220401,Internet Archive,https://archive.org/wayback/available?url=us.pycon.org%2F2022%2F&timestamp=20220401,official_public_api,,,2026-09-28,blocked_429_after_tool_error,public_facts_only; commercial_reuse_not_cleared,blocked_429_after_tool_error
src_947efca5c26335ec,https://events.stanford.edu/event/52nd_annual_stanford_powwow,https://events.stanford.edu/event/52nd_annual_stanford_powwow,Stanford,https://events.stanford.edu/event/52nd_annual_stanford_powwow,university_event_page,,,2026-09-28,indexed_direct_429,public_facts_only; commercial_reuse_not_cleared,indexed_direct_429
src_3812e0a1b5031680,https://www.firabarcelona.com/en/our-history/,https://www.firabarcelona.com/en/our-history/,Fira Barcelona,https://www.firabarcelona.com/en/our-history/,official_institutional_history,,,2026-09-28,read,public_facts_only; commercial_reuse_not_cleared,read
src_e0a97bc37a9e7464,https://www.iseurope.org/press-releases/ise-2024-breaks-records-anniversary-show,https://www.iseurope.org/press-releases/ise-2024-breaks-records-anniversary-show,ISE,https://www.iseurope.org/press-releases/ise-2024-breaks-records-anniversary-show,official_postevent_release,,,2026-09-28,read,public_facts_only; commercial_reuse_not_cleared,read
src_d75c9c42d89cdb4a,https://www.iseurope.org/press-releases/countdown-ise-2024-begins-registration-opens-today,https://www.iseurope.org/press-releases/countdown-ise-2024-begins-registration-opens-today,ISE,https://www.iseurope.org/press-releases/countdown-ise-2024-begins-registration-opens-today,official_press_release,,,2026-09-28,read_dynamic_inconsistent,public_facts_only; commercial_reuse_not_cleared,read_dynamic_inconsistent
src_df8d6395e68a1284,https://www.iseurope.org/press-releases/countdown-ise-2024-barcelona-hosts-unprecedented-av-extravaganza-record-breaking-show-floor,https://www.iseurope.org/press-releases/countdown-ise-2024-barcelona-hosts-unprecedented-av-extravaganza-record-breaking-show-floor,ISE,https://www.iseurope.org/press-releases/countdown-ise-2024-barcelona-hosts-unprecedented-av-extravaganza-record-breaking-show-floor,official_press_release,,,2026-09-28,indexed,public_facts_only; commercial_reuse_not_cleared,indexed
src_af08650519d4bd96,https://cdn.asp.events/CLIENT_Integrat_169E7B04_E6F3_39F6_8BE4DB27C54F731E/sites/ise-2024/media/Facts-and-Figures-2024_ISE_0404.pdf,https://cdn.asp.events/CLIENT_Integrat_169E7B04_E6F3_39F6_8BE4DB27C54F731E/sites/ise-2024/media/Facts-and-Figures-2024_ISE_0404.pdf,ISE,https://cdn.asp.events/CLIENT_Integrat_169E7B04_E6F3_39F6_8BE4DB27C54F731E/sites/ise-2024/media/Facts-and-Figures-2024_ISE_0404.pdf,official_postevent_pdf,,,2026-09-28,read_text_screenshot_timeout,public_facts_only; commercial_reuse_not_cleared,read_text_screenshot_timeout
src_5f0be661f1c570cb,https://www.python.org/events/python-events/,https://www.python.org/events/python-events/,www.python.org,https://www.python.org/events/python-events/,organizer_page,,,2026-09-28,public_http,public_facts_only; commercial_reuse_not_cleared,read_not_necessarily_extracted
src_40cad476d24b7702,https://www.python.org/events/python-user-group/,https://www.python.org/events/python-user-group/,www.python.org,https://www.python.org/events/python-user-group/,organizer_page,,,2026-09-28,public_http,public_facts_only; commercial_reuse_not_cleared,read_not_necessarily_extracted
