id,company_id,event_id,series_id,package_id,level,period,status,modality,amount,currency,source_id
sponsorship_history_4a5b9d6135149fca,co_0fb9765e58d296e5,evt_20ccee0b7a792a00,ser_90abdbe8763dea01,,Visionary,2022,published_sponsor_presence; contract_amount_and_execution_unknown,,,,src_a8039e7f5b60402a
sponsorship_history_6926587f8386b913,co_ea3bd73e2b506e00,evt_20ccee0b7a792a00,ser_90abdbe8763dea01,,Visionary,2022,published_sponsor_presence; contract_amount_and_execution_unknown,,,,src_a8039e7f5b60402a
sponsorship_history_cd9b6ce59a8daa6c,co_bbdefa2950f49882,evt_20ccee0b7a792a00,ser_90abdbe8763dea01,,Visionary,2022,published_sponsor_presence; contract_amount_and_execution_unknown,,,,src_a8039e7f5b60402a
sponsorship_history_a655c07b14c03e1c,co_9fbf261b62c1d7c0,evt_20ccee0b7a792a00,ser_90abdbe8763dea01,,Sustainability,2022,published_sponsor_presence; contract_amount_and_execution_unknown,,,,src_a8039e7f5b60402a
sponsorship_history_13eeee71e0722d7d,co_8d4321d936320802,evt_20ccee0b7a792a00,ser_90abdbe8763dea01,,Sustainability,2022,published_sponsor_presence; contract_amount_and_execution_unknown,,,,src_a8039e7f5b60402a
sponsorship_history_dcbee2e5ec2d73b9,co_7d1507284a5757ca,evt_20ccee0b7a792a00,ser_90abdbe8763dea01,,Sustainability,2022,published_sponsor_presence; contract_amount_and_execution_unknown,,,,src_a8039e7f5b60402a
sponsorship_history_6e9158c9fab705ef,co_67b51232d90eef07,evt_20ccee0b7a792a00,ser_90abdbe8763dea01,,Maintaining,2022,published_sponsor_presence; contract_amount_and_execution_unknown,,,,src_a8039e7f5b60402a
sponsorship_history_2249ccdf4ce3e48a,co_d888a3e4ea95d404,evt_20ccee0b7a792a00,ser_90abdbe8763dea01,,Maintaining,2022,published_sponsor_presence; contract_amount_and_execution_unknown,,,,src_a8039e7f5b60402a
sponsorship_history_a51852da868c4964,co_f5b3373a9fbd0315,evt_20ccee0b7a792a00,ser_90abdbe8763dea01,,Maintaining,2022,published_sponsor_presence; contract_amount_and_execution_unknown,,,,src_a8039e7f5b60402a
sponsorship_history_fd2e515df75a22ec,co_fee6fd0cc1707a18,evt_20ccee0b7a792a00,ser_90abdbe8763dea01,,Maintaining,2022,published_sponsor_presence; contract_amount_and_execution_unknown,,,,src_a8039e7f5b60402a
sponsorship_history_030abef3761c1150,co_6f348ef7bc564637,evt_20ccee0b7a792a00,ser_90abdbe8763dea01,,Maintaining,2022,published_sponsor_presence; contract_amount_and_execution_unknown,,,,src_a8039e7f5b60402a
sponsorship_history_82726b29943a48d0,co_f7d9f5a90479d632,evt_20ccee0b7a792a00,ser_90abdbe8763dea01,,Contributing,2022,published_sponsor_presence; contract_amount_and_execution_unknown,,,,src_a8039e7f5b60402a
sponsorship_history_a51a2fccba4b85ef,co_c4fe98345289633c,evt_20ccee0b7a792a00,ser_90abdbe8763dea01,,Contributing,2022,published_sponsor_presence; contract_amount_and_execution_unknown,,,,src_a8039e7f5b60402a
sponsorship_history_edf35abc2706d571,co_9f8230c43ce398d6,evt_20ccee0b7a792a00,ser_90abdbe8763dea01,,Contributing,2022,published_sponsor_presence; contract_amount_and_execution_unknown,,,,src_a8039e7f5b60402a
sponsorship_history_79a667c461372e1c,co_7606c4cbaae85d2d,evt_20ccee0b7a792a00,ser_90abdbe8763dea01,,Contributing,2022,published_sponsor_presence; contract_amount_and_execution_unknown,,,,src_a8039e7f5b60402a
sponsorship_history_0d61d5d3113cf9da,co_916a98f0fa2a39af,evt_20ccee0b7a792a00,ser_90abdbe8763dea01,,Contributing,2022,published_sponsor_presence; contract_amount_and_execution_unknown,,,,src_a8039e7f5b60402a
sponsorship_history_6ffc1a5c7157e3ce,co_c9a2dcb05123781d,evt_20ccee0b7a792a00,ser_90abdbe8763dea01,,Contributing,2022,published_sponsor_presence; contract_amount_and_execution_unknown,,,,src_a8039e7f5b60402a
sponsorship_history_74ae5337a7959109,co_8dfe5e6cf73b1d6b,evt_20ccee0b7a792a00,ser_90abdbe8763dea01,,Contributing,2022,published_sponsor_presence; contract_amount_and_execution_unknown,,,,src_a8039e7f5b60402a
sponsorship_history_13dcf0f127e4dee4,co_04b6c31ced2043ce,evt_20ccee0b7a792a00,ser_90abdbe8763dea01,,Supporting,2022,published_sponsor_presence; contract_amount_and_execution_unknown,,,,src_a8039e7f5b60402a
sponsorship_history_3f037dd25030d224,co_f344a3efa4668566,evt_20ccee0b7a792a00,ser_90abdbe8763dea01,,Supporting,2022,published_sponsor_presence; contract_amount_and_execution_unknown,,,,src_a8039e7f5b60402a
sponsorship_history_2f752d37fb510c14,co_50cfd89765d6d5dd,evt_20ccee0b7a792a00,ser_90abdbe8763dea01,,Supporting,2022,published_sponsor_presence; contract_amount_and_execution_unknown,,,,src_a8039e7f5b60402a
sponsorship_history_66e441b205d237b5,co_8dfea6856769fb4d,evt_20ccee0b7a792a00,ser_90abdbe8763dea01,,Supporting,2022,published_sponsor_presence; contract_amount_and_execution_unknown,,,,src_a8039e7f5b60402a
sponsorship_history_8f116854623278df,co_5a1ad84a47ec210d,evt_20ccee0b7a792a00,ser_90abdbe8763dea01,,Supporting,2022,published_sponsor_presence; contract_amount_and_execution_unknown,,,,src_a8039e7f5b60402a
sponsorship_history_f9b2de32fd2a71d8,co_200e997d97c7a78a,evt_20ccee0b7a792a00,ser_90abdbe8763dea01,,Supporting,2022,published_sponsor_presence; contract_amount_and_execution_unknown,,,,src_a8039e7f5b60402a
sponsorship_history_0098d5ce9cd5ffd6,co_6c2949a5b9698d22,evt_20ccee0b7a792a00,ser_90abdbe8763dea01,,Supporting,2022,published_sponsor_presence; contract_amount_and_execution_unknown,,,,src_a8039e7f5b60402a
sponsorship_history_d22d781053378fdd,co_039e65978ab36874,evt_20ccee0b7a792a00,ser_90abdbe8763dea01,,Supporting,2022,published_sponsor_presence; contract_amount_and_execution_unknown,,,,src_a8039e7f5b60402a
sponsorship_history_94172acaf9ccac21,co_99c090636aa0f68a,evt_20ccee0b7a792a00,ser_90abdbe8763dea01,,Supporting,2022,published_sponsor_presence; contract_amount_and_execution_unknown,,,,src_a8039e7f5b60402a
sponsorship_history_ff3536d797c2f5c2,co_9202af6ce925b26a,evt_20ccee0b7a792a00,ser_90abdbe8763dea01,,Supporting,2022,published_sponsor_presence; contract_amount_and_execution_unknown,,,,src_a8039e7f5b60402a
sponsorship_history_e6d41fc2b4f7d897,co_8a44b67ae1db24f9,evt_20ccee0b7a792a00,ser_90abdbe8763dea01,,Supporting,2022,published_sponsor_presence; contract_amount_and_execution_unknown,,,,src_a8039e7f5b60402a
sponsorship_history_c2180cd5fb1e6c1d,co_0cf6855c1a3c323b,evt_20ccee0b7a792a00,ser_90abdbe8763dea01,,Supporting,2022,published_sponsor_presence; contract_amount_and_execution_unknown,,,,src_a8039e7f5b60402a
sponsorship_history_4612a8266c76b62a,co_472e893c30310a7b,evt_20ccee0b7a792a00,ser_90abdbe8763dea01,,Supporting,2022,published_sponsor_presence; contract_amount_and_execution_unknown,,,,src_a8039e7f5b60402a
sponsorship_history_38a616f2f8ef3371,co_f8532933789406dc,evt_20ccee0b7a792a00,ser_90abdbe8763dea01,,Supporting,2022,published_sponsor_presence; contract_amount_and_execution_unknown,,,,src_a8039e7f5b60402a
sponsorship_history_0beff257d520b1ba,co_a82261cfdc8e1155,evt_20ccee0b7a792a00,ser_90abdbe8763dea01,,Supporting,2022,published_sponsor_presence; contract_amount_and_execution_unknown,,,,src_a8039e7f5b60402a
sponsorship_history_9e42b18fb62d4a14,co_737e91b03ee3cfc5,evt_20ccee0b7a792a00,ser_90abdbe8763dea01,,Supporting,2022,published_sponsor_presence; contract_amount_and_execution_unknown,,,,src_a8039e7f5b60402a
sponsorship_history_44be60393f6b2fc7,co_8fbeda012c76d899,evt_20ccee0b7a792a00,ser_90abdbe8763dea01,,Supporting,2022,published_sponsor_presence; contract_amount_and_execution_unknown,,,,src_a8039e7f5b60402a
sponsorship_history_f31e324d1284a131,co_cc634dced3e6279e,evt_20ccee0b7a792a00,ser_90abdbe8763dea01,,Partner,2022,published_sponsor_presence; contract_amount_and_execution_unknown,,,,src_a8039e7f5b60402a
sponsorship_history_cfb1ddaf698b8d9a,co_1706716bb5eebbe2,evt_20ccee0b7a792a00,ser_90abdbe8763dea01,,Partner,2022,published_sponsor_presence; contract_amount_and_execution_unknown,,,,src_a8039e7f5b60402a
sponsorship_history_2b434da85faca9aa,co_a5302c4694722195,evt_20ccee0b7a792a00,ser_90abdbe8763dea01,,Partner,2022,published_sponsor_presence; contract_amount_and_execution_unknown,,,,src_a8039e7f5b60402a
sponsorship_history_3ca56eb81c6ad184,co_de5a1adf4fedcce1,evt_20ccee0b7a792a00,ser_90abdbe8763dea01,,Partner,2022,published_sponsor_presence; contract_amount_and_execution_unknown,,,,src_a8039e7f5b60402a
sponsorship_history_fce61ca4c570a669,co_7ba99a119580a884,evt_20ccee0b7a792a00,ser_90abdbe8763dea01,,Partner,2022,published_sponsor_presence; contract_amount_and_execution_unknown,,,,src_a8039e7f5b60402a
sponsorship_history_aa2fbceaa98dcd71,co_524f3f7ce2bc0326,evt_20ccee0b7a792a00,ser_90abdbe8763dea01,,Partner,2022,published_sponsor_presence; contract_amount_and_execution_unknown,,,,src_a8039e7f5b60402a
sponsorship_history_27bd74b9afce8496,co_986051385feae5b9,evt_20ccee0b7a792a00,ser_90abdbe8763dea01,,Partner,2022,published_sponsor_presence; contract_amount_and_execution_unknown,,,,src_a8039e7f5b60402a
sponsorship_history_b6a57fb88ecfd98a,co_19dd31ffd7bb951a,evt_20ccee0b7a792a00,ser_90abdbe8763dea01,,Partner,2022,published_sponsor_presence; contract_amount_and_execution_unknown,,,,src_a8039e7f5b60402a
sponsorship_history_95c7a415b498cd19,co_eda870f040899043,evt_20ccee0b7a792a00,ser_90abdbe8763dea01,,Partner,2022,published_sponsor_presence; contract_amount_and_execution_unknown,,,,src_a8039e7f5b60402a
sponsorship_history_dd496ddfbaac9d7d,co_84a3693331a95fd0,evt_20ccee0b7a792a00,ser_90abdbe8763dea01,,Partner,2022,published_sponsor_presence; contract_amount_and_execution_unknown,,,,src_a8039e7f5b60402a
sponsorship_history_65717adf421f24f2,co_c7ad2ac22b4500bd,evt_20ccee0b7a792a00,ser_90abdbe8763dea01,,Partner,2022,published_sponsor_presence; contract_amount_and_execution_unknown,,,,src_a8039e7f5b60402a
sponsorship_history_1e180598f9dcd76f,co_4458f786505ab7bb,evt_20ccee0b7a792a00,ser_90abdbe8763dea01,,Partner,2022,published_sponsor_presence; contract_amount_and_execution_unknown,,,,src_a8039e7f5b60402a
sponsorship_history_8cc97fcefa71cc05,co_b337951cb83ffa44,evt_20ccee0b7a792a00,ser_90abdbe8763dea01,,Partner,2022,published_sponsor_presence; contract_amount_and_execution_unknown,,,,src_a8039e7f5b60402a
sponsorship_history_e8b345742892c1ac,co_c723ccd1e1a6eb20,evt_20ccee0b7a792a00,ser_90abdbe8763dea01,,Partner,2022,published_sponsor_presence; contract_amount_and_execution_unknown,,,,src_a8039e7f5b60402a
sponsorship_history_0bf68385c31f5941,co_f8849d864257947c,evt_20ccee0b7a792a00,ser_90abdbe8763dea01,,Partner,2022,published_sponsor_presence; contract_amount_and_execution_unknown,,,,src_a8039e7f5b60402a
sponsorship_history_1ac0bdab71808815,co_1d772ffb5ed5f970,evt_20ccee0b7a792a00,ser_90abdbe8763dea01,,Partner,2022,published_sponsor_presence; contract_amount_and_execution_unknown,,,,src_a8039e7f5b60402a
sponsorship_history_fdde92d58a9c076e,co_1c6cda31110c57fa,evt_20ccee0b7a792a00,ser_90abdbe8763dea01,,Partner,2022,published_sponsor_presence; contract_amount_and_execution_unknown,,,,src_a8039e7f5b60402a
sponsorship_history_8ffd2628f80064a0,co_bb043f4f48305a61,evt_20ccee0b7a792a00,ser_90abdbe8763dea01,,Partner,2022,published_sponsor_presence; contract_amount_and_execution_unknown,,,,src_a8039e7f5b60402a
sponsorship_history_7c065de9906581f8,co_50bc66d8aae5ae90,evt_20ccee0b7a792a00,ser_90abdbe8763dea01,,Partner,2022,published_sponsor_presence; contract_amount_and_execution_unknown,,,,src_a8039e7f5b60402a
sponsorship_history_d920ea6640b8a804,co_335030e60af34715,evt_20ccee0b7a792a00,ser_90abdbe8763dea01,,Partner,2022,published_sponsor_presence; contract_amount_and_execution_unknown,,,,src_a8039e7f5b60402a
sponsorship_history_b88faba006480ffe,co_17d43645b4daf733,evt_20ccee0b7a792a00,ser_90abdbe8763dea01,,Partner,2022,published_sponsor_presence; contract_amount_and_execution_unknown,,,,src_a8039e7f5b60402a
sponsorship_history_927a015f7bdb76da,co_d9082bdcf7eaf584,evt_20ccee0b7a792a00,ser_90abdbe8763dea01,,Partner,2022,published_sponsor_presence; contract_amount_and_execution_unknown,,,,src_a8039e7f5b60402a
sponsorship_history_621880644a6380a2,co_b7750a3df0d40d27,evt_20ccee0b7a792a00,ser_90abdbe8763dea01,,Partner,2022,published_sponsor_presence; contract_amount_and_execution_unknown,,,,src_a8039e7f5b60402a
sponsorship_history_83ef09598eb499b8,co_93d59962b06d8e0f,evt_20ccee0b7a792a00,ser_90abdbe8763dea01,,Partner,2022,published_sponsor_presence; contract_amount_and_execution_unknown,,,,src_a8039e7f5b60402a
sponsorship_history_43e5588a1548394c,co_a2a83943d5534752,evt_20ccee0b7a792a00,ser_90abdbe8763dea01,,Partner,2022,published_sponsor_presence; contract_amount_and_execution_unknown,,,,src_a8039e7f5b60402a
sponsorship_history_394834a34897c129,co_065c04f51f8295c9,evt_20ccee0b7a792a00,ser_90abdbe8763dea01,,Partner,2022,published_sponsor_presence; contract_amount_and_execution_unknown,,,,src_a8039e7f5b60402a
sponsorship_history_dfee87a107e02f5d,co_d3566809b85a6169,evt_20ccee0b7a792a00,ser_90abdbe8763dea01,,Partner,2022,published_sponsor_presence; contract_amount_and_execution_unknown,,,,src_a8039e7f5b60402a
sponsorship_history_0b757a85596d0503,co_e06a2145ce9bb611,evt_20ccee0b7a792a00,ser_90abdbe8763dea01,,Participating,2022,published_sponsor_presence; contract_amount_and_execution_unknown,,,,src_a8039e7f5b60402a
sponsorship_history_8825446bed105dbf,co_7352f353c460e74c,evt_20ccee0b7a792a00,ser_90abdbe8763dea01,,Participating,2022,published_sponsor_presence; contract_amount_and_execution_unknown,,,,src_a8039e7f5b60402a
sponsorship_history_a1ba6c4820f96754,co_2d6c9f56bae05223,evt_20ccee0b7a792a00,ser_90abdbe8763dea01,,Participating,2022,published_sponsor_presence; contract_amount_and_execution_unknown,,,,src_a8039e7f5b60402a
sponsorship_history_335ee7bf91257d2f,co_1e86eae524ed28f9,evt_20ccee0b7a792a00,ser_90abdbe8763dea01,,Participating,2022,published_sponsor_presence; contract_amount_and_execution_unknown,,,,src_a8039e7f5b60402a
sponsorship_history_cf28fa68b614b76d,co_13ed070478ef62c3,evt_20ccee0b7a792a00,ser_90abdbe8763dea01,,Participating,2022,published_sponsor_presence; contract_amount_and_execution_unknown,,,,src_a8039e7f5b60402a
sponsorship_history_f17a6c635fb54c9e,co_f96e1cd338ed25c1,evt_20ccee0b7a792a00,ser_90abdbe8763dea01,,Participating,2022,published_sponsor_presence; contract_amount_and_execution_unknown,,,,src_a8039e7f5b60402a
sponsorship_history_c54e9c7c67567261,co_35832d1c4a470cad,evt_20ccee0b7a792a00,ser_90abdbe8763dea01,,Participating,2022,published_sponsor_presence; contract_amount_and_execution_unknown,,,,src_a8039e7f5b60402a
sponsorship_history_00903408ebc9a15f,co_cd90699b064c8ea9,evt_20ccee0b7a792a00,ser_90abdbe8763dea01,,Participating,2022,published_sponsor_presence; contract_amount_and_execution_unknown,,,,src_a8039e7f5b60402a
sponsorship_history_ccb776457db2b933,co_a3ec05bacf98ab46,evt_20ccee0b7a792a00,ser_90abdbe8763dea01,,Participating,2022,published_sponsor_presence; contract_amount_and_execution_unknown,,,,src_a8039e7f5b60402a
sponsorship_history_dfd49a1c48cdf934,co_89d01c9ba73cb5c4,evt_20ccee0b7a792a00,ser_90abdbe8763dea01,,Participating,2022,published_sponsor_presence; contract_amount_and_execution_unknown,,,,src_a8039e7f5b60402a
sponsorship_history_7f90b6b8b8b416e0,co_c629c048fbb93653,evt_20ccee0b7a792a00,ser_90abdbe8763dea01,,Participating,2022,published_sponsor_presence; contract_amount_and_execution_unknown,,,,src_a8039e7f5b60402a
sponsorship_history_1179ebbb3a5ca864,co_7839b6ada259ffca,evt_20ccee0b7a792a00,ser_90abdbe8763dea01,,Participating,2022,published_sponsor_presence; contract_amount_and_execution_unknown,,,,src_a8039e7f5b60402a
sponsorship_history_b9640d84dd32a682,co_58fd7151c0e14591,evt_20ccee0b7a792a00,ser_90abdbe8763dea01,,Associate,2022,published_sponsor_presence; contract_amount_and_execution_unknown,,,,src_a8039e7f5b60402a
sponsorship_history_56581d23ed8f3820,co_202d35b234122dd9,evt_20ccee0b7a792a00,ser_90abdbe8763dea01,,Associate,2022,published_sponsor_presence; contract_amount_and_execution_unknown,,,,src_a8039e7f5b60402a
sponsorship_history_8639c8f0ed586a1a,co_fefaa42da40ecf93,evt_20ccee0b7a792a00,ser_90abdbe8763dea01,,Associate,2022,published_sponsor_presence; contract_amount_and_execution_unknown,,,,src_a8039e7f5b60402a
sponsorship_history_6f4870fced4997be,co_f80e6507f90e6c33,evt_20ccee0b7a792a00,ser_90abdbe8763dea01,,Associate,2022,published_sponsor_presence; contract_amount_and_execution_unknown,,,,src_a8039e7f5b60402a
sponsorship_history_2063327a82a0ca13,co_9174f65ba89173ac,evt_20ccee0b7a792a00,ser_90abdbe8763dea01,,Associate,2022,published_sponsor_presence; contract_amount_and_execution_unknown,,,,src_a8039e7f5b60402a
sponsorship_history_51ce39a6ba04cd12,co_564119e3839812ca,evt_20ccee0b7a792a00,ser_90abdbe8763dea01,,Associate,2022,published_sponsor_presence; contract_amount_and_execution_unknown,,,,src_a8039e7f5b60402a
sponsorship_history_f767b7b53b434211,co_8b8c575a7f97894b,evt_20ccee0b7a792a00,ser_90abdbe8763dea01,,Associate,2022,published_sponsor_presence; contract_amount_and_execution_unknown,,,,src_a8039e7f5b60402a
sponsorship_history_574e13b626482f8b,co_1dd7fa803674c56e,evt_20ccee0b7a792a00,ser_90abdbe8763dea01,,Associate,2022,published_sponsor_presence; contract_amount_and_execution_unknown,,,,src_a8039e7f5b60402a
sponsorship_history_525472a9caccaf62,co_44d32dc33740cc89,evt_20ccee0b7a792a00,ser_90abdbe8763dea01,,Associate,2022,published_sponsor_presence; contract_amount_and_execution_unknown,,,,src_a8039e7f5b60402a
sponsorship_history_0bc1ee22f31f2ea2,co_a478b4566be5cb00,evt_20ccee0b7a792a00,ser_90abdbe8763dea01,,Associate,2022,published_sponsor_presence; contract_amount_and_execution_unknown,,,,src_a8039e7f5b60402a
sponsorship_history_405a926917d118d4,co_067e837f5e319f9b,evt_20ccee0b7a792a00,ser_90abdbe8763dea01,,Associate,2022,published_sponsor_presence; contract_amount_and_execution_unknown,,,,src_a8039e7f5b60402a
sponsorship_history_9195aff91d1e185e,co_031ac995a40ff061,evt_20ccee0b7a792a00,ser_90abdbe8763dea01,,Associate,2022,published_sponsor_presence; contract_amount_and_execution_unknown,,,,src_a8039e7f5b60402a
sponsorship_history_a94869d52e7220ad,co_332668ef885f84aa,evt_20ccee0b7a792a00,ser_90abdbe8763dea01,,Associate,2022,published_sponsor_presence; contract_amount_and_execution_unknown,,,,src_a8039e7f5b60402a
sponsorship_history_7c5d42fe04f3b895,co_bb3ff901cf098794,evt_20ccee0b7a792a00,ser_90abdbe8763dea01,,Associate,2022,published_sponsor_presence; contract_amount_and_execution_unknown,,,,src_a8039e7f5b60402a
sponsorship_history_1db7438c4a9ad554,co_ea3bd73e2b506e00,evt_dd36adad3729b7b4,ser_90abdbe8763dea01,,Visionary,2023,published_sponsor_presence; contract_amount_and_execution_unknown,,,,src_7ad814aa572fc9ba
sponsorship_history_3b8f0c77c81b1a94,co_0fb9765e58d296e5,evt_dd36adad3729b7b4,ser_90abdbe8763dea01,,Visionary,2023,published_sponsor_presence; contract_amount_and_execution_unknown,,,,src_7ad814aa572fc9ba
sponsorship_history_249955da0d6dee6d,co_bbdefa2950f49882,evt_dd36adad3729b7b4,ser_90abdbe8763dea01,,Visionary,2023,published_sponsor_presence; contract_amount_and_execution_unknown,,,,src_7ad814aa572fc9ba
sponsorship_history_ba64fd6551ced729,co_9fbf261b62c1d7c0,evt_dd36adad3729b7b4,ser_90abdbe8763dea01,,Sustainability,2023,published_sponsor_presence; contract_amount_and_execution_unknown,,,,src_7ad814aa572fc9ba
sponsorship_history_87f5c88925e4d306,co_8d4321d936320802,evt_dd36adad3729b7b4,ser_90abdbe8763dea01,,Sustainability,2023,published_sponsor_presence; contract_amount_and_execution_unknown,,,,src_7ad814aa572fc9ba
sponsorship_history_32b3dc7745f2c8e0,co_3ccbd9105a45d8fc,evt_dd36adad3729b7b4,ser_90abdbe8763dea01,,Maintaining,2023,published_sponsor_presence; contract_amount_and_execution_unknown,,,,src_7ad814aa572fc9ba
sponsorship_history_43c830652e21ad03,co_6f348ef7bc564637,evt_dd36adad3729b7b4,ser_90abdbe8763dea01,,Maintaining,2023,published_sponsor_presence; contract_amount_and_execution_unknown,,,,src_7ad814aa572fc9ba
sponsorship_history_c7e20ab646a427c0,co_7d1507284a5757ca,evt_dd36adad3729b7b4,ser_90abdbe8763dea01,,Maintaining,2023,published_sponsor_presence; contract_amount_and_execution_unknown,,,,src_7ad814aa572fc9ba
sponsorship_history_e35b14308f50c05e,co_fee6fd0cc1707a18,evt_dd36adad3729b7b4,ser_90abdbe8763dea01,,Maintaining,2023,published_sponsor_presence; contract_amount_and_execution_unknown,,,,src_7ad814aa572fc9ba
sponsorship_history_475e0d7601ca9929,co_d888a3e4ea95d404,evt_dd36adad3729b7b4,ser_90abdbe8763dea01,,Maintaining,2023,published_sponsor_presence; contract_amount_and_execution_unknown,,,,src_7ad814aa572fc9ba
sponsorship_history_6665a990a0d4d80a,co_67b51232d90eef07,evt_dd36adad3729b7b4,ser_90abdbe8763dea01,,Maintaining,2023,published_sponsor_presence; contract_amount_and_execution_unknown,,,,src_7ad814aa572fc9ba
sponsorship_history_f57974540298cf58,co_5b162b0485992362,evt_dd36adad3729b7b4,ser_90abdbe8763dea01,,Contributing,2023,published_sponsor_presence; contract_amount_and_execution_unknown,,,,src_7ad814aa572fc9ba
sponsorship_history_0009b562fed6848f,co_c4fe98345289633c,evt_dd36adad3729b7b4,ser_90abdbe8763dea01,,Contributing,2023,published_sponsor_presence; contract_amount_and_execution_unknown,,,,src_7ad814aa572fc9ba
sponsorship_history_35955f3645ff785f,co_7606c4cbaae85d2d,evt_dd36adad3729b7b4,ser_90abdbe8763dea01,,Contributing,2023,published_sponsor_presence; contract_amount_and_execution_unknown,,,,src_7ad814aa572fc9ba
sponsorship_history_667322bccf2ae1b5,co_4458f786505ab7bb,evt_dd36adad3729b7b4,ser_90abdbe8763dea01,,Contributing,2023,published_sponsor_presence; contract_amount_and_execution_unknown,,,,src_7ad814aa572fc9ba
sponsorship_history_30a9a80a4036f04c,co_99c090636aa0f68a,evt_dd36adad3729b7b4,ser_90abdbe8763dea01,,Contributing,2023,published_sponsor_presence; contract_amount_and_execution_unknown,,,,src_7ad814aa572fc9ba
sponsorship_history_c923d194a729d050,co_8dfe5e6cf73b1d6b,evt_dd36adad3729b7b4,ser_90abdbe8763dea01,,Contributing,2023,published_sponsor_presence; contract_amount_and_execution_unknown,,,,src_7ad814aa572fc9ba
sponsorship_history_6268e3f1eec11206,co_0cf6855c1a3c323b,evt_dd36adad3729b7b4,ser_90abdbe8763dea01,,Supporting,2023,published_sponsor_presence; contract_amount_and_execution_unknown,,,,src_7ad814aa572fc9ba
sponsorship_history_3117624aca7ac5e2,co_c63a9876a150404e,evt_dd36adad3729b7b4,ser_90abdbe8763dea01,,Supporting,2023,published_sponsor_presence; contract_amount_and_execution_unknown,,,,src_7ad814aa572fc9ba
sponsorship_history_f35f68d31b2c6663,co_2dae946ece4887f3,evt_dd36adad3729b7b4,ser_90abdbe8763dea01,,Supporting,2023,published_sponsor_presence; contract_amount_and_execution_unknown,,,,src_7ad814aa572fc9ba
sponsorship_history_ff2d665bc17fa060,co_fff54f474949593e,evt_dd36adad3729b7b4,ser_90abdbe8763dea01,,Supporting,2023,published_sponsor_presence; contract_amount_and_execution_unknown,,,,src_7ad814aa572fc9ba
sponsorship_history_4866f0e2e442fd45,co_8bd191612e518228,evt_dd36adad3729b7b4,ser_90abdbe8763dea01,,Supporting,2023,published_sponsor_presence; contract_amount_and_execution_unknown,,,,src_7ad814aa572fc9ba
sponsorship_history_947e206ab7a44ce7,co_737e91b03ee3cfc5,evt_dd36adad3729b7b4,ser_90abdbe8763dea01,,Supporting,2023,published_sponsor_presence; contract_amount_and_execution_unknown,,,,src_7ad814aa572fc9ba
sponsorship_history_ddc3d8dbea13c103,co_6c2949a5b9698d22,evt_dd36adad3729b7b4,ser_90abdbe8763dea01,,Supporting,2023,published_sponsor_presence; contract_amount_and_execution_unknown,,,,src_7ad814aa572fc9ba
sponsorship_history_a805e093f3b2974c,co_472e893c30310a7b,evt_dd36adad3729b7b4,ser_90abdbe8763dea01,,Supporting,2023,published_sponsor_presence; contract_amount_and_execution_unknown,,,,src_7ad814aa572fc9ba
sponsorship_history_5a028dbccac79be7,co_50cfd89765d6d5dd,evt_dd36adad3729b7b4,ser_90abdbe8763dea01,,Supporting,2023,published_sponsor_presence; contract_amount_and_execution_unknown,,,,src_7ad814aa572fc9ba
sponsorship_history_9f6ce32bb7f9f4a3,co_71cb02ed8285bbc0,evt_dd36adad3729b7b4,ser_90abdbe8763dea01,,Supporting,2023,published_sponsor_presence; contract_amount_and_execution_unknown,,,,src_7ad814aa572fc9ba
sponsorship_history_835ea690aa75c9b6,co_4efb305aa25d3762,evt_dd36adad3729b7b4,ser_90abdbe8763dea01,,Partner,2023,published_sponsor_presence; contract_amount_and_execution_unknown,,,,src_7ad814aa572fc9ba
sponsorship_history_fcd13f37459e6c56,co_583a0126b22c6e8c,evt_dd36adad3729b7b4,ser_90abdbe8763dea01,,Partner,2023,published_sponsor_presence; contract_amount_and_execution_unknown,,,,src_7ad814aa572fc9ba
sponsorship_history_8dc845f7a37135d9,co_dda458ae9a200140,evt_dd36adad3729b7b4,ser_90abdbe8763dea01,,Partner,2023,published_sponsor_presence; contract_amount_and_execution_unknown,,,,src_7ad814aa572fc9ba
sponsorship_history_11f7af2f96b53aa1,co_031ac995a40ff061,evt_dd36adad3729b7b4,ser_90abdbe8763dea01,,Partner,2023,published_sponsor_presence; contract_amount_and_execution_unknown,,,,src_7ad814aa572fc9ba
sponsorship_history_603682b6724cd33c,co_de19a670b445db55,evt_dd36adad3729b7b4,ser_90abdbe8763dea01,,Partner,2023,published_sponsor_presence; contract_amount_and_execution_unknown,,,,src_7ad814aa572fc9ba
sponsorship_history_fb7035a1986055b4,co_e4540a7c8404b1be,evt_dd36adad3729b7b4,ser_90abdbe8763dea01,,Partner,2023,published_sponsor_presence; contract_amount_and_execution_unknown,,,,src_7ad814aa572fc9ba
sponsorship_history_5ebf0d421dfdc50e,co_e1c8b17102a886c6,evt_dd36adad3729b7b4,ser_90abdbe8763dea01,,Partner,2023,published_sponsor_presence; contract_amount_and_execution_unknown,,,,src_7ad814aa572fc9ba
sponsorship_history_5169cff80b14485d,co_986051385feae5b9,evt_dd36adad3729b7b4,ser_90abdbe8763dea01,,Partner,2023,published_sponsor_presence; contract_amount_and_execution_unknown,,,,src_7ad814aa572fc9ba
sponsorship_history_409a96d3c173867e,co_1706716bb5eebbe2,evt_dd36adad3729b7b4,ser_90abdbe8763dea01,,Partner,2023,published_sponsor_presence; contract_amount_and_execution_unknown,,,,src_7ad814aa572fc9ba
sponsorship_history_48849f312dad9d9e,co_e25481764d2dd413,evt_dd36adad3729b7b4,ser_90abdbe8763dea01,,Partner,2023,published_sponsor_presence; contract_amount_and_execution_unknown,,,,src_7ad814aa572fc9ba
sponsorship_history_294b6caaafde30f5,co_37b61d8e485adf54,evt_dd36adad3729b7b4,ser_90abdbe8763dea01,,Partner,2023,published_sponsor_presence; contract_amount_and_execution_unknown,,,,src_7ad814aa572fc9ba
sponsorship_history_86e906781246a18b,co_f8532933789406dc,evt_dd36adad3729b7b4,ser_90abdbe8763dea01,,Partner,2023,published_sponsor_presence; contract_amount_and_execution_unknown,,,,src_7ad814aa572fc9ba
sponsorship_history_d68f8b04a2412a08,co_1d772ffb5ed5f970,evt_dd36adad3729b7b4,ser_90abdbe8763dea01,,Partner,2023,published_sponsor_presence; contract_amount_and_execution_unknown,,,,src_7ad814aa572fc9ba
sponsorship_history_f87ff8544aa02972,co_b7f79e8d35e86317,evt_dd36adad3729b7b4,ser_90abdbe8763dea01,,Partner,2023,published_sponsor_presence; contract_amount_and_execution_unknown,,,,src_7ad814aa572fc9ba
sponsorship_history_85ae04feb5cbd190,co_aacca8bcb37aefa0,evt_dd36adad3729b7b4,ser_90abdbe8763dea01,,Partner,2023,published_sponsor_presence; contract_amount_and_execution_unknown,,,,src_7ad814aa572fc9ba
sponsorship_history_0ce689994687f73e,co_7ba99a119580a884,evt_dd36adad3729b7b4,ser_90abdbe8763dea01,,Partner,2023,published_sponsor_presence; contract_amount_and_execution_unknown,,,,src_7ad814aa572fc9ba
sponsorship_history_268446205db4e506,co_de5a1adf4fedcce1,evt_dd36adad3729b7b4,ser_90abdbe8763dea01,,Partner,2023,published_sponsor_presence; contract_amount_and_execution_unknown,,,,src_7ad814aa572fc9ba
sponsorship_history_21933afbad44c419,co_5a1ad84a47ec210d,evt_dd36adad3729b7b4,ser_90abdbe8763dea01,,Partner,2023,published_sponsor_presence; contract_amount_and_execution_unknown,,,,src_7ad814aa572fc9ba
sponsorship_history_629a12a8239d5bab,co_93d59962b06d8e0f,evt_dd36adad3729b7b4,ser_90abdbe8763dea01,,Partner,2023,published_sponsor_presence; contract_amount_and_execution_unknown,,,,src_7ad814aa572fc9ba
sponsorship_history_b58a443af369e1a6,co_66a4c7087268d4e4,evt_dd36adad3729b7b4,ser_90abdbe8763dea01,,Partner,2023,published_sponsor_presence; contract_amount_and_execution_unknown,,,,src_7ad814aa572fc9ba
sponsorship_history_9afd4ba7caa4def4,co_4d8bd97f03109ac1,evt_dd36adad3729b7b4,ser_90abdbe8763dea01,,Partner,2023,published_sponsor_presence; contract_amount_and_execution_unknown,,,,src_7ad814aa572fc9ba
sponsorship_history_0333e388d4fcc05c,co_da1f7df424253d20,evt_dd36adad3729b7b4,ser_90abdbe8763dea01,,Partner,2023,published_sponsor_presence; contract_amount_and_execution_unknown,,,,src_7ad814aa572fc9ba
sponsorship_history_c029d1969923b2fd,co_a6158572ac986721,evt_dd36adad3729b7b4,ser_90abdbe8763dea01,,Partner,2023,published_sponsor_presence; contract_amount_and_execution_unknown,,,,src_7ad814aa572fc9ba
sponsorship_history_6ca9b20e11fd6ac8,co_d9082bdcf7eaf584,evt_dd36adad3729b7b4,ser_90abdbe8763dea01,,Partner,2023,published_sponsor_presence; contract_amount_and_execution_unknown,,,,src_7ad814aa572fc9ba
sponsorship_history_d99056e4737a0344,co_b2f7f26289c74cdf,evt_dd36adad3729b7b4,ser_90abdbe8763dea01,,Partner,2023,published_sponsor_presence; contract_amount_and_execution_unknown,,,,src_7ad814aa572fc9ba
sponsorship_history_3daedd13f5b993a9,co_13fd9e770be36698,evt_dd36adad3729b7b4,ser_90abdbe8763dea01,,Partner,2023,published_sponsor_presence; contract_amount_and_execution_unknown,,,,src_7ad814aa572fc9ba
sponsorship_history_8992cd7d2f6bb508,co_08e05b2a2d20f9bb,evt_dd36adad3729b7b4,ser_90abdbe8763dea01,,Partner,2023,published_sponsor_presence; contract_amount_and_execution_unknown,,,,src_7ad814aa572fc9ba
sponsorship_history_3296e0c8d289cfeb,co_b0c5ed0373c6dce9,evt_dd36adad3729b7b4,ser_90abdbe8763dea01,,Partner,2023,published_sponsor_presence; contract_amount_and_execution_unknown,,,,src_7ad814aa572fc9ba
sponsorship_history_3558e5e1dd62fc02,co_e2657581fe469aaa,evt_dd36adad3729b7b4,ser_90abdbe8763dea01,,Partner,2023,published_sponsor_presence; contract_amount_and_execution_unknown,,,,src_7ad814aa572fc9ba
sponsorship_history_dae68f7299cf8b07,co_50bc66d8aae5ae90,evt_dd36adad3729b7b4,ser_90abdbe8763dea01,,Partner,2023,published_sponsor_presence; contract_amount_and_execution_unknown,,,,src_7ad814aa572fc9ba
sponsorship_history_b4dc5c48073fa95c,co_6cf8f6a5860efce5,evt_dd36adad3729b7b4,ser_90abdbe8763dea01,,Partner,2023,published_sponsor_presence; contract_amount_and_execution_unknown,,,,src_7ad814aa572fc9ba
sponsorship_history_443d976ac4116101,co_13ed070478ef62c3,evt_dd36adad3729b7b4,ser_90abdbe8763dea01,,Participating,2023,published_sponsor_presence; contract_amount_and_execution_unknown,,,,src_7ad814aa572fc9ba
sponsorship_history_e4a35fe3212eadd1,co_bffa48eb238c593b,evt_dd36adad3729b7b4,ser_90abdbe8763dea01,,Participating,2023,published_sponsor_presence; contract_amount_and_execution_unknown,,,,src_7ad814aa572fc9ba
sponsorship_history_b63e8106e5375a02,co_2d11bbe7f5477739,evt_dd36adad3729b7b4,ser_90abdbe8763dea01,,Participating,2023,published_sponsor_presence; contract_amount_and_execution_unknown,,,,src_7ad814aa572fc9ba
sponsorship_history_ad1c641659f5b274,co_4327ae043030e56a,evt_dd36adad3729b7b4,ser_90abdbe8763dea01,,Participating,2023,published_sponsor_presence; contract_amount_and_execution_unknown,,,,src_7ad814aa572fc9ba
sponsorship_history_d5bd157d99f4660f,co_1e86eae524ed28f9,evt_dd36adad3729b7b4,ser_90abdbe8763dea01,,Participating,2023,published_sponsor_presence; contract_amount_and_execution_unknown,,,,src_7ad814aa572fc9ba
sponsorship_history_1791ee1df2335f02,co_2d6c9f56bae05223,evt_dd36adad3729b7b4,ser_90abdbe8763dea01,,Participating,2023,published_sponsor_presence; contract_amount_and_execution_unknown,,,,src_7ad814aa572fc9ba
sponsorship_history_b2b871ad98be7865,co_19dd31ffd7bb951a,evt_dd36adad3729b7b4,ser_90abdbe8763dea01,,Participating,2023,published_sponsor_presence; contract_amount_and_execution_unknown,,,,src_7ad814aa572fc9ba
sponsorship_history_65f6bf25236f7c54,co_c723ccd1e1a6eb20,evt_dd36adad3729b7b4,ser_90abdbe8763dea01,,Participating,2023,published_sponsor_presence; contract_amount_and_execution_unknown,,,,src_7ad814aa572fc9ba
sponsorship_history_5c17d5481da051cb,co_edcf0458016a0e5b,evt_dd36adad3729b7b4,ser_90abdbe8763dea01,,Participating,2023,published_sponsor_presence; contract_amount_and_execution_unknown,,,,src_7ad814aa572fc9ba
sponsorship_history_d7b8b56cf45f61ac,co_f96e1cd338ed25c1,evt_dd36adad3729b7b4,ser_90abdbe8763dea01,,Participating,2023,published_sponsor_presence; contract_amount_and_execution_unknown,,,,src_7ad814aa572fc9ba
sponsorship_history_ce952129e5be049a,co_c629c048fbb93653,evt_dd36adad3729b7b4,ser_90abdbe8763dea01,,Participating,2023,published_sponsor_presence; contract_amount_and_execution_unknown,,,,src_7ad814aa572fc9ba
sponsorship_history_98dfc7521f614087,co_3db1f560db626918,evt_dd36adad3729b7b4,ser_90abdbe8763dea01,,Participating,2023,published_sponsor_presence; contract_amount_and_execution_unknown,,,,src_7ad814aa572fc9ba
sponsorship_history_48984ae1298f292b,co_b17a3bcc21f120a7,evt_dd36adad3729b7b4,ser_90abdbe8763dea01,,Associate,2023,published_sponsor_presence; contract_amount_and_execution_unknown,,,,src_7ad814aa572fc9ba
sponsorship_history_39efd095e1297a35,co_332668ef885f84aa,evt_dd36adad3729b7b4,ser_90abdbe8763dea01,,Associate,2023,published_sponsor_presence; contract_amount_and_execution_unknown,,,,src_7ad814aa572fc9ba
sponsorship_history_62a4368169250feb,co_e0239380f6ff1805,evt_dd36adad3729b7b4,ser_90abdbe8763dea01,,Associate,2023,published_sponsor_presence; contract_amount_and_execution_unknown,,,,src_7ad814aa572fc9ba
sponsorship_history_c5c6388da746f79b,co_ba07354baa798e5e,evt_dd36adad3729b7b4,ser_90abdbe8763dea01,,Associate,2023,published_sponsor_presence; contract_amount_and_execution_unknown,,,,src_7ad814aa572fc9ba
sponsorship_history_05003d806d2b6792,co_4d3ac065f59aec6d,evt_dd36adad3729b7b4,ser_90abdbe8763dea01,,Associate,2023,published_sponsor_presence; contract_amount_and_execution_unknown,,,,src_7ad814aa572fc9ba
sponsorship_history_9040b4f8d3f17efc,co_528568279a01be76,evt_dd36adad3729b7b4,ser_90abdbe8763dea01,,Associate,2023,published_sponsor_presence; contract_amount_and_execution_unknown,,,,src_7ad814aa572fc9ba
sponsorship_history_1a48caf855d309f2,co_067e837f5e319f9b,evt_dd36adad3729b7b4,ser_90abdbe8763dea01,,Associate,2023,published_sponsor_presence; contract_amount_and_execution_unknown,,,,src_7ad814aa572fc9ba
sponsorship_history_a32f8e1f5e7108ea,co_3e84c86692aa4049,evt_dd36adad3729b7b4,ser_90abdbe8763dea01,,Associate,2023,published_sponsor_presence; contract_amount_and_execution_unknown,,,,src_7ad814aa572fc9ba
sponsorship_history_ec4c936569d326c3,co_1dd7fa803674c56e,evt_dd36adad3729b7b4,ser_90abdbe8763dea01,,Associate,2023,published_sponsor_presence; contract_amount_and_execution_unknown,,,,src_7ad814aa572fc9ba
sponsorship_history_7cfd9fe897a7276c,co_f4ba7fa74be66d39,evt_dd36adad3729b7b4,ser_90abdbe8763dea01,,Associate,2023,published_sponsor_presence; contract_amount_and_execution_unknown,,,,src_7ad814aa572fc9ba
sponsorship_history_d2e3ce00ce6aa92f,co_bb3ff901cf098794,evt_dd36adad3729b7b4,ser_90abdbe8763dea01,,Associate,2023,published_sponsor_presence; contract_amount_and_execution_unknown,,,,src_7ad814aa572fc9ba
sponsorship_history_d235b3362c93fe7f,co_4cef8fea9158d905,evt_dd36adad3729b7b4,ser_90abdbe8763dea01,,Mobile App Sponsor,2023,published_sponsor_presence; contract_amount_and_execution_unknown,,,,src_7ad814aa572fc9ba
sponsorship_history_531dcb963752938b,co_9e5809708c79b689,evt_dd36adad3729b7b4,ser_90abdbe8763dea01,,Standalone Only,2023,published_sponsor_presence; contract_amount_and_execution_unknown,,,,src_7ad814aa572fc9ba
sponsorship_history_37ded5ca3c1a19d1,co_5a0732b8ea1c3aad,evt_dd36adad3729b7b4,ser_90abdbe8763dea01,,Standalone Only,2023,published_sponsor_presence; contract_amount_and_execution_unknown,,,,src_7ad814aa572fc9ba
sponsorship_history_3b1addf49135cbcd,co_f68ae76006d5e2a5,evt_dd36adad3729b7b4,ser_90abdbe8763dea01,,Standalone Only,2023,published_sponsor_presence; contract_amount_and_execution_unknown,,,,src_7ad814aa572fc9ba
sponsorship_history_b3900cd0d42738de,co_4fa81ae73ef76393,evt_dd36adad3729b7b4,ser_90abdbe8763dea01,,Standalone Only,2023,published_sponsor_presence; contract_amount_and_execution_unknown,,,,src_7ad814aa572fc9ba
sponsorship_history_e651428ef574cb98,co_8d4321d936320802,evt_1fc974874ad3a13f,ser_90abdbe8763dea01,,Visionary,2024,published_sponsor_presence; contract_amount_and_execution_unknown,,,,src_54d689b8cce30f65
sponsorship_history_a9e5b069585174ff,co_bbdefa2950f49882,evt_1fc974874ad3a13f,ser_90abdbe8763dea01,,Visionary,2024,published_sponsor_presence; contract_amount_and_execution_unknown,,,,src_54d689b8cce30f65
sponsorship_history_255e4768aa937d42,co_ea3bd73e2b506e00,evt_1fc974874ad3a13f,ser_90abdbe8763dea01,,Visionary,2024,published_sponsor_presence; contract_amount_and_execution_unknown,,,,src_54d689b8cce30f65
sponsorship_history_f72a6ff5d69b063e,co_0f214b80de91c060,evt_1fc974874ad3a13f,ser_90abdbe8763dea01,,Visionary,2024,published_sponsor_presence; contract_amount_and_execution_unknown,,,,src_54d689b8cce30f65
sponsorship_history_a0c3a9255be5f264,co_0fb9765e58d296e5,evt_1fc974874ad3a13f,ser_90abdbe8763dea01,,Visionary,2024,published_sponsor_presence; contract_amount_and_execution_unknown,,,,src_54d689b8cce30f65
sponsorship_history_7ecf5838fcc4e297,co_9fbf261b62c1d7c0,evt_1fc974874ad3a13f,ser_90abdbe8763dea01,,Sustainability,2024,published_sponsor_presence; contract_amount_and_execution_unknown,,,,src_54d689b8cce30f65
sponsorship_history_b44efadb07d3f239,co_fee6fd0cc1707a18,evt_1fc974874ad3a13f,ser_90abdbe8763dea01,,Sustainability,2024,published_sponsor_presence; contract_amount_and_execution_unknown,,,,src_54d689b8cce30f65
sponsorship_history_1d7f0614096495e8,co_8dfe5e6cf73b1d6b,evt_1fc974874ad3a13f,ser_90abdbe8763dea01,,Maintaining,2024,published_sponsor_presence; contract_amount_and_execution_unknown,,,,src_54d689b8cce30f65
sponsorship_history_f0bdcd536f4ca48d,co_4202df23a0dc9b38,evt_1fc974874ad3a13f,ser_90abdbe8763dea01,,Maintaining,2024,published_sponsor_presence; contract_amount_and_execution_unknown,,,,src_54d689b8cce30f65
sponsorship_history_d3c58f2b1762a7bd,co_67b51232d90eef07,evt_1fc974874ad3a13f,ser_90abdbe8763dea01,,Maintaining,2024,published_sponsor_presence; contract_amount_and_execution_unknown,,,,src_54d689b8cce30f65
sponsorship_history_4b042d6c5f05a174,co_c4e96ef720ad19a2,evt_1fc974874ad3a13f,ser_90abdbe8763dea01,,Maintaining,2024,published_sponsor_presence; contract_amount_and_execution_unknown,,,,src_54d689b8cce30f65
sponsorship_history_d5864d8d25755989,co_6f348ef7bc564637,evt_1fc974874ad3a13f,ser_90abdbe8763dea01,,Maintaining,2024,published_sponsor_presence; contract_amount_and_execution_unknown,,,,src_54d689b8cce30f65
sponsorship_history_542064384bf252dd,co_066b5b5ad80702e1,evt_1fc974874ad3a13f,ser_90abdbe8763dea01,,Maintaining,2024,published_sponsor_presence; contract_amount_and_execution_unknown,,,,src_54d689b8cce30f65
sponsorship_history_a33b35c3a9c71069,co_1cc9a79bdaf09793,evt_1fc974874ad3a13f,ser_90abdbe8763dea01,,Maintaining,2024,published_sponsor_presence; contract_amount_and_execution_unknown,,,,src_54d689b8cce30f65
sponsorship_history_3854b06dad70a8db,co_7d1507284a5757ca,evt_1fc974874ad3a13f,ser_90abdbe8763dea01,,Maintaining,2024,published_sponsor_presence; contract_amount_and_execution_unknown,,,,src_54d689b8cce30f65
sponsorship_history_a65b74dfa900ce9c,co_6c2949a5b9698d22,evt_1fc974874ad3a13f,ser_90abdbe8763dea01,,Contributing,2024,published_sponsor_presence; contract_amount_and_execution_unknown,,,,src_54d689b8cce30f65
sponsorship_history_e28a749606119ee0,co_99c090636aa0f68a,evt_1fc974874ad3a13f,ser_90abdbe8763dea01,,Contributing,2024,published_sponsor_presence; contract_amount_and_execution_unknown,,,,src_54d689b8cce30f65
sponsorship_history_a379baa7e9a2588f,co_d888a3e4ea95d404,evt_1fc974874ad3a13f,ser_90abdbe8763dea01,,Contributing,2024,published_sponsor_presence; contract_amount_and_execution_unknown,,,,src_54d689b8cce30f65
sponsorship_history_46dfd4d9c1227ca2,co_df8e966c94469b23,evt_1fc974874ad3a13f,ser_90abdbe8763dea01,,Supporting,2024,published_sponsor_presence; contract_amount_and_execution_unknown,,,,src_54d689b8cce30f65
sponsorship_history_24016df7d4459831,co_fff54f474949593e,evt_1fc974874ad3a13f,ser_90abdbe8763dea01,,Supporting,2024,published_sponsor_presence; contract_amount_and_execution_unknown,,,,src_54d689b8cce30f65
sponsorship_history_f1a8d5649e70664d,co_9202af6ce925b26a,evt_1fc974874ad3a13f,ser_90abdbe8763dea01,,Supporting,2024,published_sponsor_presence; contract_amount_and_execution_unknown,,,,src_54d689b8cce30f65
sponsorship_history_d84f8b135754d7d7,co_6366233f6ef38437,evt_1fc974874ad3a13f,ser_90abdbe8763dea01,,Supporting,2024,published_sponsor_presence; contract_amount_and_execution_unknown,,,,src_54d689b8cce30f65
sponsorship_history_ac5757407cfc51cf,co_71cb02ed8285bbc0,evt_1fc974874ad3a13f,ser_90abdbe8763dea01,,Supporting,2024,published_sponsor_presence; contract_amount_and_execution_unknown,,,,src_54d689b8cce30f65
sponsorship_history_6c2a4f21c3ec39f8,co_50cfd89765d6d5dd,evt_1fc974874ad3a13f,ser_90abdbe8763dea01,,Supporting,2024,published_sponsor_presence; contract_amount_and_execution_unknown,,,,src_54d689b8cce30f65
sponsorship_history_8fa0e82f15e3e25a,co_7606c4cbaae85d2d,evt_1fc974874ad3a13f,ser_90abdbe8763dea01,,Supporting,2024,published_sponsor_presence; contract_amount_and_execution_unknown,,,,src_54d689b8cce30f65
sponsorship_history_3c8cd7a18e12ee8b,co_0cf6855c1a3c323b,evt_1fc974874ad3a13f,ser_90abdbe8763dea01,,Supporting,2024,published_sponsor_presence; contract_amount_and_execution_unknown,,,,src_54d689b8cce30f65
sponsorship_history_74bbd1e7a045f519,co_210769549f09f59f,evt_1fc974874ad3a13f,ser_90abdbe8763dea01,,Supporting,2024,published_sponsor_presence; contract_amount_and_execution_unknown,,,,src_54d689b8cce30f65
sponsorship_history_c22c2fb421de7088,co_307bc6d73f16c336,evt_1fc974874ad3a13f,ser_90abdbe8763dea01,,Supporting,2024,published_sponsor_presence; contract_amount_and_execution_unknown,,,,src_54d689b8cce30f65
sponsorship_history_aef54b1aee449701,co_4d8bd97f03109ac1,evt_1fc974874ad3a13f,ser_90abdbe8763dea01,,Partner,2024,published_sponsor_presence; contract_amount_and_execution_unknown,,,,src_54d689b8cce30f65
sponsorship_history_4237e5dec30b06a4,co_8a8753c28b6b54ca,evt_1fc974874ad3a13f,ser_90abdbe8763dea01,,Partner,2024,published_sponsor_presence; contract_amount_and_execution_unknown,,,,src_54d689b8cce30f65
sponsorship_history_55f70266a5d19640,co_e25481764d2dd413,evt_1fc974874ad3a13f,ser_90abdbe8763dea01,,Partner,2024,published_sponsor_presence; contract_amount_and_execution_unknown,,,,src_54d689b8cce30f65
sponsorship_history_9ceee23877644361,co_478e21ce840c85a4,evt_1fc974874ad3a13f,ser_90abdbe8763dea01,,Partner,2024,published_sponsor_presence; contract_amount_and_execution_unknown,,,,src_54d689b8cce30f65
sponsorship_history_43da521c9e7334e0,co_2f9bbb1bdf86d55d,evt_1fc974874ad3a13f,ser_90abdbe8763dea01,,Partner,2024,published_sponsor_presence; contract_amount_and_execution_unknown,,,,src_54d689b8cce30f65
sponsorship_history_53ebcecbe6aad461,co_2dca01215ad0cc73,evt_1fc974874ad3a13f,ser_90abdbe8763dea01,,Partner,2024,published_sponsor_presence; contract_amount_and_execution_unknown,,,,src_54d689b8cce30f65
sponsorship_history_0ba672d4442fe914,co_5a1ad84a47ec210d,evt_1fc974874ad3a13f,ser_90abdbe8763dea01,,Partner,2024,published_sponsor_presence; contract_amount_and_execution_unknown,,,,src_54d689b8cce30f65
sponsorship_history_f94e6fb286f5b7fc,co_230ba08123703313,evt_1fc974874ad3a13f,ser_90abdbe8763dea01,,Partner,2024,published_sponsor_presence; contract_amount_and_execution_unknown,,,,src_54d689b8cce30f65
sponsorship_history_fc0d9db7629b7861,co_93d59962b06d8e0f,evt_1fc974874ad3a13f,ser_90abdbe8763dea01,,Partner,2024,published_sponsor_presence; contract_amount_and_execution_unknown,,,,src_54d689b8cce30f65
sponsorship_history_a51a86519ba82d49,co_dcb345e2ec079849,evt_1fc974874ad3a13f,ser_90abdbe8763dea01,,Partner,2024,published_sponsor_presence; contract_amount_and_execution_unknown,,,,src_54d689b8cce30f65
sponsorship_history_7f1a3628d6e25a43,co_f5454ed41a73cbd8,evt_1fc974874ad3a13f,ser_90abdbe8763dea01,,Partner,2024,published_sponsor_presence; contract_amount_and_execution_unknown,,,,src_54d689b8cce30f65
sponsorship_history_83080df39c5201f9,co_e4540a7c8404b1be,evt_1fc974874ad3a13f,ser_90abdbe8763dea01,,Partner,2024,published_sponsor_presence; contract_amount_and_execution_unknown,,,,src_54d689b8cce30f65
sponsorship_history_556b04093d2c7900,co_89d01c9ba73cb5c4,evt_1fc974874ad3a13f,ser_90abdbe8763dea01,,Partner,2024,published_sponsor_presence; contract_amount_and_execution_unknown,,,,src_54d689b8cce30f65
sponsorship_history_0088f0a7cfaeafe7,co_cdc00f6c62a542af,evt_1fc974874ad3a13f,ser_90abdbe8763dea01,,Partner,2024,published_sponsor_presence; contract_amount_and_execution_unknown,,,,src_54d689b8cce30f65
sponsorship_history_b846a8e436a5b8f5,co_50bc66d8aae5ae90,evt_1fc974874ad3a13f,ser_90abdbe8763dea01,,Partner,2024,published_sponsor_presence; contract_amount_and_execution_unknown,,,,src_54d689b8cce30f65
sponsorship_history_0b3a9675becc2f3e,co_986051385feae5b9,evt_1fc974874ad3a13f,ser_90abdbe8763dea01,,Partner,2024,published_sponsor_presence; contract_amount_and_execution_unknown,,,,src_54d689b8cce30f65
sponsorship_history_46dc3b1eacb15761,co_738e22f0acab814c,evt_1fc974874ad3a13f,ser_90abdbe8763dea01,,Partner,2024,published_sponsor_presence; contract_amount_and_execution_unknown,,,,src_54d689b8cce30f65
sponsorship_history_5548818510e23ded,co_aa6f421798e44f08,evt_1fc974874ad3a13f,ser_90abdbe8763dea01,,Partner,2024,published_sponsor_presence; contract_amount_and_execution_unknown,,,,src_54d689b8cce30f65
sponsorship_history_d0849d3abce534bb,co_c9a2dcb05123781d,evt_1fc974874ad3a13f,ser_90abdbe8763dea01,,Partner,2024,published_sponsor_presence; contract_amount_and_execution_unknown,,,,src_54d689b8cce30f65
sponsorship_history_bb815b0cb8c23357,co_d5dd4c3ebd80327d,evt_1fc974874ad3a13f,ser_90abdbe8763dea01,,Partner,2024,published_sponsor_presence; contract_amount_and_execution_unknown,,,,src_54d689b8cce30f65
sponsorship_history_539dc1d2ddaa6824,co_a6158572ac986721,evt_1fc974874ad3a13f,ser_90abdbe8763dea01,,Partner,2024,published_sponsor_presence; contract_amount_and_execution_unknown,,,,src_54d689b8cce30f65
sponsorship_history_a994f44edf29f341,co_991785478cf242c1,evt_1fc974874ad3a13f,ser_90abdbe8763dea01,,Partner,2024,published_sponsor_presence; contract_amount_and_execution_unknown,,,,src_54d689b8cce30f65
sponsorship_history_052e355c1f377c92,co_13ed070478ef62c3,evt_1fc974874ad3a13f,ser_90abdbe8763dea01,,Participating,2024,published_sponsor_presence; contract_amount_and_execution_unknown,,,,src_54d689b8cce30f65
sponsorship_history_3c9de3633c24f88c,co_7ba99a119580a884,evt_1fc974874ad3a13f,ser_90abdbe8763dea01,,Participating,2024,published_sponsor_presence; contract_amount_and_execution_unknown,,,,src_54d689b8cce30f65
sponsorship_history_e4424b4dc3b91f19,co_c629c048fbb93653,evt_1fc974874ad3a13f,ser_90abdbe8763dea01,,Participating,2024,published_sponsor_presence; contract_amount_and_execution_unknown,,,,src_54d689b8cce30f65
sponsorship_history_79c72bc995d3f211,co_bffa48eb238c593b,evt_1fc974874ad3a13f,ser_90abdbe8763dea01,,Participating,2024,published_sponsor_presence; contract_amount_and_execution_unknown,,,,src_54d689b8cce30f65
sponsorship_history_b353998e15bc4dfd,co_1e86eae524ed28f9,evt_1fc974874ad3a13f,ser_90abdbe8763dea01,,Participating,2024,published_sponsor_presence; contract_amount_and_execution_unknown,,,,src_54d689b8cce30f65
sponsorship_history_1d7c8953509f7c92,co_3cb882789f1a7e57,evt_1fc974874ad3a13f,ser_90abdbe8763dea01,,Participating,2024,published_sponsor_presence; contract_amount_and_execution_unknown,,,,src_54d689b8cce30f65
sponsorship_history_9bbe46fa723d64c9,co_200beb22745b2048,evt_1fc974874ad3a13f,ser_90abdbe8763dea01,,Participating,2024,published_sponsor_presence; contract_amount_and_execution_unknown,,,,src_54d689b8cce30f65
sponsorship_history_3d849ce1138485ed,co_19dd31ffd7bb951a,evt_1fc974874ad3a13f,ser_90abdbe8763dea01,,Participating,2024,published_sponsor_presence; contract_amount_and_execution_unknown,,,,src_54d689b8cce30f65
sponsorship_history_9a6d7f1428e95498,co_2e9f768344ff39ac,evt_1fc974874ad3a13f,ser_90abdbe8763dea01,,Participating,2024,published_sponsor_presence; contract_amount_and_execution_unknown,,,,src_54d689b8cce30f65
sponsorship_history_67bec637c147429d,co_ce554bafb278bd40,evt_1fc974874ad3a13f,ser_90abdbe8763dea01,,Participating,2024,published_sponsor_presence; contract_amount_and_execution_unknown,,,,src_54d689b8cce30f65
sponsorship_history_65ca0de2547f7a09,co_c25d8cc5b1ca791d,evt_1fc974874ad3a13f,ser_90abdbe8763dea01,,Participating,2024,published_sponsor_presence; contract_amount_and_execution_unknown,,,,src_54d689b8cce30f65
sponsorship_history_10f105be0c74604e,co_65a09602c00946f2,evt_1fc974874ad3a13f,ser_90abdbe8763dea01,,Participating,2024,published_sponsor_presence; contract_amount_and_execution_unknown,,,,src_54d689b8cce30f65
sponsorship_history_9d6cd3d125e8b69c,co_66943866c3d1464a,evt_1fc974874ad3a13f,ser_90abdbe8763dea01,,Participating,2024,published_sponsor_presence; contract_amount_and_execution_unknown,,,,src_54d689b8cce30f65
sponsorship_history_073ec9028a4623b4,co_b17a3bcc21f120a7,evt_1fc974874ad3a13f,ser_90abdbe8763dea01,,Associate,2024,published_sponsor_presence; contract_amount_and_execution_unknown,,,,src_54d689b8cce30f65
sponsorship_history_a25831f0448fafd4,co_bb3ff901cf098794,evt_1fc974874ad3a13f,ser_90abdbe8763dea01,,Associate,2024,published_sponsor_presence; contract_amount_and_execution_unknown,,,,src_54d689b8cce30f65
sponsorship_history_3d41a60340d8838b,co_dad9f18eb98b68a1,evt_1fc974874ad3a13f,ser_90abdbe8763dea01,,Standalone Only,2024,published_sponsor_presence; contract_amount_and_execution_unknown,,,,src_54d689b8cce30f65
sponsorship_history_8fbedd54a7c11df6,co_36b4d5dc2f83e881,evt_1fc974874ad3a13f,ser_90abdbe8763dea01,,Standalone Only,2024,published_sponsor_presence; contract_amount_and_execution_unknown,,,,src_54d689b8cce30f65
sponsorship_history_6d4b54d7f3d11435,co_7adc0c04165eb258,evt_1fc974874ad3a13f,ser_90abdbe8763dea01,,A la carte,2024,published_sponsor_presence; contract_amount_and_execution_unknown,,,,src_54d689b8cce30f65
sponsorship_history_9110ce5204722c23,co_5a0732b8ea1c3aad,evt_1fc974874ad3a13f,ser_90abdbe8763dea01,,Standalone Only,2024,published_sponsor_presence; contract_amount_and_execution_unknown,,,,src_54d689b8cce30f65
sponsorship_history_0e6fc47a27484816,co_f68ae76006d5e2a5,evt_1fc974874ad3a13f,ser_90abdbe8763dea01,,Standalone Only,2024,published_sponsor_presence; contract_amount_and_execution_unknown,,,,src_54d689b8cce30f65
sponsorship_history_fc942004f9d383c9,co_32423eaa5cdf1bdd,evt_1fc974874ad3a13f,ser_90abdbe8763dea01,,Standalone Only,2024,published_sponsor_presence; contract_amount_and_execution_unknown,,,,src_54d689b8cce30f65
sponsorship_history_0ef175627c0bffd6,co_ea3bd73e2b506e00,evt_ec56dad6b0f54653,ser_90abdbe8763dea01,,Visionary,2025,published_sponsor_presence; contract_amount_and_execution_unknown,,,,src_b7abf127fce0b3ab
sponsorship_history_f6ea476453b7cf9d,co_8d4321d936320802,evt_ec56dad6b0f54653,ser_90abdbe8763dea01,,Visionary,2025,published_sponsor_presence; contract_amount_and_execution_unknown,,,,src_b7abf127fce0b3ab
sponsorship_history_aaa3ead293e36cfd,co_0f214b80de91c060,evt_ec56dad6b0f54653,ser_90abdbe8763dea01,,Visionary,2025,published_sponsor_presence; contract_amount_and_execution_unknown,,,,src_b7abf127fce0b3ab
sponsorship_history_f892ba2bcea9c1e3,co_0fb9765e58d296e5,evt_ec56dad6b0f54653,ser_90abdbe8763dea01,,Visionary,2025,published_sponsor_presence; contract_amount_and_execution_unknown,,,,src_b7abf127fce0b3ab
sponsorship_history_50e995f601bec7cb,co_bbdefa2950f49882,evt_ec56dad6b0f54653,ser_90abdbe8763dea01,,Visionary,2025,published_sponsor_presence; contract_amount_and_execution_unknown,,,,src_b7abf127fce0b3ab
sponsorship_history_9846017acfd63740,co_9fbf261b62c1d7c0,evt_ec56dad6b0f54653,ser_90abdbe8763dea01,,Sustainability,2025,published_sponsor_presence; contract_amount_and_execution_unknown,,,,src_b7abf127fce0b3ab
sponsorship_history_3bbaeefd7c74a030,co_7d1507284a5757ca,evt_ec56dad6b0f54653,ser_90abdbe8763dea01,,Maintaining,2025,published_sponsor_presence; contract_amount_and_execution_unknown,,,,src_b7abf127fce0b3ab
sponsorship_history_700808028f6b0dac,co_6f348ef7bc564637,evt_ec56dad6b0f54653,ser_90abdbe8763dea01,,Maintaining,2025,published_sponsor_presence; contract_amount_and_execution_unknown,,,,src_b7abf127fce0b3ab
sponsorship_history_c2ee892cdff82750,co_67b51232d90eef07,evt_ec56dad6b0f54653,ser_90abdbe8763dea01,,Maintaining,2025,published_sponsor_presence; contract_amount_and_execution_unknown,,,,src_b7abf127fce0b3ab
sponsorship_history_2a6ad55a38893848,co_8dfe5e6cf73b1d6b,evt_ec56dad6b0f54653,ser_90abdbe8763dea01,,Maintaining,2025,published_sponsor_presence; contract_amount_and_execution_unknown,,,,src_b7abf127fce0b3ab
sponsorship_history_8173e9c023a6bbcd,co_1cc9a79bdaf09793,evt_ec56dad6b0f54653,ser_90abdbe8763dea01,,Maintaining,2025,published_sponsor_presence; contract_amount_and_execution_unknown,,,,src_b7abf127fce0b3ab
sponsorship_history_c1974f1ed43a774f,co_de5a1adf4fedcce1,evt_ec56dad6b0f54653,ser_90abdbe8763dea01,,Maintaining,2025,published_sponsor_presence; contract_amount_and_execution_unknown,,,,src_b7abf127fce0b3ab
sponsorship_history_02afe984e7f9c223,co_066b5b5ad80702e1,evt_ec56dad6b0f54653,ser_90abdbe8763dea01,,Maintaining,2025,published_sponsor_presence; contract_amount_and_execution_unknown,,,,src_b7abf127fce0b3ab
sponsorship_history_5a983b5a7759f047,co_307bc6d73f16c336,evt_ec56dad6b0f54653,ser_90abdbe8763dea01,,Contributing,2025,published_sponsor_presence; contract_amount_and_execution_unknown,,,,src_b7abf127fce0b3ab
sponsorship_history_5e7ef410fa46847f,co_d888a3e4ea95d404,evt_ec56dad6b0f54653,ser_90abdbe8763dea01,,Contributing,2025,published_sponsor_presence; contract_amount_and_execution_unknown,,,,src_b7abf127fce0b3ab
sponsorship_history_3c1d2ebd7bf471fb,co_4202df23a0dc9b38,evt_ec56dad6b0f54653,ser_90abdbe8763dea01,,Contributing,2025,published_sponsor_presence; contract_amount_and_execution_unknown,,,,src_b7abf127fce0b3ab
sponsorship_history_651bece49f195ee2,co_7606c4cbaae85d2d,evt_ec56dad6b0f54653,ser_90abdbe8763dea01,,Contributing,2025,published_sponsor_presence; contract_amount_and_execution_unknown,,,,src_b7abf127fce0b3ab
sponsorship_history_90333014eb8b8e84,co_6c2949a5b9698d22,evt_ec56dad6b0f54653,ser_90abdbe8763dea01,,Contributing,2025,published_sponsor_presence; contract_amount_and_execution_unknown,,,,src_b7abf127fce0b3ab
sponsorship_history_c8a768d1e829c2ed,co_99c090636aa0f68a,evt_ec56dad6b0f54653,ser_90abdbe8763dea01,,Contributing,2025,published_sponsor_presence; contract_amount_and_execution_unknown,,,,src_b7abf127fce0b3ab
sponsorship_history_cb381f527b66fb84,co_0cf6855c1a3c323b,evt_ec56dad6b0f54653,ser_90abdbe8763dea01,,Supporting,2025,published_sponsor_presence; contract_amount_and_execution_unknown,,,,src_b7abf127fce0b3ab
sponsorship_history_e5e5dd0dc58eee57,co_e7d0134ab143cd58,evt_ec56dad6b0f54653,ser_90abdbe8763dea01,,Supporting,2025,published_sponsor_presence; contract_amount_and_execution_unknown,,,,src_b7abf127fce0b3ab
sponsorship_history_a4816ac3fec84fb2,co_ab8a2c59b7a5aab0,evt_ec56dad6b0f54653,ser_90abdbe8763dea01,,Supporting,2025,published_sponsor_presence; contract_amount_and_execution_unknown,,,,src_b7abf127fce0b3ab
sponsorship_history_75ccb6cee4867a1c,co_8121beb55cfc4e78,evt_ec56dad6b0f54653,ser_90abdbe8763dea01,,Supporting,2025,published_sponsor_presence; contract_amount_and_execution_unknown,,,,src_b7abf127fce0b3ab
sponsorship_history_90fc9707d3f4d74b,co_fff54f474949593e,evt_ec56dad6b0f54653,ser_90abdbe8763dea01,,Supporting,2025,published_sponsor_presence; contract_amount_and_execution_unknown,,,,src_b7abf127fce0b3ab
sponsorship_history_819c4eb2a9d6f35a,co_264afbe0e67e4d6c,evt_ec56dad6b0f54653,ser_90abdbe8763dea01,,Supporting,2025,published_sponsor_presence; contract_amount_and_execution_unknown,,,,src_b7abf127fce0b3ab
sponsorship_history_cef17cc05acf83a3,co_df8e966c94469b23,evt_ec56dad6b0f54653,ser_90abdbe8763dea01,,Supporting,2025,published_sponsor_presence; contract_amount_and_execution_unknown,,,,src_b7abf127fce0b3ab
sponsorship_history_862fed604e1a8b5b,co_cdc00f6c62a542af,evt_ec56dad6b0f54653,ser_90abdbe8763dea01,,Supporting,2025,published_sponsor_presence; contract_amount_and_execution_unknown,,,,src_b7abf127fce0b3ab
sponsorship_history_d7e9567e321742fc,co_fee6fd0cc1707a18,evt_ec56dad6b0f54653,ser_90abdbe8763dea01,,Supporting,2025,published_sponsor_presence; contract_amount_and_execution_unknown,,,,src_b7abf127fce0b3ab
sponsorship_history_c59820c720fc44e2,co_ef847f180cddedc8,evt_ec56dad6b0f54653,ser_90abdbe8763dea01,,Partner,2025,published_sponsor_presence; contract_amount_and_execution_unknown,,,,src_b7abf127fce0b3ab
sponsorship_history_c661b3928671dfcd,co_f7c640a5d8ec7e07,evt_ec56dad6b0f54653,ser_90abdbe8763dea01,,Partner,2025,published_sponsor_presence; contract_amount_and_execution_unknown,,,,src_b7abf127fce0b3ab
sponsorship_history_3bb3f0718e737eca,co_9e6d67222e41669b,evt_ec56dad6b0f54653,ser_90abdbe8763dea01,,Partner,2025,published_sponsor_presence; contract_amount_and_execution_unknown,,,,src_b7abf127fce0b3ab
sponsorship_history_6da85e87514123a4,co_efef66d3c8c24b75,evt_ec56dad6b0f54653,ser_90abdbe8763dea01,,Partner,2025,published_sponsor_presence; contract_amount_and_execution_unknown,,,,src_b7abf127fce0b3ab
sponsorship_history_a2d0ae6d57af1657,co_e4540a7c8404b1be,evt_ec56dad6b0f54653,ser_90abdbe8763dea01,,Partner,2025,published_sponsor_presence; contract_amount_and_execution_unknown,,,,src_b7abf127fce0b3ab
sponsorship_history_de0e9f506e56b09c,co_9f8230c43ce398d6,evt_ec56dad6b0f54653,ser_90abdbe8763dea01,,Partner,2025,published_sponsor_presence; contract_amount_and_execution_unknown,,,,src_b7abf127fce0b3ab
sponsorship_history_9e6bb4c2d02daefc,co_4d8bd97f03109ac1,evt_ec56dad6b0f54653,ser_90abdbe8763dea01,,Partner,2025,published_sponsor_presence; contract_amount_and_execution_unknown,,,,src_b7abf127fce0b3ab
sponsorship_history_810ce6699f84049b,co_50bc66d8aae5ae90,evt_ec56dad6b0f54653,ser_90abdbe8763dea01,,Partner,2025,published_sponsor_presence; contract_amount_and_execution_unknown,,,,src_b7abf127fce0b3ab
sponsorship_history_e25d6d8e7f8b90de,co_5a1ad84a47ec210d,evt_ec56dad6b0f54653,ser_90abdbe8763dea01,,Partner,2025,published_sponsor_presence; contract_amount_and_execution_unknown,,,,src_b7abf127fce0b3ab
sponsorship_history_ca80f83f80a21343,co_ef2a33c946942c1a,evt_ec56dad6b0f54653,ser_90abdbe8763dea01,,Partner,2025,published_sponsor_presence; contract_amount_and_execution_unknown,,,,src_b7abf127fce0b3ab
sponsorship_history_e6d94a5c393eb0f9,co_be6a999624b589e8,evt_ec56dad6b0f54653,ser_90abdbe8763dea01,,Partner,2025,published_sponsor_presence; contract_amount_and_execution_unknown,,,,src_b7abf127fce0b3ab
sponsorship_history_271cc61e36077137,co_68323c1446f37e1a,evt_ec56dad6b0f54653,ser_90abdbe8763dea01,,Partner,2025,published_sponsor_presence; contract_amount_and_execution_unknown,,,,src_b7abf127fce0b3ab
sponsorship_history_81ade197fae08789,co_2f9bbb1bdf86d55d,evt_ec56dad6b0f54653,ser_90abdbe8763dea01,,Partner,2025,published_sponsor_presence; contract_amount_and_execution_unknown,,,,src_b7abf127fce0b3ab
sponsorship_history_142528e738c0179b,co_49bc63a939e3dc9d,evt_ec56dad6b0f54653,ser_90abdbe8763dea01,,Partner,2025,published_sponsor_presence; contract_amount_and_execution_unknown,,,,src_b7abf127fce0b3ab
sponsorship_history_34e644590de3414b,co_c9a2dcb05123781d,evt_ec56dad6b0f54653,ser_90abdbe8763dea01,,Partner,2025,published_sponsor_presence; contract_amount_and_execution_unknown,,,,src_b7abf127fce0b3ab
sponsorship_history_495bd688bf09b503,co_34fb46c847bb9df9,evt_ec56dad6b0f54653,ser_90abdbe8763dea01,,Partner,2025,published_sponsor_presence; contract_amount_and_execution_unknown,,,,src_b7abf127fce0b3ab
sponsorship_history_c11a111837c5948f,co_b649d599b84fedef,evt_ec56dad6b0f54653,ser_90abdbe8763dea01,,Partner,2025,published_sponsor_presence; contract_amount_and_execution_unknown,,,,src_b7abf127fce0b3ab
sponsorship_history_9a583e3f4c90f047,co_93d59962b06d8e0f,evt_ec56dad6b0f54653,ser_90abdbe8763dea01,,Partner,2025,published_sponsor_presence; contract_amount_and_execution_unknown,,,,src_b7abf127fce0b3ab
sponsorship_history_bec626507d0c8ab6,co_2e9f768344ff39ac,evt_ec56dad6b0f54653,ser_90abdbe8763dea01,,Participating,2025,published_sponsor_presence; contract_amount_and_execution_unknown,,,,src_b7abf127fce0b3ab
sponsorship_history_4683640bd118e259,co_551bb918d277a0b8,evt_ec56dad6b0f54653,ser_90abdbe8763dea01,,Participating,2025,published_sponsor_presence; contract_amount_and_execution_unknown,,,,src_b7abf127fce0b3ab
sponsorship_history_40aad8d281236c7a,co_bffa48eb238c593b,evt_ec56dad6b0f54653,ser_90abdbe8763dea01,,Participating,2025,published_sponsor_presence; contract_amount_and_execution_unknown,,,,src_b7abf127fce0b3ab
sponsorship_history_3baeea349b3de985,co_a6158572ac986721,evt_ec56dad6b0f54653,ser_90abdbe8763dea01,,Participating,2025,published_sponsor_presence; contract_amount_and_execution_unknown,,,,src_b7abf127fce0b3ab
sponsorship_history_24277fe1b7964d31,co_c629c048fbb93653,evt_ec56dad6b0f54653,ser_90abdbe8763dea01,,Participating,2025,published_sponsor_presence; contract_amount_and_execution_unknown,,,,src_b7abf127fce0b3ab
sponsorship_history_d691a8a7718c20fc,co_2e7f62e682871d45,evt_ec56dad6b0f54653,ser_90abdbe8763dea01,,Participating,2025,published_sponsor_presence; contract_amount_and_execution_unknown,,,,src_b7abf127fce0b3ab
sponsorship_history_2a25fd1dc86f5a09,co_2e1aeda295a4aa60,evt_ec56dad6b0f54653,ser_90abdbe8763dea01,,Participating,2025,published_sponsor_presence; contract_amount_and_execution_unknown,,,,src_b7abf127fce0b3ab
sponsorship_history_6409bcdb60e717a6,co_9b7962c5e2194352,evt_ec56dad6b0f54653,ser_90abdbe8763dea01,,Participating,2025,published_sponsor_presence; contract_amount_and_execution_unknown,,,,src_b7abf127fce0b3ab
sponsorship_history_8ed2fec9f0d89b4f,co_13ed070478ef62c3,evt_ec56dad6b0f54653,ser_90abdbe8763dea01,,Participating,2025,published_sponsor_presence; contract_amount_and_execution_unknown,,,,src_b7abf127fce0b3ab
sponsorship_history_49c9989e025ef176,co_dd71f579bce44b7d,evt_ec56dad6b0f54653,ser_90abdbe8763dea01,,Participating,2025,published_sponsor_presence; contract_amount_and_execution_unknown,,,,src_b7abf127fce0b3ab
sponsorship_history_a91a541b0279bbac,co_bb3ff901cf098794,evt_ec56dad6b0f54653,ser_90abdbe8763dea01,,Associate,2025,published_sponsor_presence; contract_amount_and_execution_unknown,,,,src_b7abf127fce0b3ab
sponsorship_history_07d3c8d013235ea3,co_1e86eae524ed28f9,evt_ec56dad6b0f54653,ser_90abdbe8763dea01,,Associate,2025,published_sponsor_presence; contract_amount_and_execution_unknown,,,,src_b7abf127fce0b3ab
sponsorship_history_0b952e995621c403,co_6463ddf3a85d484a,evt_ec56dad6b0f54653,ser_90abdbe8763dea01,,Associate,2025,published_sponsor_presence; contract_amount_and_execution_unknown,,,,src_b7abf127fce0b3ab
sponsorship_history_ea714b4639dc4f32,co_f0a5da17e0ffa3a2,evt_ec56dad6b0f54653,ser_90abdbe8763dea01,,Standalone Only,2025,published_sponsor_presence; contract_amount_and_execution_unknown,,,,src_b7abf127fce0b3ab
sponsorship_history_5c6c7eb620657e8c,co_f68ae76006d5e2a5,evt_ec56dad6b0f54653,ser_90abdbe8763dea01,,Standalone Only,2025,published_sponsor_presence; contract_amount_and_execution_unknown,,,,src_b7abf127fce0b3ab
sponsorship_history_fbc4ecac0d1f4def,co_470cc0dbf4fe63a4,evt_ec56dad6b0f54653,ser_90abdbe8763dea01,,Standalone Only,2025,published_sponsor_presence; contract_amount_and_execution_unknown,,,,src_b7abf127fce0b3ab
sponsorship_history_4c8bb0ffba2dffa2,co_900ee8b810f616ff,evt_6704b7655314d306,ser_4e448897946ead9e,,Oro,2023,published_sponsor_presence; contract_amount_and_execution_unknown,,,,src_1ade6a464f1902c2
sponsorship_history_0180544a83a50fe7,co_34675f39a044ec05,evt_5a1c9a0feddee5d3,ser_4e448897946ead9e,,Patrocinador mediante incentivo cultural,2024,published_sponsor_presence; contract_amount_and_execution_unknown,,,,src_f2148c2a6a269c9a
sponsorship_history_cbce00ac12258c86,co_cdf32394d26ce945,evt_c90c3558f43cb50d,ser_4e448897946ead9e,,Patrocinador; socio oficial de movilidad; Casa Flip+Motiva,2025,published_sponsor_presence; contract_amount_and_execution_unknown,,,,src_1701afab8d50a6be
sponsorship_history_6fd75ee52349725a,co_ddcaff469655adca,evt_53fb9701a6a908e5,ser_b3b2f406610a9f31,,Global Lead Partner,2022,published_sponsor_presence; contract_amount_and_execution_unknown,,,,src_0de479a1942a4ae6
sponsorship_history_b11ec9766b07e850,co_ddcaff469655adca,evt_4c0cf41806407c37,ser_b3b2f406610a9f31,,Global Lead Partner,2024,published_sponsor_presence; contract_amount_and_execution_unknown,,,,src_66f32ab2e391e67f
sponsorship_history_c579194bed476a6f,co_ddcaff469655adca,evt_3fd86574b40703fe,ser_b3b2f406610a9f31,,Patrocinador / colaboración de 22 años,2025,published_sponsor_presence; contract_amount_and_execution_unknown,,,,src_291e81826ac76d32
sponsorship_history_aab9ff740613671e,co_ddcaff469655adca,evt_d4fe659e50c08239,ser_b3b2f406610a9f31,,Global Lead Partner,2026,published_sponsor_presence; contract_amount_and_execution_unknown,,,,src_f67eaa1904019791
sponsorship_history_49ddafbe5fcc61a1,co_027d59970c306e9c,evt_52af40c014f2d2d3,ser_d932354fa0549d84,,Patrocinador de la activación Fresque Écologique du Tennis,2022,published_sponsor_presence; contract_amount_and_execution_unknown,,,,src_b62d0636e83527d0
sponsorship_history_3f230b361eba3db2,co_573abb3ca06e6abb,evt_52af40c014f2d2d3,ser_d932354fa0549d84,,Premium,2022,published_sponsor_presence; contract_amount_and_execution_unknown,,,,src_a37046d28c94bfbc
sponsorship_history_908b240a7da1662b,co_573abb3ca06e6abb,evt_8d8eb916db13f136,ser_d932354fa0549d84,,Premium,2023,published_sponsor_presence; contract_amount_and_execution_unknown,,,,src_d583b26b36c49e5c
sponsorship_history_99e20baa8c9d913e,co_ba2436bd25a09dd5,evt_575050f022c31923,ser_d932354fa0549d84,,Premium,2024,published_sponsor_presence; contract_amount_and_execution_unknown,,,,src_33217bc4be0ea729
sponsorship_history_ca96a1544835814a,co_573abb3ca06e6abb,evt_575050f022c31923,ser_d932354fa0549d84,,Premium,2024,published_sponsor_presence; contract_amount_and_execution_unknown,,,,src_81fad5c73053f1af
sponsorship_history_678ce7fd7e82d6ad,co_573abb3ca06e6abb,evt_2a698763747ecca0,ser_d932354fa0549d84,,Premium,2025,published_sponsor_presence; contract_amount_and_execution_unknown,,,,src_0e7b4b30161968fb
