id,ticket_id,amount,currency,fees,taxes,sale_phase,observed_at,valid_from,valid_to,availability,source_id
ticket_price_history_89a3745c221da29e,ticket_ca5e591c71e8ddd9,750,USD,unknown,unknown,year_specific_published_rate,2026-09-28,2024,,historical_not_for_sale,src_8968da04e54783b9
ticket_price_history_6439b93e92a743b6,ticket_05cd1fd6971d8ee6,400,USD,unknown,unknown,year_specific_published_rate,2026-09-28,2024,,historical_not_for_sale,src_8968da04e54783b9
ticket_price_history_fdd242ebb6105fbf,ticket_56ea643f54a9f776,100,USD,unknown,unknown,year_specific_published_rate,2026-09-28,2024,,historical_not_for_sale,src_8968da04e54783b9
ticket_price_history_29c2d2c9eb501c60,ticket_f11b169fea3b2ce1,100,USD,unknown,unknown,year_specific_published_rate,2026-09-28,2024,,historical_not_for_sale,src_8968da04e54783b9
ticket_price_history_36978f6b8cad074b,ticket_53568855372392bc,150,USD,unknown,unknown,year_specific_published_rate,2026-09-28,2024,,historical_not_for_sale,src_8968da04e54783b9
ticket_price_history_4282de45ac127c4a,ticket_31ebd71d160c0cc8,800,USD,unknown,unknown,year_specific_published_rate,2026-09-28,2025,,historical_not_for_sale,src_97831f9940b13eb4
ticket_price_history_08ddde32f5abbddc,ticket_84c726182b46de8a,450,USD,unknown,unknown,year_specific_published_rate,2026-09-28,2025,,historical_not_for_sale,src_97831f9940b13eb4
ticket_price_history_7ca3703d1da3344e,ticket_618b4d0412b6d19b,125,USD,unknown,unknown,year_specific_published_rate,2026-09-28,2025,,historical_not_for_sale,src_97831f9940b13eb4
ticket_price_history_de86921b7b47742d,ticket_e7afb3fc5135ae8c,30,USD,unknown,unknown,year_specific_published_rate,2026-09-28,2025,,historical_not_for_sale,src_97831f9940b13eb4
ticket_price_history_a204e1078fb3e5d5,ticket_b563f746d94c0d35,150,USD,unknown,unknown,year_specific_published_rate,2026-09-28,2025,,historical_not_for_sale,src_97831f9940b13eb4
ticket_price_history_316616c0558c560b,ticket_types_8544e14f5339913e,375,USD,unknown,unknown,displayed_today,2026-09-28,,,conflicting_expired_deadline; verify_before_purchase,src_abf7fb34450f3065
ticket_price_history_b532e062f3bd9bbb,ticket_types_e6b3ef35c1fad0b0,200,USD,unknown,unknown,displayed_today,2026-09-28,,,conflicting_expired_deadline; verify_before_purchase,src_abf7fb34450f3065
ticket_price_history_3530cdccf4c56905,ticket_types_2aefd706af747649,40,USD,unknown,unknown,displayed_today,2026-09-28,,,conflicting_expired_deadline; verify_before_purchase,src_abf7fb34450f3065
ticket_price_history_c5cf4524ed6b09a5,ticket_types_6f2e6f7c34aa2c90,292500,UGX,unknown,unknown,displayed_today,2026-09-28,,,advertised_available; checkout_not_tested,src_aaec996fb2f3a78c
ticket_price_history_e9880e65ee546dd2,ticket_types_4a27a74f751ad416,214600,UGX,unknown,unknown,displayed_today,2026-09-28,,,advertised_available; checkout_not_tested,src_aaec996fb2f3a78c
ticket_price_history_f109346349ea5499,ticket_types_490675d82575dac5,200000,UGX,unknown,unknown,displayed_today,2026-09-28,,,advertised_available; checkout_not_tested,src_aaec996fb2f3a78c
ticket_price_history_d2b29f6d3257bcd6,ticket_types_93c08f474c8783b2,604500,UGX,unknown,unknown,displayed_today,2026-09-28,,,advertised_available; checkout_not_tested,src_aaec996fb2f3a78c
ticket_price_history_753db75015405f82,ticket_types_f673b6b2d0adcedb,50,EUR,,,early_bird,2026-09-28,,2023-12-31,historical_closed,src_c13d7441cc98d488
ticket_price_history_2908db6f29e7a930,ticket_types_551438c96e195e24,75,EUR,,,regular,2026-09-28,2024-01-01,,historical_closed,src_c13d7441cc98d488
