crawl_id,batch,method,version,started_at,ended_at,attempts,completed,failed,new_editions,measured_cost_usd,stop_reason,extra_json,missing_reasons_json
crawl_08394d3b092b5038,cultural-series.json,documentary_read_and_fact_transcription,research-2026-09-28-v1,2026-09-28,2026-09-28,25,,,12,,bounded research batch closed for integration; not source exhaustion,"{""count_semantics"":""documentary summaries except explicitly timed HTTP; new_editions is batch edition keys, not global source novelty""}","{""completed"":""not_found_in_consulted_sources"",""failed"":""not_found_in_consulted_sources"",""measured_cost_usd"":""not_found_in_consulted_sources""}"
crawl_eaf9de5f5a4a6196,diverse-events.json,documentary_read_and_fact_transcription,research-2026-09-28-v1,2026-09-28,2026-09-28,63,,,42,,bounded research batch closed for integration; not source exhaustion,"{""count_semantics"":""documentary summaries except explicitly timed HTTP; new_editions is batch edition keys, not global source novelty""}","{""completed"":""not_found_in_consulted_sources"",""failed"":""not_found_in_consulted_sources"",""measured_cost_usd"":""not_found_in_consulted_sources""}"
crawl_cf67ddac0a1027e7,industrial-portfolio.json,documentary_read_and_fact_transcription,research-2026-09-28-v1,2026-09-28,2026-09-28,1,,,28,,bounded research batch closed for integration; not source exhaustion,"{""count_semantics"":""documentary summaries except explicitly timed HTTP; new_editions is batch edition keys, not global source novelty""}","{""completed"":""not_found_in_consulted_sources"",""failed"":""not_found_in_consulted_sources"",""measured_cost_usd"":""not_found_in_consulted_sources""}"
crawl_562d093584104b30,model-prices.json,Búsqueda primaria seguida de apertura HTML; ningún precio depende solo del índice. No inferencias API ni benchmark.,research-2026-09-28-v1,2026-09-28,2026-09-28,22,,,0,,bounded research batch closed for integration; not source exhaustion,"{""count_semantics"":""documentary summaries except explicitly timed HTTP; new_editions is batch edition keys, not global source novelty""}","{""completed"":""not_found_in_consulted_sources"",""failed"":""not_found_in_consulted_sources"",""measured_cost_usd"":""not_found_in_consulted_sources""}"
crawl_a80c82fdfb45f3d8,news-events.json,"{'window_start': '2021-09-28', 'window_end': '2026-09-28', 'checked_at': '2026-09-28', 'scope': 'Lote de profundidad: prensa y fuentes corporativas; no censo de eventos ni licencia de reventa.', 'storage': 'Metadatos, valores factuales, localizadores y resúmenes propios; no cuerpos de artículos, fotografías ni listas de asistentes.', 'dates': 'published_at=fecha editorial; event_date/períodos=fecha del hecho; checked_at=consulta. null significa no establecido.', 'evidence': 'reported es una afirmación atribuida, no verificación independiente del resultado. Anuncio, forecast, reservas y resultado realizado se separan.', 'geography': 'Ciudades solo donde aparecen en una fuente de la edición. País desde CA/NV o nombre de ciudad se marca normalización geográfica; nunca se infiere ciudad desde país.', 'attempts': 'Registro resumido por fuente/intento relevante, no log exhaustivo ni conteo de requests HTTP.', 'reuse': 'pending_review en todos los textos salvo licencia específica comprobada; ser público no autoriza republicación comercial.'}",research-2026-09-28-v1,2026-09-28,2026-09-28,30,,,10,,bounded research batch closed for integration; not source exhaustion,"{""count_semantics"":""documentary summaries except explicitly timed HTTP; new_editions is batch edition keys, not global source novelty""}","{""completed"":""not_found_in_consulted_sources"",""failed"":""not_found_in_consulted_sources"",""measured_cost_usd"":""not_found_in_consulted_sources""}"
crawl_0fe038846ec85c0d,platform-access.json,documentary_read_and_fact_transcription,research-2026-09-28-v1,2026-09-28,2026-09-28,52,,,0,,bounded research batch closed for integration; not source exhaustion,"{""count_semantics"":""documentary summaries except explicitly timed HTTP; new_editions is batch edition keys, not global source novelty""}","{""completed"":""not_found_in_consulted_sources"",""failed"":""not_found_in_consulted_sources"",""measured_cost_usd"":""not_found_in_consulted_sources""}"
crawl_13786cd7681c9133,pycon-enrichment.json,documentary_read_and_fact_transcription,research-2026-09-28-v1,2026-09-28,2026-09-28,3,,,0,,bounded research batch closed for integration; not source exhaustion,"{""count_semantics"":""documentary summaries except explicitly timed HTTP; new_editions is batch edition keys, not global source novelty""}","{""completed"":""not_found_in_consulted_sources"",""failed"":""not_found_in_consulted_sources"",""measured_cost_usd"":""not_found_in_consulted_sources""}"
crawl_2fbc21257e38422a,pycon-official.json,bounded_public_html_headings_v1,research-2026-09-28-v1,2026-09-28,2026-09-28,10,,,5,,bounded research batch closed for integration; not source exhaustion,"{""count_semantics"":""documentary summaries except explicitly timed HTTP; new_editions is batch edition keys, not global source novelty""}","{""completed"":""not_found_in_consulted_sources"",""failed"":""not_found_in_consulted_sources"",""measured_cost_usd"":""not_found_in_consulted_sources""}"
crawl_9539e74fcbb6a27f,workflow-sources.json,documentary_read_and_fact_transcription,research-2026-09-28-v1,2026-09-28,2026-09-28,5,,,0,,bounded research batch closed for integration; not source exhaustion,"{""count_semantics"":""documentary summaries except explicitly timed HTTP; new_editions is batch edition keys, not global source novelty""}","{""completed"":""not_found_in_consulted_sources"",""failed"":""not_found_in_consulted_sources"",""measured_cost_usd"":""not_found_in_consulted_sources""}"
