series_id,name,website,periodicity,extra_json,missing_reasons_json
series_c5482a6f7a14bd76,Frankfurter Buchmesse,,,,"{""periodicity"":""not_found_in_consulted_sources"",""website"":""not_found_in_consulted_sources""}"
series_fe99193e6345e832,Festival de Cannes,,,,"{""periodicity"":""not_found_in_consulted_sources"",""website"":""not_found_in_consulted_sources""}"
series_eb795cb6c653b04d,Sanlam Cape Town Marathon,,,,"{""periodicity"":""not_found_in_consulted_sources"",""website"":""not_found_in_consulted_sources""}"
series_95ea9741e5cc6610,Ciné-club,,,,"{""periodicity"":""not_found_in_consulted_sources"",""website"":""not_found_in_consulted_sources""}"
series_d2f25d8bd60917b1,En français dans le texte,,,,"{""periodicity"":""not_found_in_consulted_sources"",""website"":""not_found_in_consulted_sources""}"
series_fd587afb1e984455,Alliance Café,,,,"{""periodicity"":""not_found_in_consulted_sources"",""website"":""not_found_in_consulted_sources""}"
series_14ec330e5563a337,DIY Upcycling Workshop,,,,"{""periodicity"":""not_found_in_consulted_sources"",""website"":""not_found_in_consulted_sources""}"
series_bcb8facc6d311194,LGBTQIA+ Young Filmmakers,,,,"{""periodicity"":""not_found_in_consulted_sources"",""website"":""not_found_in_consulted_sources""}"
series_7dc9fdf12b8930eb,AI game design hackathon,,,,"{""periodicity"":""not_found_in_consulted_sources"",""website"":""not_found_in_consulted_sources""}"
series_6500b0267275a550,Sanlam Cape Town Marathon wheelchair race,,,,"{""periodicity"":""not_found_in_consulted_sources"",""website"":""not_found_in_consulted_sources""}"
series_5db9e1dacf4c64eb,Semana del Arte,,,,"{""periodicity"":""not_found_in_consulted_sources"",""website"":""not_found_in_consulted_sources""}"
series_c146648519393e15,Residencias en residencia,,,,"{""periodicity"":""not_found_in_consulted_sources"",""website"":""not_found_in_consulted_sources""}"
series_87228fa8900c2da8,Slow Saturday,,,,"{""periodicity"":""not_found_in_consulted_sources"",""website"":""not_found_in_consulted_sources""}"
series_65742b7461c57cd2,Formación IBERESCENA junio 2025,,,,"{""periodicity"":""not_found_in_consulted_sources"",""website"":""not_found_in_consulted_sources""}"
series_7f411072116c8db0,CeMAT South East Asia,,,,"{""periodicity"":""not_found_in_consulted_sources"",""website"":""not_found_in_consulted_sources""}"
series_3281e03f27cf94cf,LET — A CeMAT ASIA EVENT,,,,"{""periodicity"":""not_found_in_consulted_sources"",""website"":""not_found_in_consulted_sources""}"
series_00d12845dd613220,CeMAT Australia,,,,"{""periodicity"":""not_found_in_consulted_sources"",""website"":""not_found_in_consulted_sources""}"
series_60511d2bdaa9d081,CeMAT Asia,,,,"{""periodicity"":""not_found_in_consulted_sources"",""website"":""not_found_in_consulted_sources""}"
series_01e51a9a17379a9d,Logistics Automation New Zealand,,,,"{""periodicity"":""not_found_in_consulted_sources"",""website"":""not_found_in_consulted_sources""}"
series_133e0658c73e4350,Supply Chain Indonesia,,,,"{""periodicity"":""not_found_in_consulted_sources"",""website"":""not_found_in_consulted_sources""}"
series_db5eafb213e24a28,HOW — Hub of Warehouse,,,,"{""periodicity"":""not_found_in_consulted_sources"",""website"":""not_found_in_consulted_sources""}"
series_a62483d68761a84a,Intralogistica Italia,,,,"{""periodicity"":""not_found_in_consulted_sources"",""website"":""not_found_in_consulted_sources""}"
series_213ae0d2cb2c7517,WIN EURASIA,,,,"{""periodicity"":""not_found_in_consulted_sources"",""website"":""not_found_in_consulted_sources""}"
series_de6d87c582dc4b07,Industrial Transformation Australia,,,,"{""periodicity"":""not_found_in_consulted_sources"",""website"":""not_found_in_consulted_sources""}"
series_48f5fc4bbed7b12b,Intelligent Manufacturing Expo Southeast Asia,,,,"{""periodicity"":""not_found_in_consulted_sources"",""website"":""not_found_in_consulted_sources""}"
series_5e310da2b17d977c,Industrial Transformation Africa,,,,"{""periodicity"":""not_found_in_consulted_sources"",""website"":""not_found_in_consulted_sources""}"
series_8100dfab3b2acf70,Selangor Techsphere Summit,,,,"{""periodicity"":""not_found_in_consulted_sources"",""website"":""not_found_in_consulted_sources""}"
series_3342507080044b6f,Industrial Automation Show,,,,"{""periodicity"":""not_found_in_consulted_sources"",""website"":""not_found_in_consulted_sources""}"
series_80c6c30a3bf18450,Industrial Transformation Asia-Pacific,,,,"{""periodicity"":""not_found_in_consulted_sources"",""website"":""not_found_in_consulted_sources""}"
series_023c59ef02212db2,PTC Asia,,,,"{""periodicity"":""not_found_in_consulted_sources"",""website"":""not_found_in_consulted_sources""}"
series_a8133098d01ece38,ComVac Asia,,,,"{""periodicity"":""not_found_in_consulted_sources"",""website"":""not_found_in_consulted_sources""}"
series_21d9c32a2d83e9be,Smart Technology Expo,,,,"{""periodicity"":""not_found_in_consulted_sources"",""website"":""not_found_in_consulted_sources""}"
series_511edf75e05b9cd3,Industrial Transformation Saudi Arabia,,,,"{""periodicity"":""not_found_in_consulted_sources"",""website"":""not_found_in_consulted_sources""}"
series_7df6b23b2aab9755,Hannover Messe,,,,"{""periodicity"":""not_found_in_consulted_sources"",""website"":""not_found_in_consulted_sources""}"
series_2a1ce27144eea8a8,Chengdu International Industry Fair,,,,"{""periodicity"":""not_found_in_consulted_sources"",""website"":""not_found_in_consulted_sources""}"
series_ee7c42567695733d,Coachella,,,,"{""periodicity"":""not_found_in_consulted_sources"",""website"":""not_found_in_consulted_sources""}"
series_37cd0237f9887c06,818 Outpost,,,,"{""periodicity"":""not_found_in_consulted_sources"",""website"":""not_found_in_consulted_sources""}"
series_242dbfda4228532b,Summer Olympic Games,,,,"{""periodicity"":""not_found_in_consulted_sources"",""website"":""not_found_in_consulted_sources""}"
series_88945eb808e7c443,Summer Paralympic Games,,,,"{""periodicity"":""not_found_in_consulted_sources"",""website"":""not_found_in_consulted_sources""}"
series_48dd969488eb543b,CES,,,,"{""periodicity"":""not_found_in_consulted_sources"",""website"":""not_found_in_consulted_sources""}"
series_a13b2b47ce1650be,US Open Tennis,,,,"{""periodicity"":""not_found_in_consulted_sources"",""website"":""not_found_in_consulted_sources""}"
series_2ffc5b3a9dc66fc2,PyCon US,,,,"{""periodicity"":""not_found_in_consulted_sources"",""website"":""not_found_in_consulted_sources""}"
