cost_id,edition_id,category,name,amount,currency,unit,taxes,price_type,valid_at,source_id,extra_json,missing_reasons_json
cost_e5b98c602ca1ec9c,evt_89645498ed7a7288,,environmental_contribution,20,EUR,per_festivalgoer,excluding_VAT,,,src_1415c5c16fdff55f,"{""basis"":""per_festivalgoer"",""edition_key"":""festival-de-cannes-2026"",""notes"":""Contribución ambiental; no equivale a tarifa total de acreditación, sponsorship ni costo total."",""source_url"":""https://www.festival-cannes.com/en/2026/festival-de-cannes-2026-accreditation-is-now-open/"",""status"":""reported"",""tax"":""excluding_VAT""}","{""category"":""not_found_in_consulted_sources"",""price_type"":""not_found_in_consulted_sources"",""valid_at"":""not_found_in_consulted_sources""}"
cost_cee7bd6c8fa848e6,evt_89645498ed7a7288,,palais_wifi_day,15,EUR,per_day,,,,src_d21a92c0a0720249,"{""basis"":""per_day"",""edition_key"":""festival-de-cannes-2026"",""notes"":""WiFi opcional; Marché y prensa tienen acceso gratuito. No es entrada."",""source_url"":""https://www.festival-cannes.com/en/take-part/your-festival-experience/organise-your-time/"",""status"":""published"",""tax"":null}","{""category"":""not_found_in_consulted_sources"",""price_type"":""not_found_in_consulted_sources"",""taxes"":""not_found_in_consulted_sources"",""valid_at"":""not_found_in_consulted_sources""}"
cost_1dd2e278347e7166,evt_89645498ed7a7288,,palais_wifi_12_days,95,EUR,12_day_package,,,,src_d21a92c0a0720249,"{""basis"":""12_day_package"",""edition_key"":""festival-de-cannes-2026"",""notes"":""Alternativa al precio diario; no sumar ambos."",""source_url"":""https://www.festival-cannes.com/en/take-part/your-festival-experience/organise-your-time/"",""status"":""published"",""tax"":null}","{""category"":""not_found_in_consulted_sources"",""price_type"":""not_found_in_consulted_sources"",""taxes"":""not_found_in_consulted_sources"",""valid_at"":""not_found_in_consulted_sources""}"
cost_adc53c9b089ac5fd,evt_0cb6c7d0ff466716,admission,,3141.5,BRL,participant,,,,src_8b1eecd3abdb841b,"{""edition_key"":""epoch-tour-sao-paulo-2025"",""includes"":""Sesiones, materiales, catering, networking y certificado HBASS."",""locator"":""Investment"",""source_url"":""https://luma.com/epoch"",""status"":""published_rate""}","{""name"":""not_found_in_consulted_sources"",""price_type"":""not_found_in_consulted_sources"",""taxes"":""not_found_in_consulted_sources"",""valid_at"":""not_found_in_consulted_sources""}"
cost_569aabe4a05beb9c,evt_c2e6aefe4194efa9,admission,,1499,BRL,ticket,,,,src_45d9487cab564c74,"{""edition_key"":""retail-lab-stamina-2025-10-16"",""locator"":""Preço do Bilhete"",""source_url"":""https://luma.com/rw5es9nz?locale=pt"",""status"":""published_rate""}","{""name"":""not_found_in_consulted_sources"",""price_type"":""not_found_in_consulted_sources"",""taxes"":""not_found_in_consulted_sources"",""valid_at"":""not_found_in_consulted_sources""}"
cost_1ec027d18b4af3a3,evt_368f4c51b8b56af0,admission,,0,,ticket,,,,src_824df2ea58e7c23e,"{""edition_key"":""patrimonio-comum-sao-paulo-2025-10-24"",""locator"":""Serviço: Entrada gratuita"",""source_url"":""https://prefeitura.sp.gov.br/web/cultura/w/s%C3%A3o-paulo-recebe-workshop-internacional-aberto-ao-p%C3%BAblico-na-biblioteca-m%C3%A1rio-de-andrade"",""status"":""published_rate""}","{""currency"":""not_found_in_consulted_sources"",""name"":""not_found_in_consulted_sources"",""price_type"":""not_found_in_consulted_sources"",""taxes"":""not_found_in_consulted_sources"",""valid_at"":""not_found_in_consulted_sources""}"
cost_4ed2878a307ee64a,evt_0589d0e1d567dc8a,admission,,35,,parent_child_pair,,,,src_a82c3b73de2356a8,"{""currency_original"":""$"",""edition_key"":""off-world-zero-2025-11-01"",""locator"":""Pricing"",""notes"":""No se convierte símbolo $ en código monetario sin comprobación adicional."",""source_url"":""https://www.nationalgallery.sg/sg/en/workshops/Off-World--Painting-Workshop-by-ZERO.html"",""status"":""published_rate""}","{""currency"":""not_found_in_consulted_sources"",""name"":""not_found_in_consulted_sources"",""price_type"":""not_found_in_consulted_sources"",""taxes"":""not_found_in_consulted_sources"",""valid_at"":""not_found_in_consulted_sources""}"
cost_7512d7b28ca0fa28,evt_b22864bf40fe3288,admission,,140,EUR,course,,,,src_2c6e0ea38ce82045,"{""edition_key"":""cccb-siglo-xviii-2026-2027"",""locator"":""Precios"",""source_url"":""https://www.cccb.org/es/w/actividades/el-siglo-xviii"",""status"":""published_rate""}","{""name"":""not_found_in_consulted_sources"",""price_type"":""not_found_in_consulted_sources"",""taxes"":""not_found_in_consulted_sources"",""valid_at"":""not_found_in_consulted_sources""}"
cost_174ee67d67881641,evt_b22864bf40fe3288,admission_reduced,,120,EUR,course,,,,src_2c6e0ea38ce82045,"{""conditions"":""Estudiantes, pensionistas, desempleo, mayores de 65, amigos CCCB y discapacidad."",""edition_key"":""cccb-siglo-xviii-2026-2027"",""locator"":""Precios"",""source_url"":""https://www.cccb.org/es/w/actividades/el-siglo-xviii"",""status"":""published_rate""}","{""name"":""not_found_in_consulted_sources"",""price_type"":""not_found_in_consulted_sources"",""taxes"":""not_found_in_consulted_sources"",""valid_at"":""not_found_in_consulted_sources""}"
cost_75148a6c0da9d56e,evt_a4d1aadbf77df432,admission,,70,EUR,course,,,,src_01a0254bee3d60f9,"{""edition_key"":""cccb-divina-comedia-paraiso-2026"",""locator"":""Precios"",""source_url"":""https://www.cccb.org/es/w/actividades/la-divina-comedia-iii-paraiso"",""status"":""published_rate""}","{""name"":""not_found_in_consulted_sources"",""price_type"":""not_found_in_consulted_sources"",""taxes"":""not_found_in_consulted_sources"",""valid_at"":""not_found_in_consulted_sources""}"
cost_38f7d74f67bd1a5e,evt_a4d1aadbf77df432,admission_reduced,,55,EUR,course,,,,src_01a0254bee3d60f9,"{""edition_key"":""cccb-divina-comedia-paraiso-2026"",""locator"":""Precios"",""source_url"":""https://www.cccb.org/es/w/actividades/la-divina-comedia-iii-paraiso"",""status"":""published_rate""}","{""name"":""not_found_in_consulted_sources"",""price_type"":""not_found_in_consulted_sources"",""taxes"":""not_found_in_consulted_sources"",""valid_at"":""not_found_in_consulted_sources""}"
cost_d58cf4840ec484a7,evt_ecb00c62c32b35b5,admission,,45,EUR,course,,,,src_1984bb6e239f5faf,"{""edition_key"":""cccb-leviatan-2026"",""locator"":""Precios"",""source_url"":""https://www.cccb.org/es/w/actividades/leviatan-de-thomas-hobbes"",""status"":""published_rate""}","{""name"":""not_found_in_consulted_sources"",""price_type"":""not_found_in_consulted_sources"",""taxes"":""not_found_in_consulted_sources"",""valid_at"":""not_found_in_consulted_sources""}"
cost_01ef6e7df8397bd4,evt_ecb00c62c32b35b5,admission_reduced,,35,EUR,course,,,,src_1984bb6e239f5faf,"{""edition_key"":""cccb-leviatan-2026"",""locator"":""Precios"",""source_url"":""https://www.cccb.org/es/w/actividades/leviatan-de-thomas-hobbes"",""status"":""published_rate""}","{""name"":""not_found_in_consulted_sources"",""price_type"":""not_found_in_consulted_sources"",""taxes"":""not_found_in_consulted_sources"",""valid_at"":""not_found_in_consulted_sources""}"
cost_5fd7bdf55a67485a,evt_f06ed998fe0d915c,admission,,0,,ticket,,,,src_0ccd82271b8f4a8f,"{""edition_key"":""alliance-paris-cine-pierrot-2022"",""label"":""Entrée gratuite"",""locator"":""Entrée gratuite"",""notes"":null,""source_url"":""https://www.alliancefr.org/event/cine-club-pierrot-le-fou-20-01-2022-20-01-2022-272/register"",""status"":""published_rate""}","{""currency"":""not_found_in_consulted_sources"",""name"":""not_found_in_consulted_sources"",""price_type"":""not_found_in_consulted_sources"",""taxes"":""not_found_in_consulted_sources"",""valid_at"":""not_found_in_consulted_sources""}"
cost_603e2f486e1c36c6,evt_11d7f1aa6ff2059c,admission,,0,,ticket,,,,src_f5fb805989fbd1c2,"{""edition_key"":""alliance-paris-litteraire-hassaine-2022"",""label"":""Entrée gratuite"",""locator"":""Entrée gratuite"",""notes"":null,""source_url"":""https://www.alliancefr.org/event/rencontre-litteraire-en-francais-dans-le-texte-lilia-hassaine-27-01-2022-27-01-2022-273/register"",""status"":""published_rate""}","{""currency"":""not_found_in_consulted_sources"",""name"":""not_found_in_consulted_sources"",""price_type"":""not_found_in_consulted_sources"",""taxes"":""not_found_in_consulted_sources"",""valid_at"":""not_found_in_consulted_sources""}"
cost_9d89a91239f0d978,evt_93046f8a82d552c7,admission,,0,EUR,ticket,,,,src_44803fb30e78619b,"{""edition_key"":""alliance-paris-cafe-2022-02-03"",""label"":""0.0 €"",""locator"":""Entrée gratuite"",""notes"":null,""source_url"":""https://www.alliancefr.org/event/alliance-cafe-bienvenue-a-paris-03-02-2022-03-02-2022-941/register"",""status"":""published_rate""}","{""name"":""not_found_in_consulted_sources"",""price_type"":""not_found_in_consulted_sources"",""taxes"":""not_found_in_consulted_sources"",""valid_at"":""not_found_in_consulted_sources""}"
cost_e8b9653588fb5e49,evt_096b6bfc996e453a,admission,,50,,ticket,,,,src_941f3a7a585fcc8e,"{""edition_key"":""circular-library-patchwork-2024-06-22"",""label"":""$50; materials included"",""locator"":""$50; materials included"",""notes"":""Símbolo $ sin código de moneda. No se infiere USD."",""source_url"":""https://circular-library.com/blogs/news/diy-upcycling-workshop"",""status"":""published_rate""}","{""currency"":""not_found_in_consulted_sources"",""name"":""not_found_in_consulted_sources"",""price_type"":""not_found_in_consulted_sources"",""taxes"":""not_found_in_consulted_sources"",""valid_at"":""not_found_in_consulted_sources""}"
cost_18d876cb70fa75ea,evt_6fcffac1537250da,admission,,50,,ticket,,,,src_941f3a7a585fcc8e,"{""edition_key"":""circular-library-patchwork-2024-06-30"",""label"":""$50; materials included"",""locator"":""$50; materials included"",""notes"":""Símbolo $ sin código de moneda. No se infiere USD."",""source_url"":""https://circular-library.com/blogs/news/diy-upcycling-workshop"",""status"":""published_rate""}","{""currency"":""not_found_in_consulted_sources"",""name"":""not_found_in_consulted_sources"",""price_type"":""not_found_in_consulted_sources"",""taxes"":""not_found_in_consulted_sources"",""valid_at"":""not_found_in_consulted_sources""}"
cost_d6f3c0b772ba5919,evt_d016107b86ad15fa,admission,,25,,ticket,,,,src_1130acc33a386197,"{""edition_key"":""national-gallery-sunset-yoga-2026"",""label"":""$25 Standard"",""locator"":""$25 Standard"",""source_url"":""https://www.nationalgallery.sg/sg/en/festivals/Slow-Saturday/Sunset-Yoga-and-Sound-Bath.html"",""status"":""published_rate""}","{""currency"":""not_found_in_consulted_sources"",""name"":""not_found_in_consulted_sources"",""price_type"":""not_found_in_consulted_sources"",""taxes"":""not_found_in_consulted_sources"",""valid_at"":""not_found_in_consulted_sources""}"
cost_604941c9bc52ea10,evt_d016107b86ad15fa,admission,,20,,ticket,,,,src_1130acc33a386197,"{""edition_key"":""national-gallery-sunset-yoga-2026"",""label"":""$20 Gallery Insiders"",""locator"":""$20 Gallery Insiders"",""source_url"":""https://www.nationalgallery.sg/sg/en/festivals/Slow-Saturday/Sunset-Yoga-and-Sound-Bath.html"",""status"":""published_rate""}","{""currency"":""not_found_in_consulted_sources"",""name"":""not_found_in_consulted_sources"",""price_type"":""not_found_in_consulted_sources"",""taxes"":""not_found_in_consulted_sources"",""valid_at"":""not_found_in_consulted_sources""}"
cost_198b20d27782e555,evt_86ccff2abc06f79c,admission,,0,,ticket,,,,src_ce817c34de050404,"{""edition_key"":""cce-lima-ecodoc-2025"",""label"":""Gratuito"",""locator"":""Gratuito"",""source_url"":""https://ccelima.aecid.es/-/ecodoc-taller-de-documentales"",""status"":""published_rate""}","{""currency"":""not_found_in_consulted_sources"",""name"":""not_found_in_consulted_sources"",""price_type"":""not_found_in_consulted_sources"",""taxes"":""not_found_in_consulted_sources"",""valid_at"":""not_found_in_consulted_sources""}"
cost_e905af8d9b16b78f,evt_347ceac6d8bd6531,customer_support_operations,Soporte comunitario Airbnb conjunto París 2024,27000000,EUR,,,,,src_5b3aaf225da19b11,"{""allocation"":""joint_olympic_and_paralympic_program"",""edition_key"":""paris-olympics-2024"",""locator"":""Segundo párrafo"",""not_sponsorship_fee"":true,""published_at"":""2024-04-09"",""scope_edition_keys"":[""paris-olympics-2024"",""paris-paralympics-2024""],""source_url"":""https://news.airbnb.com/fr/paris-2024-27-millions-deuros-investis-dans-le-soutien-a-la-communaute"",""status"":""announced""}","{""price_type"":""not_found_in_consulted_sources"",""taxes"":""not_found_in_consulted_sources"",""unit"":""not_found_in_consulted_sources"",""valid_at"":""not_found_in_consulted_sources""}"
cost_81948659612ba734,evt_095fb499a803def2,ticket,Corporate admission,899,USD,per_person,,published_historical_tariff,,src_614ad78f4394b65d,"{""edition_key"":""pycon-us-2026"",""locator"":""Registration prices"",""notes"":""Tarifa de edición pasada; no cotización actual. Las tres primeras tarifas de hotel se publican como starting at."",""source_url"":""https://us.pycon.org/2026/attend/information/""}","{""taxes"":""not_found_in_consulted_sources"",""valid_at"":""not_found_in_consulted_sources""}"
cost_2afa76ad76cdbb21,evt_095fb499a803def2,ticket,Individual admission,469,USD,per_person,,published_historical_tariff,,src_614ad78f4394b65d,"{""edition_key"":""pycon-us-2026"",""locator"":""Registration prices"",""notes"":""Tarifa de edición pasada; no cotización actual. Las tres primeras tarifas de hotel se publican como starting at."",""source_url"":""https://us.pycon.org/2026/attend/information/""}","{""taxes"":""not_found_in_consulted_sources"",""valid_at"":""not_found_in_consulted_sources""}"
cost_1c193c466fee2e3b,evt_095fb499a803def2,ticket,Student admission,139,USD,per_person,,published_historical_tariff,,src_614ad78f4394b65d,"{""edition_key"":""pycon-us-2026"",""locator"":""Registration prices"",""notes"":""Tarifa de edición pasada; no cotización actual. Las tres primeras tarifas de hotel se publican como starting at."",""source_url"":""https://us.pycon.org/2026/attend/information/""}","{""taxes"":""not_found_in_consulted_sources"",""valid_at"":""not_found_in_consulted_sources""}"
cost_16ee9fd845a5b08b,evt_095fb499a803def2,ticket,Tutorial,150,USD,per_person_per_tutorial,,published_historical_tariff,,src_614ad78f4394b65d,"{""edition_key"":""pycon-us-2026"",""locator"":""Registration prices"",""notes"":""Tarifa de edición pasada; no cotización actual. Las tres primeras tarifas de hotel se publican como starting at."",""source_url"":""https://us.pycon.org/2026/attend/information/""}","{""taxes"":""not_found_in_consulted_sources"",""valid_at"":""not_found_in_consulted_sources""}"
cost_c3a783fbde026b78,evt_095fb499a803def2,lodging,Courtyard Long Beach Downtown,274,USD,per_night,plus_tax,published_historical_tariff,,src_614ad78f4394b65d,"{""edition_key"":""pycon-us-2026"",""locator"":""Hotels"",""notes"":""Tarifa de edición pasada; no cotización actual. Las tres primeras tarifas de hotel se publican como starting at."",""source_url"":""https://us.pycon.org/2026/attend/information/""}","{""valid_at"":""not_found_in_consulted_sources""}"
cost_636f11cdf705ffda,evt_095fb499a803def2,lodging,Marriott Long Beach Downtown,284,USD,per_night,plus_tax,published_historical_tariff,,src_614ad78f4394b65d,"{""edition_key"":""pycon-us-2026"",""locator"":""Hotels"",""notes"":""Tarifa de edición pasada; no cotización actual. Las tres primeras tarifas de hotel se publican como starting at."",""source_url"":""https://us.pycon.org/2026/attend/information/""}","{""valid_at"":""not_found_in_consulted_sources""}"
cost_35748c7f49139adc,evt_095fb499a803def2,lodging,Hyatt Regency Long Beach,304,USD,per_night,plus_tax,published_historical_tariff,,src_614ad78f4394b65d,"{""edition_key"":""pycon-us-2026"",""locator"":""Hotels"",""notes"":""Tarifa de edición pasada; no cotización actual. Las tres primeras tarifas de hotel se publican como starting at."",""source_url"":""https://us.pycon.org/2026/attend/information/""}","{""valid_at"":""not_found_in_consulted_sources""}"
cost_d0a5c66831808e9a,evt_095fb499a803def2,lodging,Westin Long Beach,290,USD,per_night,plus_tax,published_historical_tariff,,src_614ad78f4394b65d,"{""edition_key"":""pycon-us-2026"",""locator"":""Hotels"",""notes"":""Tarifa de edición pasada; no cotización actual. Las tres primeras tarifas de hotel se publican como starting at."",""source_url"":""https://us.pycon.org/2026/attend/information/""}","{""valid_at"":""not_found_in_consulted_sources""}"
