metric_id,edition_id,company_id,name,value,unit,denominator,status,method,source_id,extra_json,missing_reasons_json
metric_b187efbfa4558c0e,evt_42591655e3d34587,,participating_companies_physical_or_digital,2013,companies,,reported,Incluye empresas físicas y digitales; no equivale a expositores presenciales.,src_9df391d2639fd117,"{""denominator"":null,""locator"":""2.013 Unternehmen / Hallen, LitAg, Workstations oder digital"",""method"":""Incluye empresas físicas y digitales; no equivale a expositores presenciales."",""name"":""participating_companies_physical_or_digital"",""source_url"":""https://www.buchmesse.de/presse/pressemitteilungen/2021-10-24-73-frankfurter-buchmesse-neustart-der-buchbranche"",""status"":""reported"",""unit"":""companies"",""value"":2013}","{""company_id"":""not_found_in_consulted_sources"",""denominator"":""not_found_in_consulted_sources""}"
metric_d1c1125f664544ed,evt_42591655e3d34587,,accredited_media_representatives,2500,accreditations,,reported,Cifra publicada por el organizador; auditoría y deduplicación no documentadas.,src_9df391d2639fd117,"{""denominator"":null,""locator"":""2.500 Medienvertreter*innen"",""method"":""Cifra publicada por el organizador; auditoría y deduplicación no documentadas."",""name"":""accredited_media_representatives"",""source_url"":""https://www.buchmesse.de/presse/pressemitteilungen/2021-10-24-73-frankfurter-buchmesse-neustart-der-buchbranche"",""status"":""reported"",""unit"":""accreditations"",""value"":2500}","{""company_id"":""not_found_in_consulted_sources"",""denominator"":""not_found_in_consulted_sources""}"
metric_0e1688abae7c7f0e,evt_26f715d6bddd88e5,,exhibitors_reported,4000,exhibitors,,reported,Cifra publicada por el organizador; auditoría y deduplicación no documentadas.,src_3ca3d5c7529b528f,"{""denominator"":null,""locator"":""Chronik 2022: Aussteller"",""method"":""Cifra publicada por el organizador; auditoría y deduplicación no documentadas."",""name"":""exhibitors_reported"",""source_url"":""https://www.buchmesse.de/chronik"",""status"":""reported"",""unit"":""exhibitors"",""value"":4000}","{""company_id"":""not_found_in_consulted_sources"",""denominator"":""not_found_in_consulted_sources""}"
metric_dfaeaaad95b0a897,evt_a3ff92ede2c426e6,,exhibitors_reported,4350,exhibitors,,reported,Cifra publicada por el organizador; auditoría y deduplicación no documentadas.,src_fcddee0e747f012d,"{""denominator"":null,""locator"":""4.350 Aussteller"",""method"":""Cifra publicada por el organizador; auditoría y deduplicación no documentadas."",""name"":""exhibitors_reported"",""source_url"":""https://www.buchmesse.de/presse/pressemitteilungen/2025-10-19-frankfurter-buchmesse-waechst-und-verbindet-die-welt-der"",""status"":""reported"",""unit"":""exhibitors"",""value"":4350}","{""company_id"":""not_found_in_consulted_sources"",""denominator"":""not_found_in_consulted_sources""}"
metric_f1b702c106e9a490,evt_a3ff92ede2c426e6,,media_registrations_reported,7800,registrations,,reported,Cifra publicada por el organizador; auditoría y deduplicación no documentadas.,src_fcddee0e747f012d,"{""denominator"":null,""locator"":""7.800 Medienvertreter*innen registrierten sich"",""method"":""Cifra publicada por el organizador; auditoría y deduplicación no documentadas."",""name"":""media_registrations_reported"",""source_url"":""https://www.buchmesse.de/presse/pressemitteilungen/2025-10-19-frankfurter-buchmesse-waechst-und-verbindet-die-welt-der"",""status"":""reported"",""unit"":""registrations"",""value"":7800}","{""company_id"":""not_found_in_consulted_sources"",""denominator"":""not_found_in_consulted_sources""}"
metric_5d618c165d83ad0c,evt_1c1e593329e65b57,,last_minute_seats_allocated,15000,seats,,reported,"Asientos asignados, no personas únicas ni asistencia total.",src_7f8f5835c9e6b941,"{""denominator"":null,""locator"":""FAQ online ticket office: 2024 last-minute queues"",""method"":""Asientos asignados, no personas únicas ni asistencia total."",""name"":""last_minute_seats_allocated"",""source_url"":""https://www.festival-cannes.com/en/faq/"",""status"":""reported"",""unit"":""seats"",""value"":15000}","{""company_id"":""not_found_in_consulted_sources"",""denominator"":""not_found_in_consulted_sources""}"
metric_d3ae6c861554e40b,evt_89645498ed7a7288,,brut_opening_and_related_content_views,113500000,video_views,,reported,Vistas de contenidos declaradas hasta 21 mayo; no asistencia ni ROI; ventanas/formas de deduplicar sin documentar.,src_104b14c867f63719,"{""denominator"":null,""locator"":""Brut: ceremony and related platform content"",""method"":""Vistas de contenidos declaradas hasta 21 mayo; no asistencia ni ROI; ventanas/formas de deduplicar sin documentar."",""name"":""brut_opening_and_related_content_views"",""source_url"":""https://www.festival-cannes.com/en/press/press-releases/cannes-2026-global-visibility-in-service-of-cinema/"",""status"":""reported"",""unit"":""video_views"",""value"":113500000}","{""company_id"":""not_found_in_consulted_sources"",""denominator"":""not_found_in_consulted_sources""}"
metric_71f4030cc641d83e,evt_0cb6c7d0ff466716,,capacity,150,participants,,announced,,src_8b1eecd3abdb841b,"{""denominator"":null,""locator"":""When & Where; Capacity"",""name"":""capacity"",""source_url"":""https://luma.com/epoch"",""status"":""announced"",""unit"":""participants"",""value"":150}","{""company_id"":""not_found_in_consulted_sources"",""denominator"":""not_found_in_consulted_sources"",""method"":""not_found_in_consulted_sources""}"
metric_c646623951e2697d,evt_1cd1637de3a2db91,,projected_marathon_entries,27000,entries,,announced,,src_e52494567c98a526,"{""denominator"":null,""locator"":""projected 27 000 in 2026"",""name"":""projected_marathon_entries"",""source_url"":""https://capetownmarathon.com/sanlam-renews-title-sponsorship/"",""status"":""announced"",""unit"":""entries"",""value"":27000}","{""company_id"":""not_found_in_consulted_sources"",""denominator"":""not_found_in_consulted_sources"",""method"":""not_found_in_consulted_sources""}"
metric_ba0156485659011d,evt_1cd1637de3a2db91,,projected_international_runners,10000,runners,,announced,,src_e52494567c98a526,"{""denominator"":null,""locator"":""In 2026 ... welcoming 10,000 international runners"",""name"":""projected_international_runners"",""source_url"":""https://capetownmarathon.com/sanlam-renews-title-sponsorship/"",""status"":""announced"",""unit"":""runners"",""value"":10000}","{""company_id"":""not_found_in_consulted_sources"",""denominator"":""not_found_in_consulted_sources"",""method"":""not_found_in_consulted_sources""}"
metric_9e9b17e9fff2c7d3,evt_b10d7b624fc3d5dc,,announced_runner_limit,10000,runners,,announced,,src_79e817c41d230299,"{""denominator"":null,""locator"":""Limited field of 10,000 runners for the marathon"",""name"":""announced_runner_limit"",""source_url"":""https://capetownmarathon.com/sanlam-cape-town-marathon-marks-return-to-mass-participation-events/"",""status"":""announced"",""unit"":""runners"",""value"":10000}","{""company_id"":""not_found_in_consulted_sources"",""denominator"":""not_found_in_consulted_sources"",""method"":""not_found_in_consulted_sources""}"
metric_8a2fb0ff962e4998,evt_85cedced82b14b2f,,marathon_entries,13000,entries,,reported,,src_e52494567c98a526,"{""comparison"":""greater_than"",""denominator"":null,""locator"":""just over 13 000 in 2022"",""name"":""marathon_entries"",""notes"":""Cota inferior de inscripciones, no participantes efectivos."",""source_url"":""https://capetownmarathon.com/sanlam-renews-title-sponsorship/"",""status"":""reported"",""unit"":""entries"",""value"":13000}","{""company_id"":""not_found_in_consulted_sources"",""denominator"":""not_found_in_consulted_sources"",""method"":""not_found_in_consulted_sources""}"
metric_19c9b8e0266cc2de,evt_b0c6e05d325163d2,,fellow_starters_reported,16800,runners,,reported,,src_23867c841c6871d9,"{""denominator"":null,""locator"":""16 800 fellow starters"",""name"":""fellow_starters_reported"",""notes"":""Cifra literal de acompañantes de la ganadora en la salida; no se calcula un total exacto de 16.801 ni se confunde con inscritos, finishers o espectadores."",""source_url"":""https://capetownmarathon.com/glenrose-xaba-shatters-records/"",""status"":""reported"",""unit"":""runners"",""value"":16800}","{""company_id"":""not_found_in_consulted_sources"",""denominator"":""not_found_in_consulted_sources"",""method"":""not_found_in_consulted_sources""}"
metric_7ca5b8f03c190449,evt_9ccb4e5afc58d963,,programme_activities,60,activities,,reported,,src_b64c9533a7414c0c,"{""comparison"":""greater_than"",""denominator"":null,""locator"":""agenda con más de 60 muestras, visitas, conciertos, charlas y presentaciones"",""name"":""programme_activities"",""source_url"":""https://buenosaires.gob.ar/semanadelarte/semana-del-arte-2021"",""status"":""reported"",""unit"":""activities"",""value"":60}","{""company_id"":""not_found_in_consulted_sources"",""denominator"":""not_found_in_consulted_sources"",""method"":""not_found_in_consulted_sources""}"
metric_6fc4796b71fa7f82,evt_9ccb4e5afc58d963,,participating_institutions,35,institutions,,reported,,src_b64c9533a7414c0c,"{""comparison"":""greater_than"",""denominator"":null,""locator"":""más de 35 instituciones culturales y fundaciones"",""name"":""participating_institutions"",""source_url"":""https://buenosaires.gob.ar/semanadelarte/semana-del-arte-2021"",""status"":""reported"",""unit"":""institutions"",""value"":35}","{""company_id"":""not_found_in_consulted_sources"",""denominator"":""not_found_in_consulted_sources"",""method"":""not_found_in_consulted_sources""}"
metric_c90936359454460f,evt_86ccff2abc06f79c,,announced_capacity,8,places,,announced,,src_ce817c34de050404,"{""denominator"":null,""locator"":""Cupo: 8"",""name"":""announced_capacity"",""source_url"":""https://ccelima.aecid.es/-/ecodoc-taller-de-documentales"",""status"":""announced"",""unit"":""places"",""value"":8}","{""company_id"":""not_found_in_consulted_sources"",""denominator"":""not_found_in_consulted_sources"",""method"":""not_found_in_consulted_sources""}"
metric_a058e75416dcba14,evt_4871448a539f5fb0,,exhibitors_expected,120,organizations,,announced,,src_f402d36a48ea4259,"{""comparator"":""stated"",""denominator"":null,""locator"":""CeMAT South East Asia"",""name"":""exhibitors_expected"",""scope"":""edition"",""source_url"":""https://www.hannovermesse.de/files/files/001/media/globale-bilder-downloads/presse/auslandsveranstaltungen/industry-logistic-worldwide-flyer.pdf"",""status"":""announced"",""unit"":""organizations"",""value"":120}","{""company_id"":""not_found_in_consulted_sources"",""denominator"":""not_found_in_consulted_sources"",""method"":""not_found_in_consulted_sources""}"
metric_3d2bdcfe146af07b,evt_6228196d8ad98785,,exhibitors_expected,1000,organizations,,announced,,src_f402d36a48ea4259,"{""comparator"":""over"",""denominator"":null,""locator"":""LET — A CeMAT ASIA EVENT"",""name"":""exhibitors_expected"",""scope"":""edition"",""source_url"":""https://www.hannovermesse.de/files/files/001/media/globale-bilder-downloads/presse/auslandsveranstaltungen/industry-logistic-worldwide-flyer.pdf"",""status"":""announced"",""unit"":""organizations"",""value"":1000}","{""company_id"":""not_found_in_consulted_sources"",""denominator"":""not_found_in_consulted_sources"",""method"":""not_found_in_consulted_sources""}"
metric_8a28edda8e465112,evt_e41bc37a43b4420d,,exhibitors_expected,131,organizations,,announced,,src_f402d36a48ea4259,"{""comparator"":""stated"",""denominator"":null,""locator"":""CeMAT Australia"",""name"":""exhibitors_expected"",""scope"":""edition"",""source_url"":""https://www.hannovermesse.de/files/files/001/media/globale-bilder-downloads/presse/auslandsveranstaltungen/industry-logistic-worldwide-flyer.pdf"",""status"":""announced"",""unit"":""organizations"",""value"":131}","{""company_id"":""not_found_in_consulted_sources"",""denominator"":""not_found_in_consulted_sources"",""method"":""not_found_in_consulted_sources""}"
metric_7481e2a9984f385e,evt_a335dad57b86fbf5,,exhibitors_expected,900,organizations,,announced,,src_f402d36a48ea4259,"{""comparator"":""stated"",""denominator"":null,""locator"":""CeMAT Asia"",""name"":""exhibitors_expected"",""scope"":""edition"",""source_url"":""https://www.hannovermesse.de/files/files/001/media/globale-bilder-downloads/presse/auslandsveranstaltungen/industry-logistic-worldwide-flyer.pdf"",""status"":""announced"",""unit"":""organizations"",""value"":900}","{""company_id"":""not_found_in_consulted_sources"",""denominator"":""not_found_in_consulted_sources"",""method"":""not_found_in_consulted_sources""}"
metric_fa497c328e23af2d,evt_f5229c036ed7d706,,exhibitors_expected,130,organizations,,announced,,src_f402d36a48ea4259,"{""comparator"":""stated"",""denominator"":null,""locator"":""Logistics Automation New Zealand"",""name"":""exhibitors_expected"",""scope"":""edition"",""source_url"":""https://www.hannovermesse.de/files/files/001/media/globale-bilder-downloads/presse/auslandsveranstaltungen/industry-logistic-worldwide-flyer.pdf"",""status"":""announced"",""unit"":""organizations"",""value"":130}","{""company_id"":""not_found_in_consulted_sources"",""denominator"":""not_found_in_consulted_sources"",""method"":""not_found_in_consulted_sources""}"
metric_3662962187cbc646,evt_14059a01a933c5a3,,exhibitors_expected,190,organizations,,announced,,src_f402d36a48ea4259,"{""comparator"":""stated"",""denominator"":null,""locator"":""Supply Chain Indonesia"",""name"":""exhibitors_expected"",""scope"":""edition"",""source_url"":""https://www.hannovermesse.de/files/files/001/media/globale-bilder-downloads/presse/auslandsveranstaltungen/industry-logistic-worldwide-flyer.pdf"",""status"":""announced"",""unit"":""organizations"",""value"":190}","{""company_id"":""not_found_in_consulted_sources"",""denominator"":""not_found_in_consulted_sources"",""method"":""not_found_in_consulted_sources""}"
metric_8375c9a6a06e5214,evt_bf31a6d2618ec973,,exhibitors_expected,150,organizations,,announced,,src_f402d36a48ea4259,"{""comparator"":""stated"",""denominator"":null,""locator"":""HOW — Hub of Warehouse"",""name"":""exhibitors_expected"",""scope"":""edition"",""source_url"":""https://www.hannovermesse.de/files/files/001/media/globale-bilder-downloads/presse/auslandsveranstaltungen/industry-logistic-worldwide-flyer.pdf"",""status"":""announced"",""unit"":""organizations"",""value"":150}","{""company_id"":""not_found_in_consulted_sources"",""denominator"":""not_found_in_consulted_sources"",""method"":""not_found_in_consulted_sources""}"
metric_8f31b6e080a7a41e,evt_9cf09f3a61421893,,exhibitors_expected,120,organizations,,announced,,src_f402d36a48ea4259,"{""comparator"":""stated"",""denominator"":null,""locator"":""Intralogistica Italia"",""name"":""exhibitors_expected"",""scope"":""edition"",""source_url"":""https://www.hannovermesse.de/files/files/001/media/globale-bilder-downloads/presse/auslandsveranstaltungen/industry-logistic-worldwide-flyer.pdf"",""status"":""announced"",""unit"":""organizations"",""value"":120}","{""company_id"":""not_found_in_consulted_sources"",""denominator"":""not_found_in_consulted_sources"",""method"":""not_found_in_consulted_sources""}"
metric_9491a6b7e509ca3b,evt_1400433405edda61,,exhibitors_reported,702,organizations,,reported,,src_f402d36a48ea4259,"{""comparator"":""stated"",""denominator"":null,""locator"":""WIN EURASIA — 2025 figures"",""name"":""exhibitors_reported"",""source_url"":""https://www.hannovermesse.de/files/files/001/media/globale-bilder-downloads/presse/auslandsveranstaltungen/industry-logistic-worldwide-flyer.pdf"",""status"":""reported"",""unit"":""organizations"",""value"":702}","{""company_id"":""not_found_in_consulted_sources"",""denominator"":""not_found_in_consulted_sources"",""method"":""not_found_in_consulted_sources""}"
metric_f3f6360a7ec6024a,evt_658afaa5d4547d12,,exhibitors_expected,100,organizations,,announced,,src_f402d36a48ea4259,"{""comparator"":""at_least"",""denominator"":null,""locator"":""Industrial Transformation Africa"",""name"":""exhibitors_expected"",""scope"":""edition"",""source_url"":""https://www.hannovermesse.de/files/files/001/media/globale-bilder-downloads/presse/auslandsveranstaltungen/industry-logistic-worldwide-flyer.pdf"",""status"":""announced"",""unit"":""organizations"",""value"":100}","{""company_id"":""not_found_in_consulted_sources"",""denominator"":""not_found_in_consulted_sources"",""method"":""not_found_in_consulted_sources""}"
metric_82c8a033870f239a,evt_e7f62488a5ffe3c3,,exhibitors_reported,152,organizations,,reported,,src_f402d36a48ea4259,"{""comparator"":""stated"",""denominator"":null,""locator"":""Industrial Transformation Asia-Pacific — 2025 figures"",""name"":""exhibitors_reported"",""source_url"":""https://www.hannovermesse.de/files/files/001/media/globale-bilder-downloads/presse/auslandsveranstaltungen/industry-logistic-worldwide-flyer.pdf"",""status"":""reported"",""unit"":""organizations"",""value"":152}","{""company_id"":""not_found_in_consulted_sources"",""denominator"":""not_found_in_consulted_sources"",""method"":""not_found_in_consulted_sources""}"
metric_eaae7731cc686bdf,evt_369b38c5bd632088,,exhibitors_expected,1600,organizations,,announced,,src_f402d36a48ea4259,"{""comparator"":""stated"",""denominator"":null,""locator"":""PTC Asia"",""name"":""exhibitors_expected"",""scope"":""edition"",""source_url"":""https://www.hannovermesse.de/files/files/001/media/globale-bilder-downloads/presse/auslandsveranstaltungen/industry-logistic-worldwide-flyer.pdf"",""status"":""announced"",""unit"":""organizations"",""value"":1600}","{""company_id"":""not_found_in_consulted_sources"",""denominator"":""not_found_in_consulted_sources"",""method"":""not_found_in_consulted_sources""}"
metric_1529e8b5a7db2d48,evt_13f43c19bf8fc644,,exhibitors_expected,300,organizations,,announced,,src_f402d36a48ea4259,"{""comparator"":""stated"",""denominator"":null,""locator"":""ComVac Asia"",""name"":""exhibitors_expected"",""scope"":""edition"",""source_url"":""https://www.hannovermesse.de/files/files/001/media/globale-bilder-downloads/presse/auslandsveranstaltungen/industry-logistic-worldwide-flyer.pdf"",""status"":""announced"",""unit"":""organizations"",""value"":300}","{""company_id"":""not_found_in_consulted_sources"",""denominator"":""not_found_in_consulted_sources"",""method"":""not_found_in_consulted_sources""}"
metric_323a2d703e4d7487,evt_eb111a081b035c1d,,exhibitors_reported,220,organizations,,reported,,src_f402d36a48ea4259,"{""comparator"":""stated"",""denominator"":null,""locator"":""Smart Technology Expo — 2025 figures"",""name"":""exhibitors_reported"",""source_url"":""https://www.hannovermesse.de/files/files/001/media/globale-bilder-downloads/presse/auslandsveranstaltungen/industry-logistic-worldwide-flyer.pdf"",""status"":""reported"",""unit"":""organizations"",""value"":220}","{""company_id"":""not_found_in_consulted_sources"",""denominator"":""not_found_in_consulted_sources"",""method"":""not_found_in_consulted_sources""}"
metric_ad8e195172a54aa1,evt_513070f1b8e79d7d,,exhibitors_reported,283,organizations,,reported,,src_f402d36a48ea4259,"{""comparator"":""stated"",""denominator"":null,""locator"":""Industrial Transformation Saudi Arabia — 2025 figures"",""name"":""exhibitors_reported"",""source_url"":""https://www.hannovermesse.de/files/files/001/media/globale-bilder-downloads/presse/auslandsveranstaltungen/industry-logistic-worldwide-flyer.pdf"",""status"":""reported"",""unit"":""organizations"",""value"":283}","{""company_id"":""not_found_in_consulted_sources"",""denominator"":""not_found_in_consulted_sources"",""method"":""not_found_in_consulted_sources""}"
metric_2d1f1aff48c9df4a,evt_41f7c969d8522557,,exhibitors_reported,3694,organizations,,reported,,src_f402d36a48ea4259,"{""comparator"":""stated"",""denominator"":null,""locator"":""Hannover Messe — 2025 figures"",""name"":""exhibitors_reported"",""source_url"":""https://www.hannovermesse.de/files/files/001/media/globale-bilder-downloads/presse/auslandsveranstaltungen/industry-logistic-worldwide-flyer.pdf"",""status"":""reported"",""unit"":""organizations"",""value"":3694}","{""company_id"":""not_found_in_consulted_sources"",""denominator"":""not_found_in_consulted_sources"",""method"":""not_found_in_consulted_sources""}"
metric_38cc2d46af5f892a,evt_949bbc13a26eb563,,exhibitors_reported,618,organizations,,reported,,src_f402d36a48ea4259,"{""comparator"":""stated"",""denominator"":null,""locator"":""Chengdu International Industry Fair — 2025 figures"",""name"":""exhibitors_reported"",""source_url"":""https://www.hannovermesse.de/files/files/001/media/globale-bilder-downloads/presse/auslandsveranstaltungen/industry-logistic-worldwide-flyer.pdf"",""status"":""reported"",""unit"":""organizations"",""value"":618}","{""company_id"":""not_found_in_consulted_sources"",""denominator"":""not_found_in_consulted_sources"",""method"":""not_found_in_consulted_sources""}"
metric_2db464bb8245f82e,evt_343acf413406c0f7,,Heineken 0.0 ventas interanuales,125.5,percent_change,Ventas Heineken 0.0 Coachella 2024; base absoluta no publicada,self_reported,Declaración empresarial; misma procedencia de la métrica en ambas publicaciones.,src_9f2fa9e6c5cbf6df,"{""additional_source_urls"":[""https://www.theheinekencompany.com/newsroom/moderation-is-the-hottest-headliner-for-this-summers-festivals/""],""causal_attribution"":false,""denominator"":""Ventas Heineken 0.0 Coachella 2024; base absoluta no publicada"",""locator"":""Entrevista: declaración sobre Coachella"",""method"":""Declaración empresarial; misma procedencia de la métrica en ambas publicaciones."",""name"":""Heineken 0.0 ventas interanuales"",""period_end"":""2025-04-20"",""period_start"":""2025-04-11"",""published_at"":""2025-08-19"",""source_url"":""https://www.modernretail.co/marketing/inside-heinekens-limited-edition-na-beer-campaign-at-the-us-open/"",""status"":""self_reported"",""unit"":""percent_change"",""value"":125.5}","{""company_id"":""not_found_in_consulted_sources""}"
metric_e9904945b8a45996,evt_343acf413406c0f7,,Jisulife ventiladores entregados,1000,products_distributed,,reported_by_press,Método no publicado; no ventas ni usuarios únicos.,src_0f987c466489f8cf,"{""causal_attribution"":false,""denominator"":null,""locator"":""JISULIFE"",""method"":""Método no publicado; no ventas ni usuarios únicos."",""name"":""Jisulife ventiladores entregados"",""qualifier"":""nearly"",""source_url"":""https://www.eventmarketer.com/article/coachella-2025-experiential/"",""status"":""reported_by_press"",""unit"":""products_distributed"",""value"":1000}","{""company_id"":""not_found_in_consulted_sources"",""denominator"":""not_found_in_consulted_sources""}"
metric_55301a8ffb5023ed,evt_bceea7bddb93b01d,,Asistentes reportados,1500,attendees,,reported_by_press,Método no divulgado; no asistencia auditada.,src_0f987c466489f8cf,"{""denominator"":null,""locator"":""818 TEQUILA"",""method"":""Método no divulgado; no asistencia auditada."",""name"":""Asistentes reportados"",""qualifier"":""more_than"",""source_url"":""https://www.eventmarketer.com/article/coachella-2025-experiential/"",""status"":""reported_by_press"",""unit"":""attendees"",""value"":1500}","{""company_id"":""not_found_in_consulted_sources"",""denominator"":""not_found_in_consulted_sources""}"
metric_09002a6bb3290df2,evt_347ceac6d8bd6531,,Reservas de noches Airbnb en región de París,400,percent_change,Reservas observadas a la misma fecha un año antes según fuente,company_reported_forward_bookings,Reservas para fechas olímpicas; no estancias realizadas ni ROI.,src_5db1e48415dabd48,"{""as_of"":""2024-03-31"",""causal_attribution"":false,""denominator"":""Reservas observadas a la misma fecha un año antes según fuente"",""geography_scope"":""Paris region"",""locator"":""Key Takeaways y notas **"",""method"":""Reservas para fechas olímpicas; no estancias realizadas ni ROI."",""name"":""Reservas de noches Airbnb en región de París"",""qualifier"":""source_says_over_five_times"",""source_url"":""https://news.airbnb.com/en-in/30-surge-in-bookings-from-indian-guests-for-paris-2024-olympics"",""status"":""company_reported_forward_bookings"",""unit"":""percent_change"",""value"":400}","{""company_id"":""not_found_in_consulted_sources""}"
metric_0c0c393840e4538b,evt_347ceac6d8bd6531,,Pernoctaciones de no residentes en alquileres cortos Île-de-France,20.9,percent_change,Mismo agregado regional año 2023,institutional_reported,Varias plataformas; estadística experimental con posible doble conteo.,src_47b38ab569239339,"{""causal_attribution"":false,""denominator"":""Mismo agregado regional año 2023"",""locator"":""Primer apartado y Sources"",""method"":""Varias plataformas; estadística experimental con posible doble conteo."",""name"":""Pernoctaciones de no residentes en alquileres cortos Île-de-France"",""period_end"":""2024-12-31"",""period_start"":""2024-01-01"",""scope"":""Regional anual; contexto, no resultado causal de Juegos ni Airbnb"",""source_url"":""https://www.insee.fr/fr/statistiques/8670343"",""status"":""institutional_reported"",""unit"":""percent_change"",""value"":20.9}","{""company_id"":""not_found_in_consulted_sources""}"
metric_62040747cf48a77f,evt_10393e173aeae756,,Ventas onsite Heineken sin alcohol,25,percent_change,Ventas onsite Heineken sin alcohol US Open 2023; base absoluta ausente,company_reported_via_interview,Declaración empresarial; moneda/volumen no especificados.,src_9f2fa9e6c5cbf6df,"{""causal_attribution"":false,""denominator"":""Ventas onsite Heineken sin alcohol US Open 2023; base absoluta ausente"",""locator"":""Segundo párrafo"",""method"":""Declaración empresarial; moneda/volumen no especificados."",""name"":""Ventas onsite Heineken sin alcohol"",""period_year"":2024,""published_at"":""2025-08-19"",""source_url"":""https://www.modernretail.co/marketing/inside-heinekens-limited-edition-na-beer-campaign-at-the-us-open/"",""status"":""company_reported_via_interview"",""unit"":""percent_change"",""value"":25}","{""company_id"":""not_found_in_consulted_sources""}"
