membership_id,article_id,cluster_id,probable_origin,relation,independence,evidence,extra_json,missing_reasons_json
newscl_df9cb430bc146e8d,article_ff00773374ceb4b1,heineken-coachella-2023,https://www.prnewswire.com/news-releases/method-man--redman-to-headline-star-studded-heineken-house-lineup-at-the-coachella-valley-music-and-arts-festival-301780035.html,company_press_release,company_origin,"Publisher/type reviewed; cluster denotes claim origin, not independent reporting count",,{}
newscl_28abadcdf7e5e106,article_06982e2d4e4c2477,carrera-coachella-2023,https://www.prnewswire.com/news-releases/carrera-signs-on-as-official-eyewear-partner-of-the-2023-coachella-valley-music--arts-festival-301768132.html,company_press_release,company_origin,"Publisher/type reviewed; cluster denotes claim origin, not independent reporting count",,{}
newscl_59c8c6f0dff894b9,article_311ea18834954a5d,absolut-coachella-2024,https://www.prnewswire.com/news-releases/absolut-kicks-off-festival-season-with-mixing-it-up-cosmos--culture--an-exclusive-series-on-the-latest-trends-from-the-official-vodka-of-coachella-302098638.html,company_press_release,company_origin,"Publisher/type reviewed; cluster denotes claim origin, not independent reporting count",,{}
newscl_59fe2539acc862ee,article_99a9f9bee6c4a549,absolut-coachella-2024,https://www.prnewswire.com/news-releases/absolut-kicks-off-festival-season-with-mixing-it-up-cosmos--culture--an-exclusive-series-on-the-latest-trends-from-the-official-vodka-of-coachella-302098638.html,editorial_based_on_press_release,editorial_but_claim_origin_same_press_release,"Publisher/type reviewed; cluster denotes claim origin, not independent reporting count",,{}
newscl_b2f9d536243c3dce,article_9a47566ff16e2fde,heineken-coachella-2025-program,https://www.prnewswire.com/news-releases/pusha-t--afrojack-to-headline-heineken-house-2025-lineup-at-the-coachella-valley-music-and-arts-festival-302391994.html,company_press_release,company_origin,"Publisher/type reviewed; cluster denotes claim origin, not independent reporting count",,{}
newscl_f32535528b0b2fdf,article_6ff156810b5a70a2,heineken-coachella-2025-sales,https://www.theheinekencompany.com/newsroom/moderation-is-the-hottest-headliner-for-this-summers-festivals/,company_report,company_origin_indexed_only,"Publisher/type reviewed; cluster denotes claim origin, not independent reporting count",,{}
newscl_b7abd09fdd3d6c1c,article_9f2fa9e6c5cbf6df,modernretail-heineken-2025-08-19,https://www.modernretail.co/marketing/inside-heinekens-limited-edition-na-beer-campaign-at-the-us-open/,original_interview,original_interview_metrics_self_reported,"Publisher/type reviewed; cluster denotes claim origin, not independent reporting count",,{}
newscl_d67caa0eefb1b7ff,article_0f987c466489f8cf,eventmarketer-coachella-2025,https://www.eventmarketer.com/article/coachella-2025-experiential/,editorial_recap,original_editorial_recap_metric_method_undisclosed,"Publisher/type reviewed; cluster denotes claim origin, not independent reporting count",,{}
newscl_80dd04d34ea2a737,article_b1fb9876e8e68608,eventmarketer-coachella-2025,https://www.eventmarketer.com/article/coachella-2025-experiential/,partial_republication,same_article_republication,"Publisher/type reviewed; cluster denotes claim origin, not independent reporting count",,{}
newscl_d5d32d4e647fa3d4,article_a443d248ec4ed629,panasonic-top-end-2024,https://news.panasonic.com/global/fr/press/en240910-2,company_press_release,company_origin,"Publisher/type reviewed; cluster denotes claim origin, not independent reporting count",,{}
newscl_c93cd1e32725ef56,article_519b56d5716234b3,panasonic-top-end-2024,https://news.panasonic.com/global/fr/press/en240910-2,syndicated_reporting,wire_reporting_based_on_company_statement,"Publisher/type reviewed; cluster denotes claim origin, not independent reporting count",,{}
newscl_7c9db84d2511a10e,article_5b3aaf225da19b11,airbnb-paris-support-2024,https://news.airbnb.com/fr/paris-2024-27-millions-deuros-investis-dans-le-soutien-a-la-communaute,company_press_release,company_origin,"Publisher/type reviewed; cluster denotes claim origin, not independent reporting count",,{}
newscl_8a51aed942ce90fe,article_5db1e48415dabd48,airbnb-paris-q1-bookings-2024,https://news.airbnb.com/en-in/30-surge-in-bookings-from-indian-guests-for-paris-2024-olympics,company_report,company_origin,"Publisher/type reviewed; cluster denotes claim origin, not independent reporting count",,{}
newscl_bcf0045bdfaab6c0,article_970eb9b4db022219,lemonde-paris-rentals-2024-05-27,https://www.lemonde.fr/en/economy/article/2024/05/27/paris-2024-hotels-and-airbnb-rental-prices-continue-to-fall-due-to-oversupply_6672794_19.html,original_reporting_translation,original_reporting_translated_not_new_independent_source,"Publisher/type reviewed; cluster denotes claim origin, not independent reporting count",,{}
newscl_5cfe4390c9550262,article_47b38ab569239339,insee-jop-tourism-2025,https://www.insee.fr/fr/statistiques/8670343,institutional_analysis,independent_institutional_measurement_mixed_inputs,"Publisher/type reviewed; cluster denotes claim origin, not independent reporting count",,{}
newscl_c948556e6cd952e4,article_ecbbb3171e4acf77,panasonic-ces-2025-recap,https://news.panasonic.com/global/stories/16909,company_recap,company_origin,"Publisher/type reviewed; cluster denotes claim origin, not independent reporting count",,{}
newscl_f231ec5fb14b068a,article_2b0968fbcfb8e2f9,panasonic-ces-2026,https://news.panasonic.com/global/stories/18277,company_recap,company_origin,"Publisher/type reviewed; cluster denotes claim origin, not independent reporting count",,{}
newscl_2a912a65888ad45a,article_2835b53159a67447,panasonic-oasys-us-2025,https://news.panasonic.com/global/press/en250108-15,company_press_release,company_origin,"Publisher/type reviewed; cluster denotes claim origin, not independent reporting count",,{}
newscl_2651d807f2b4754a,article_bda16158c0e2de7f,heineken-usopen-2024-cans,https://www.prnewswire.com/news-releases/heineken-0-0-launches-limited-edition-l0vel0ve-cans-in-celebration-of-the-2024-us-open-302222411.html,company_press_release,company_origin,"Publisher/type reviewed; cluster denotes claim origin, not independent reporting count",,{}
newscl_c8c892f74e353509,article_d898cbcf28212d4c,espn-usopen-2024,https://espnpressroom.com/press-release/espns-exclusive-first-ball-to-last-ball-coverage-of-the-2024-us-open-august-26-september-8/,broadcaster_press_release,rights_holder_own_program,"Publisher/type reviewed; cluster denotes claim origin, not independent reporting count",,{}
newscl_06bd9aafd01f90ea,article_6e7d8ee77edcb712,espn-usopen-2025,https://espnpressroom.com/press-release/all-of-the-2025-us-open-all-in-one-place/,broadcaster_press_release,rights_holder_own_program,"Publisher/type reviewed; cluster denotes claim origin, not independent reporting count",,{}
