link_id,article_id,entity_table,entity_id,relation,claim,valid_at,source_id,extra_json,missing_reasons_json
nl_19b7b129235e5c55,article_ff00773374ceb4b1,event_editions,evt_21898dbf1363b872,edition_coverage,,,src_ff00773374ceb4b1,,"{""claim"":""not_found_in_consulted_sources"",""valid_at"":""not_found_in_consulted_sources""}"
nl_45bef85b1189f040,article_06982e2d4e4c2477,event_editions,evt_21898dbf1363b872,edition_coverage,,,src_06982e2d4e4c2477,,"{""claim"":""not_found_in_consulted_sources"",""valid_at"":""not_found_in_consulted_sources""}"
nl_cc49ee2bf1b7e402,article_311ea18834954a5d,event_editions,evt_759f4e16a0895098,edition_coverage,,,src_311ea18834954a5d,,"{""claim"":""not_found_in_consulted_sources"",""valid_at"":""not_found_in_consulted_sources""}"
nl_a4a2cbe88cef38f8,article_99a9f9bee6c4a549,event_editions,evt_759f4e16a0895098,edition_coverage,,,src_99a9f9bee6c4a549,,"{""claim"":""not_found_in_consulted_sources"",""valid_at"":""not_found_in_consulted_sources""}"
nl_4069bb0ac9d2f1d0,article_9a47566ff16e2fde,event_editions,evt_343acf413406c0f7,edition_coverage,,,src_9a47566ff16e2fde,,"{""claim"":""not_found_in_consulted_sources"",""valid_at"":""not_found_in_consulted_sources""}"
nl_830767ca70a3fb0c,article_6ff156810b5a70a2,event_editions,evt_343acf413406c0f7,edition_coverage,,,src_6ff156810b5a70a2,,"{""claim"":""not_found_in_consulted_sources"",""valid_at"":""not_found_in_consulted_sources""}"
nl_0e8cf8669b289f6d,article_9f2fa9e6c5cbf6df,event_editions,evt_343acf413406c0f7,edition_coverage,,,src_9f2fa9e6c5cbf6df,,"{""claim"":""not_found_in_consulted_sources"",""valid_at"":""not_found_in_consulted_sources""}"
nl_e4d959768e650865,article_9f2fa9e6c5cbf6df,event_editions,evt_10393e173aeae756,edition_coverage,,,src_9f2fa9e6c5cbf6df,,"{""claim"":""not_found_in_consulted_sources"",""valid_at"":""not_found_in_consulted_sources""}"
nl_9c42097e31760473,article_9f2fa9e6c5cbf6df,event_editions,evt_eb0f0a2edae7eb88,edition_coverage,,,src_9f2fa9e6c5cbf6df,,"{""claim"":""not_found_in_consulted_sources"",""valid_at"":""not_found_in_consulted_sources""}"
nl_9a2681d6d79ffb7c,article_0f987c466489f8cf,event_editions,evt_343acf413406c0f7,edition_coverage,,,src_0f987c466489f8cf,,"{""claim"":""not_found_in_consulted_sources"",""valid_at"":""not_found_in_consulted_sources""}"
nl_ea9d8412d78456c6,article_0f987c466489f8cf,event_editions,evt_bceea7bddb93b01d,edition_coverage,,,src_0f987c466489f8cf,,"{""claim"":""not_found_in_consulted_sources"",""valid_at"":""not_found_in_consulted_sources""}"
nl_1fec156e8a6b9011,article_b1fb9876e8e68608,event_editions,evt_343acf413406c0f7,edition_coverage,,,src_b1fb9876e8e68608,,"{""claim"":""not_found_in_consulted_sources"",""valid_at"":""not_found_in_consulted_sources""}"
nl_a08a4afce8183b9e,article_b1fb9876e8e68608,event_editions,evt_bceea7bddb93b01d,edition_coverage,,,src_b1fb9876e8e68608,,"{""claim"":""not_found_in_consulted_sources"",""valid_at"":""not_found_in_consulted_sources""}"
nl_8dfb72230b9076d6,article_a443d248ec4ed629,event_editions,evt_347ceac6d8bd6531,edition_coverage,,,src_a443d248ec4ed629,,"{""claim"":""not_found_in_consulted_sources"",""valid_at"":""not_found_in_consulted_sources""}"
nl_ac5a3137745ef2c5,article_a443d248ec4ed629,event_editions,evt_884aefcea84103a6,edition_coverage,,,src_a443d248ec4ed629,,"{""claim"":""not_found_in_consulted_sources"",""valid_at"":""not_found_in_consulted_sources""}"
nl_6997a77fdd889f0f,article_519b56d5716234b3,event_editions,evt_347ceac6d8bd6531,edition_coverage,,,src_519b56d5716234b3,,"{""claim"":""not_found_in_consulted_sources"",""valid_at"":""not_found_in_consulted_sources""}"
nl_2ebd91e08434d7c5,article_519b56d5716234b3,event_editions,evt_884aefcea84103a6,edition_coverage,,,src_519b56d5716234b3,,"{""claim"":""not_found_in_consulted_sources"",""valid_at"":""not_found_in_consulted_sources""}"
nl_098a824d4c96ae81,article_5b3aaf225da19b11,event_editions,evt_347ceac6d8bd6531,edition_coverage,,,src_5b3aaf225da19b11,,"{""claim"":""not_found_in_consulted_sources"",""valid_at"":""not_found_in_consulted_sources""}"
nl_2b269c50665880b2,article_5b3aaf225da19b11,event_editions,evt_884aefcea84103a6,edition_coverage,,,src_5b3aaf225da19b11,,"{""claim"":""not_found_in_consulted_sources"",""valid_at"":""not_found_in_consulted_sources""}"
nl_a9968e2720ee6a19,article_5db1e48415dabd48,event_editions,evt_347ceac6d8bd6531,edition_coverage,,,src_5db1e48415dabd48,,"{""claim"":""not_found_in_consulted_sources"",""valid_at"":""not_found_in_consulted_sources""}"
nl_87a816811eef4d1d,article_970eb9b4db022219,event_editions,evt_347ceac6d8bd6531,edition_coverage,,,src_970eb9b4db022219,,"{""claim"":""not_found_in_consulted_sources"",""valid_at"":""not_found_in_consulted_sources""}"
nl_a37207c8e719b3a2,article_970eb9b4db022219,event_editions,evt_884aefcea84103a6,edition_coverage,,,src_970eb9b4db022219,,"{""claim"":""not_found_in_consulted_sources"",""valid_at"":""not_found_in_consulted_sources""}"
nl_804660a65152a8ae,article_47b38ab569239339,event_editions,evt_347ceac6d8bd6531,edition_coverage,,,src_47b38ab569239339,,"{""claim"":""not_found_in_consulted_sources"",""valid_at"":""not_found_in_consulted_sources""}"
nl_3f5d689dbdb6ca55,article_47b38ab569239339,event_editions,evt_884aefcea84103a6,edition_coverage,,,src_47b38ab569239339,,"{""claim"":""not_found_in_consulted_sources"",""valid_at"":""not_found_in_consulted_sources""}"
nl_12aaee78643b0779,article_ecbbb3171e4acf77,event_editions,evt_0d891407e0719cd2,edition_coverage,,,src_ecbbb3171e4acf77,,"{""claim"":""not_found_in_consulted_sources"",""valid_at"":""not_found_in_consulted_sources""}"
nl_b38393686001bb0f,article_2b0968fbcfb8e2f9,event_editions,evt_f3d0ef12f9fe682a,edition_coverage,,,src_2b0968fbcfb8e2f9,,"{""claim"":""not_found_in_consulted_sources"",""valid_at"":""not_found_in_consulted_sources""}"
nl_23eaf118b21ef074,article_2835b53159a67447,event_editions,evt_0d891407e0719cd2,edition_coverage,,,src_2835b53159a67447,,"{""claim"":""not_found_in_consulted_sources"",""valid_at"":""not_found_in_consulted_sources""}"
nl_d1c5e0cfd7f9861c,article_bda16158c0e2de7f,event_editions,evt_10393e173aeae756,edition_coverage,,,src_bda16158c0e2de7f,,"{""claim"":""not_found_in_consulted_sources"",""valid_at"":""not_found_in_consulted_sources""}"
nl_e253b0c162b54940,article_d898cbcf28212d4c,event_editions,evt_10393e173aeae756,edition_coverage,,,src_d898cbcf28212d4c,,"{""claim"":""not_found_in_consulted_sources"",""valid_at"":""not_found_in_consulted_sources""}"
nl_485a2a20c19d18c1,article_6e7d8ee77edcb712,event_editions,evt_eb0f0a2edae7eb88,edition_coverage,,,src_6e7d8ee77edcb712,,"{""claim"":""not_found_in_consulted_sources"",""valid_at"":""not_found_in_consulted_sources""}"
