listing_id,edition_id,platform,native_id,url,first_observed,last_observed,status,source_id,extra_json,missing_reasons_json
listing_d172426bd26db354,evt_c078cb6a5cfce95b,luma,,https://luma.com/n392htif,2026-09-28,2026-09-28,opened_and_read,src_428ea3c8a8bf12ab,,"{""native_id"":""not_found_in_consulted_sources""}"
listing_7c8c5c1fa9533cdf,evt_0cb6c7d0ff466716,luma,,https://luma.com/epoch,2026-09-28,2026-09-28,opened_and_read,src_8b1eecd3abdb841b,,"{""native_id"":""not_found_in_consulted_sources""}"
listing_1fccb0e671335822,evt_c2e6aefe4194efa9,luma,,https://luma.com/rw5es9nz?locale=pt,2026-09-28,2026-09-28,opened_and_read,src_45d9487cab564c74,,"{""native_id"":""not_found_in_consulted_sources""}"
listing_de7c93c916e311b6,evt_368f4c51b8b56af0,other,,https://www.sympla.com.br/evento/linguagem-memoria-e-patrimonios-comuns/3176621,2026-09-28,2026-09-28,linked_from_opened_primary_source,src_58604941463b6a6d,,"{""native_id"":""not_found_in_consulted_sources""}"
listing_d5ff86009afe9ff5,evt_b7ba26b3823a131c,eventbrite,,https://withinsight-may-2023.eventbrite.com,2026-09-28,2026-09-28,linked_from_opened_primary_source,src_7e187f2742ce2834,,"{""native_id"":""not_found_in_consulted_sources""}"
listing_1119574f9f813b25,evt_07e3a7d5ae9630e6,partiful,,https://partiful.com/e/vQdEZ4uHPQmaOAYSBDZp,2026-09-28,2026-09-28,linked_from_opened_primary_source,src_3c4e950e03d9e562,,"{""native_id"":""not_found_in_consulted_sources""}"
listing_c7a27e2a59e9451f,evt_e87a4888a41331bd,partiful,,https://partiful.com/e/YMto1O8nSh6w0IFrfoS3,2026-09-28,2026-09-28,linked_from_opened_primary_source,src_145f8158115fa0ae,,"{""native_id"":""not_found_in_consulted_sources""}"
listing_2989f4c97b77ae05,evt_3c489ff25ffaa1e2,partiful,,https://partiful.com/e/ukFpgmlahnNC4IwkEy1e,2026-09-28,2026-09-28,linked_from_opened_primary_source,src_4fe40bcdbd7225ed,,"{""native_id"":""not_found_in_consulted_sources""}"
listing_0027d688834e793e,evt_096b6bfc996e453a,partiful,,https://partiful.com/e/PMhSYKo12OPh0uqjLolb,2026-09-28,2026-09-28,linked_from_opened_primary_source,src_573d802885cac588,,"{""native_id"":""not_found_in_consulted_sources""}"
listing_410a7780f7660e8b,evt_6fcffac1537250da,partiful,,https://partiful.com/e/PMhSYKo12OPh0uqjLolb,2026-09-28,2026-09-28,linked_from_opened_primary_source,src_573d802885cac588,,"{""native_id"":""not_found_in_consulted_sources""}"
listing_f3d970659814f89c,evt_67222706ad0bf68e,partiful,,https://partiful.com/e/uM8k02XeZRgsN5jEHyfR,2026-09-28,2026-09-28,linked_from_opened_primary_source,src_c400d1e00215becd,,"{""native_id"":""not_found_in_consulted_sources""}"
