package_id,edition_id,name,amount,currency,unit,benefits,exclusivity,availability,valid_at,source_id,extra_json,missing_reasons_json
pkg_bce4bbaeaa5a9169,evt_095fb499a803def2,Visionary,160000,USD,annual_integrated_PSF_and_PyCon_sponsorship,Programa anual integrado; no precio exclusivo de un evento. Desglose de beneficios por confirmar contra prospecto.,,historical_tariff_not_current_inventory,,src_864a12d7a61ca222,"{""edition_key"":""pycon-us-2026"",""locator"":""p9 package table"",""source_url"":""https://s3.dualstack.us-east-2.amazonaws.com/pythondotorg-assets/media/files/psf_sponsor_prospectus_feb26-compressed.pdf"",""taxes"":null}","{""exclusivity"":""not_found_in_consulted_sources"",""valid_at"":""not_found_in_consulted_sources""}"
pkg_a2a9b09c690fd46a,evt_095fb499a803def2,Sustainability,99000,USD,annual_integrated_PSF_and_PyCon_sponsorship,Programa anual integrado; no precio exclusivo de un evento. Desglose de beneficios por confirmar contra prospecto.,,historical_tariff_not_current_inventory,,src_864a12d7a61ca222,"{""edition_key"":""pycon-us-2026"",""locator"":""p9 package table"",""source_url"":""https://s3.dualstack.us-east-2.amazonaws.com/pythondotorg-assets/media/files/psf_sponsor_prospectus_feb26-compressed.pdf"",""taxes"":null}","{""exclusivity"":""not_found_in_consulted_sources"",""valid_at"":""not_found_in_consulted_sources""}"
pkg_b5e839e433d64c90,evt_095fb499a803def2,Maintaining,65000,USD,annual_integrated_PSF_and_PyCon_sponsorship,Programa anual integrado; no precio exclusivo de un evento. Desglose de beneficios por confirmar contra prospecto.,,historical_tariff_not_current_inventory,,src_864a12d7a61ca222,"{""edition_key"":""pycon-us-2026"",""locator"":""p9 package table"",""source_url"":""https://s3.dualstack.us-east-2.amazonaws.com/pythondotorg-assets/media/files/psf_sponsor_prospectus_feb26-compressed.pdf"",""taxes"":null}","{""exclusivity"":""not_found_in_consulted_sources"",""valid_at"":""not_found_in_consulted_sources""}"
pkg_52f0bb21bbfb9939,evt_095fb499a803def2,Contributing,33500,USD,annual_integrated_PSF_and_PyCon_sponsorship,Programa anual integrado; no precio exclusivo de un evento. Desglose de beneficios por confirmar contra prospecto.,,historical_tariff_not_current_inventory,,src_864a12d7a61ca222,"{""edition_key"":""pycon-us-2026"",""locator"":""p9 package table"",""source_url"":""https://s3.dualstack.us-east-2.amazonaws.com/pythondotorg-assets/media/files/psf_sponsor_prospectus_feb26-compressed.pdf"",""taxes"":null}","{""exclusivity"":""not_found_in_consulted_sources"",""valid_at"":""not_found_in_consulted_sources""}"
pkg_e16fa28ac74ef97b,evt_095fb499a803def2,Supporting,16750,USD,annual_integrated_PSF_and_PyCon_sponsorship,Programa anual integrado; no precio exclusivo de un evento. Desglose de beneficios por confirmar contra prospecto.,,historical_tariff_not_current_inventory,,src_864a12d7a61ca222,"{""edition_key"":""pycon-us-2026"",""locator"":""p9 package table"",""source_url"":""https://s3.dualstack.us-east-2.amazonaws.com/pythondotorg-assets/media/files/psf_sponsor_prospectus_feb26-compressed.pdf"",""taxes"":null}","{""exclusivity"":""not_found_in_consulted_sources"",""valid_at"":""not_found_in_consulted_sources""}"
pkg_7b273829c2bcc238,evt_095fb499a803def2,Partner,11500,USD,annual_integrated_PSF_and_PyCon_sponsorship,Programa anual integrado; no precio exclusivo de un evento. Desglose de beneficios por confirmar contra prospecto.,,historical_tariff_not_current_inventory,,src_864a12d7a61ca222,"{""edition_key"":""pycon-us-2026"",""locator"":""p9 package table"",""source_url"":""https://s3.dualstack.us-east-2.amazonaws.com/pythondotorg-assets/media/files/psf_sponsor_prospectus_feb26-compressed.pdf"",""taxes"":null}","{""exclusivity"":""not_found_in_consulted_sources"",""valid_at"":""not_found_in_consulted_sources""}"
pkg_aadf567bdd263c76,evt_095fb499a803def2,Participating,4250,USD,annual_integrated_PSF_and_PyCon_sponsorship,Programa anual integrado; no precio exclusivo de un evento. Desglose de beneficios por confirmar contra prospecto.,,historical_tariff_not_current_inventory,,src_864a12d7a61ca222,"{""edition_key"":""pycon-us-2026"",""locator"":""p9 package table"",""source_url"":""https://s3.dualstack.us-east-2.amazonaws.com/pythondotorg-assets/media/files/psf_sponsor_prospectus_feb26-compressed.pdf"",""taxes"":null}","{""exclusivity"":""not_found_in_consulted_sources"",""valid_at"":""not_found_in_consulted_sources""}"
pkg_fe2405b0341e7ab8,evt_095fb499a803def2,Associate,1750,USD,annual_integrated_PSF_and_PyCon_sponsorship,Programa anual integrado; no precio exclusivo de un evento. Desglose de beneficios por confirmar contra prospecto.,,historical_tariff_not_current_inventory,,src_864a12d7a61ca222,"{""edition_key"":""pycon-us-2026"",""locator"":""p9 package table"",""source_url"":""https://s3.dualstack.us-east-2.amazonaws.com/pythondotorg-assets/media/files/psf_sponsor_prospectus_feb26-compressed.pdf"",""taxes"":null}","{""exclusivity"":""not_found_in_consulted_sources"",""valid_at"":""not_found_in_consulted_sources""}"
pkg_66fe6060200c522d,evt_095fb499a803def2,AI track lead,75000,USD,track_sponsorship,Patrocinio de track; beneficios exactos requieren confirmación.,,historical_offer,,src_864a12d7a61ca222,"{""edition_key"":""pycon-us-2026"",""locator"":""p7 AI and Security tracks"",""source_url"":""https://s3.dualstack.us-east-2.amazonaws.com/pythondotorg-assets/media/files/psf_sponsor_prospectus_feb26-compressed.pdf""}","{""exclusivity"":""not_found_in_consulted_sources"",""valid_at"":""not_found_in_consulted_sources""}"
pkg_17ab95b4edfcdbab,evt_095fb499a803def2,AI track co-sponsor,50000,USD,track_sponsorship,Patrocinio de track; beneficios exactos requieren confirmación.,,historical_offer_limit_2,,src_864a12d7a61ca222,"{""edition_key"":""pycon-us-2026"",""locator"":""p7 AI and Security tracks"",""source_url"":""https://s3.dualstack.us-east-2.amazonaws.com/pythondotorg-assets/media/files/psf_sponsor_prospectus_feb26-compressed.pdf""}","{""exclusivity"":""not_found_in_consulted_sources"",""valid_at"":""not_found_in_consulted_sources""}"
pkg_df5ca9a5f086e467,evt_095fb499a803def2,Security track lead,45000,USD,track_sponsorship,Patrocinio de track; beneficios exactos requieren confirmación.,,filled_in_document,,src_864a12d7a61ca222,"{""edition_key"":""pycon-us-2026"",""locator"":""p7 AI and Security tracks"",""source_url"":""https://s3.dualstack.us-east-2.amazonaws.com/pythondotorg-assets/media/files/psf_sponsor_prospectus_feb26-compressed.pdf""}","{""exclusivity"":""not_found_in_consulted_sources"",""valid_at"":""not_found_in_consulted_sources""}"
pkg_52048022a08f951d,evt_095fb499a803def2,Security track co-sponsor,25000,USD,track_sponsorship,Patrocinio de track; beneficios exactos requieren confirmación.,,historical_offer_limit_2,,src_864a12d7a61ca222,"{""edition_key"":""pycon-us-2026"",""locator"":""p7 AI and Security tracks"",""source_url"":""https://s3.dualstack.us-east-2.amazonaws.com/pythondotorg-assets/media/files/psf_sponsor_prospectus_feb26-compressed.pdf""}","{""exclusivity"":""not_found_in_consulted_sources"",""valid_at"":""not_found_in_consulted_sources""}"
