case,event_id,title,start_date,country,city,score,components_json,matched_terms_json,source_url,event_url,latitude,longitude,interpretation,missing
clickhouse,evt2_065055ee87185d6879886737,"NextGen Intelligence Conference: Data, Cloud & AI",2026-11-16,United Kingdom,London,85,"{""term_fit"":40,""target_region_scenario"":20,""date_window"":15,""published_event_url"":10,""named_sponsor_evidence"":0}","[""data"",""cloud""]",https://github.com/tech-conferences/conference-data/blob/main/conferences/2026/general.json,https://techaiconf.com,,,research_priority_not_probability_or_ROI,price; availability; verified ICP attendance; current sponsor interest
clickhouse,evt2_5f76ed87f93cc6343ebe634c,CLC,2026-11-11,Germany,Mannheim,65,"{""term_fit"":20,""target_region_scenario"":20,""date_window"":15,""published_event_url"":10,""named_sponsor_evidence"":0}","[""devops""]",https://github.com/tech-conferences/conference-data/blob/main/conferences/2026/devops.json,https://clc-conference.eu/index_en.php,,,research_priority_not_probability_or_ROI,price; availability; verified ICP attendance; current sponsor interest
clickhouse,evt2_062a670c2c4c117a4cf05322,VibeKode Berlin,2026-11-16,Germany,Berlin,65,"{""term_fit"":20,""target_region_scenario"":20,""date_window"":15,""published_event_url"":10,""named_sponsor_evidence"":0}","[""data""]",https://github.com/tech-conferences/conference-data/blob/main/conferences/2026/data.json,https://vibekode.it/berlin,,,research_priority_not_probability_or_ROI,price; availability; verified ICP attendance; current sponsor interest
clickhouse,evt2_20fbc423117eb2dbaefe912a,MLCon Berlin,2026-11-16,Germany,Berlin,65,"{""term_fit"":20,""target_region_scenario"":20,""date_window"":15,""published_event_url"":10,""named_sponsor_evidence"":0}","[""data""]",https://github.com/tech-conferences/conference-data/blob/main/conferences/2026/data.json,https://mlconference.ai/berlin,,,research_priority_not_probability_or_ROI,price; availability; verified ICP attendance; current sponsor interest
clickhouse,evt2_ea979f31184ba4a70306d81c,AI Engineering Summit,2026-11-16,Germany,Berlin,65,"{""term_fit"":20,""target_region_scenario"":20,""date_window"":15,""published_event_url"":10,""named_sponsor_evidence"":0}","[""data""]",https://github.com/tech-conferences/conference-data/blob/main/conferences/2026/data.json,https://ai-engineering-summit.de,,,research_priority_not_probability_or_ROI,price; availability; verified ICP attendance; current sponsor interest
clickhouse,evt2_96cd6764b4f983f2120ad2b7,AI World Congress,2026-11-25,United Kingdom,London,65,"{""term_fit"":20,""target_region_scenario"":20,""date_window"":15,""published_event_url"":10,""named_sponsor_evidence"":0}","[""data""]",https://github.com/tech-conferences/conference-data/blob/main/conferences/2026/data.json,https://aiconference.london,,,research_priority_not_probability_or_ROI,price; availability; verified ICP attendance; current sponsor interest
clickhouse,evt2_0d74249f09e61007a49ddaa6,ESPC,2026-11-30,Netherlands,Amsterdam,65,"{""term_fit"":20,""target_region_scenario"":20,""date_window"":15,""published_event_url"":10,""named_sponsor_evidence"":0}","[""data""]",https://github.com/tech-conferences/conference-data/blob/main/conferences/2026/data.json,https://www.sharepointeurope.com,,,research_priority_not_probability_or_ROI,price; availability; verified ICP attendance; current sponsor interest
clickhouse,evt2_5b2414053cd86cf0d4583b14,DevOpsCon Munich,2026-11-30,Germany,Munich,65,"{""term_fit"":20,""target_region_scenario"":20,""date_window"":15,""published_event_url"":10,""named_sponsor_evidence"":0}","[""devops""]",https://github.com/tech-conferences/conference-data/blob/main/conferences/2026/devops.json,https://devopscon.io/muenchen,,,research_priority_not_probability_or_ROI,price; availability; verified ICP attendance; current sponsor interest
clickhouse,evt2_e6a55a26345d1284c6025617,IT Security Summit Munich,2026-11-30,Germany,Munich,65,"{""term_fit"":20,""target_region_scenario"":20,""date_window"":15,""published_event_url"":10,""named_sponsor_evidence"":0}","[""devops""]",https://github.com/tech-conferences/conference-data/blob/main/conferences/2026/devops.json,https://it-security-summit.com/munich,,,research_priority_not_probability_or_ROI,price; availability; verified ICP attendance; current sponsor interest
clickhouse,evt2_1a8d3ffe27430eeeb209c05f,IT-Tage,2026-12-07,Germany,Frankfurt am Main,65,"{""term_fit"":20,""target_region_scenario"":20,""date_window"":15,""published_event_url"":10,""named_sponsor_evidence"":0}","[""data""]",https://github.com/tech-conferences/conference-data/blob/main/conferences/2026/data.json,https://www.it-tage.org,,,research_priority_not_probability_or_ROI,price; availability; verified ICP attendance; current sponsor interest
