candidate_name,historic_event,date,level,source_url,role_id,interest,commercial_conflict,reason
AWS,PyCon AU 2025,2025-09-12,Sponsors,https://2025.pycon.org.au/sponsor/,role2_4db0335b2a1c3eeba5abc5d5,unknown,needs_customer_review,Published historical sponsor; thematic partnership is an unverified hypothesis
AWS,KubeCon + CloudNativeCon India 2025,2025-08-06,Gold,https://events.linuxfoundation.org/archive/2025/kubecon-cloudnativecon-india/sponsor-list/,role2_25e3d99e344b4b0577043632,unknown,needs_customer_review,Published historical sponsor; thematic partnership is an unverified hypothesis
AWS,KubeCon + CloudNativeCon Japan 2025,2025-06-16,Gold,https://events.linuxfoundation.org/archive/2025/kubecon-cloudnativecon-japan/sponsor-list/,role2_69abdbb3fac54964e0b58539,unknown,needs_customer_review,Published historical sponsor; thematic partnership is an unverified hypothesis
JetBrains,PyCon US 2025,2025-05-14,Contributing,https://us.pycon.org/2025/sponsorship/sponsors/,role_3e7552411e827326,unknown,needs_customer_review,Published historical sponsor; thematic partnership is an unverified hypothesis
JetBrains,PyCon US 2024,2024-05-15,Contributing,https://us.pycon.org/2024/sponsorship/sponsors/,role_6dcfae282aaa517d,unknown,needs_customer_review,Published historical sponsor; thematic partnership is an unverified hypothesis
JetBrains,PyCon US 2023,2023-04-19,Supporting,https://us.pycon.org/2023/sponsorship/sponsors/,role_6969dee36428cf93,unknown,needs_customer_review,Published historical sponsor; thematic partnership is an unverified hypothesis
Red Hat,Fosdem,2026-01-31,Cornerstone sponsors,https://archive.fosdem.org/2026/about/sponsors/,role2_40daf9617fee704ea7ab01dd,unknown,needs_customer_review,Published historical sponsor; thematic partnership is an unverified hypothesis
Red Hat,KubeCon + CloudNativeCon India 2025,2025-08-06,Gold,https://events.linuxfoundation.org/archive/2025/kubecon-cloudnativecon-india/sponsor-list/,role2_f2bad9d4b315352b135affc0,unknown,needs_customer_review,Published historical sponsor; thematic partnership is an unverified hypothesis
Red Hat,KubeCon + CloudNativeCon Japan 2025,2025-06-16,Gold,https://events.linuxfoundation.org/archive/2025/kubecon-cloudnativecon-japan/sponsor-list/,role2_f807065cbb6075f31d49ce44,unknown,needs_customer_review,Published historical sponsor; thematic partnership is an unverified hypothesis
