id,case_id,cutoff,dataset_version,method,parameters_json,model_version,elapsed_ms,measured_cost_usd,billing_status
dev-python-global--keyword_geo_date,dev-python-global,2026-09-28,2026-09-28.v1,keyword_geo_date,"{""history_weight"":0.15,""evidence_weight"":0.05,""profile_weight"":0.8,""weights"":""fixed_before_comparison; uncalibrated""}",none; Python standard library TF-IDF,0.187,0,no_API_call; excludes_machine_and_human_cost
dev-python-global--profile_tfidf,dev-python-global,2026-09-28,2026-09-28.v1,profile_tfidf,"{""history_weight"":0.15,""evidence_weight"":0.05,""profile_weight"":0.8,""weights"":""fixed_before_comparison; uncalibrated""}",none; Python standard library TF-IDF,0.2101,0,no_API_call; excludes_machine_and_human_cost
dev-python-global--profile_history_evidence,dev-python-global,2026-09-28,2026-09-28.v1,profile_history_evidence,"{""history_weight"":0.15,""evidence_weight"":0.05,""profile_weight"":0.8,""weights"":""fixed_before_comparison; uncalibrated""}",none; Python standard library TF-IDF,0.2152,0,no_API_call; excludes_machine_and_human_cost
eval-culture-uk--keyword_geo_date,eval-culture-uk,2026-09-28,2026-09-28.v1,keyword_geo_date,"{""history_weight"":0.15,""evidence_weight"":0.05,""profile_weight"":0.8,""weights"":""fixed_before_comparison; uncalibrated""}",none; Python standard library TF-IDF,0.029,0,no_API_call; excludes_machine_and_human_cost
eval-culture-uk--profile_tfidf,eval-culture-uk,2026-09-28,2026-09-28.v1,profile_tfidf,"{""history_weight"":0.15,""evidence_weight"":0.05,""profile_weight"":0.8,""weights"":""fixed_before_comparison; uncalibrated""}",none; Python standard library TF-IDF,0.0216,0,no_API_call; excludes_machine_and_human_cost
eval-culture-uk--profile_history_evidence,eval-culture-uk,2026-09-28,2026-09-28.v1,profile_history_evidence,"{""history_weight"":0.15,""evidence_weight"":0.05,""profile_weight"":0.8,""weights"":""fixed_before_comparison; uncalibrated""}",none; Python standard library TF-IDF,0.0165,0,no_API_call; excludes_machine_and_human_cost
eval-python-us--keyword_geo_date,eval-python-us,2026-09-28,2026-09-28.v1,keyword_geo_date,"{""history_weight"":0.15,""evidence_weight"":0.05,""profile_weight"":0.8,""weights"":""fixed_before_comparison; uncalibrated""}",none; Python standard library TF-IDF,0.0212,0,no_API_call; excludes_machine_and_human_cost
eval-python-us--profile_tfidf,eval-python-us,2026-09-28,2026-09-28.v1,profile_tfidf,"{""history_weight"":0.15,""evidence_weight"":0.05,""profile_weight"":0.8,""weights"":""fixed_before_comparison; uncalibrated""}",none; Python standard library TF-IDF,0.0178,0,no_API_call; excludes_machine_and_human_cost
eval-python-us--profile_history_evidence,eval-python-us,2026-09-28,2026-09-28.v1,profile_history_evidence,"{""history_weight"":0.15,""evidence_weight"":0.05,""profile_weight"":0.8,""weights"":""fixed_before_comparison; uncalibrated""}",none; Python standard library TF-IDF,0.0148,0,no_API_call; excludes_machine_and_human_cost
