id,evaluation_set,method,baseline,metric,sample_size,value,definition,uncertainty,limitations,measurement_status
scoring_evaluations_1171d95793f08707,dev-python-global,keyword_geo_date,keyword_geo_date,date_country_constraint_violations,31,0,Deterministic date/country prefilter; does not evaluate budget fit,none for predicate; source dates may be stale,synthetic case; no human relevance labels,measured_functional
scoring_evaluations_d7500093a7b0f36e,dev-python-global,profile_tfidf,keyword_geo_date,date_country_constraint_violations,31,0,Deterministic date/country prefilter; does not evaluate budget fit,none for predicate; source dates may be stale,synthetic case; no human relevance labels,measured_functional
scoring_evaluations_fc4e3dacaea85804,dev-python-global,profile_history_evidence,keyword_geo_date,date_country_constraint_violations,31,0,Deterministic date/country prefilter; does not evaluate budget fit,none for predicate; source dates may be stale,synthetic case; no human relevance labels,measured_functional
scoring_evaluations_1a46b03bc270ad7c,dev-python-global,profile_tfidf,keyword_geo_date,top5_set_jaccard,31,0.25,Intersection / union of up to five IDs,deterministic in this snapshot,Ranking change is not relevance improvement,measured_functional
scoring_evaluations_34eeea9f4c314cea,dev-python-global,profile_history_evidence,keyword_geo_date,top5_set_jaccard,31,0.0,Intersection / union of up to five IDs,deterministic in this snapshot,Ranking change is not relevance improvement,measured_functional
scoring_evaluations_3e78d8074035615e,dev-python-global,all,keyword_geo_date,precision_at_5,0,,Relevant human labels / five judged candidates,,No evaluators recruited; no outcome data; no temporal holdout with archival captures,not_measured
scoring_evaluations_d5c3539c05d02951,eval-culture-uk,keyword_geo_date,keyword_geo_date,date_country_constraint_violations,2,0,Deterministic date/country prefilter; does not evaluate budget fit,none for predicate; source dates may be stale,synthetic case; no human relevance labels,measured_functional
scoring_evaluations_c78551db676ff919,eval-culture-uk,profile_tfidf,keyword_geo_date,date_country_constraint_violations,2,0,Deterministic date/country prefilter; does not evaluate budget fit,none for predicate; source dates may be stale,synthetic case; no human relevance labels,measured_functional
scoring_evaluations_cffc754aa6a5c748,eval-culture-uk,profile_history_evidence,keyword_geo_date,date_country_constraint_violations,2,0,Deterministic date/country prefilter; does not evaluate budget fit,none for predicate; source dates may be stale,synthetic case; no human relevance labels,measured_functional
scoring_evaluations_9b7f9b16064f5555,eval-culture-uk,profile_tfidf,keyword_geo_date,top5_set_jaccard,2,1.0,Intersection / union of up to five IDs,deterministic in this snapshot,Ranking change is not relevance improvement,measured_functional
scoring_evaluations_fdcc5674b0f5b58d,eval-culture-uk,profile_history_evidence,keyword_geo_date,top5_set_jaccard,2,1.0,Intersection / union of up to five IDs,deterministic in this snapshot,Ranking change is not relevance improvement,measured_functional
scoring_evaluations_36f9363245b3f4c6,eval-culture-uk,all,keyword_geo_date,precision_at_5,0,,Relevant human labels / five judged candidates,,No evaluators recruited; no outcome data; no temporal holdout with archival captures,not_measured
scoring_evaluations_bfc052d48f2f92ab,eval-python-us,keyword_geo_date,keyword_geo_date,date_country_constraint_violations,2,0,Deterministic date/country prefilter; does not evaluate budget fit,none for predicate; source dates may be stale,synthetic case; no human relevance labels,measured_functional
scoring_evaluations_86ceabf8ec6a5c3b,eval-python-us,profile_tfidf,keyword_geo_date,date_country_constraint_violations,2,0,Deterministic date/country prefilter; does not evaluate budget fit,none for predicate; source dates may be stale,synthetic case; no human relevance labels,measured_functional
scoring_evaluations_9fa719cfcb59fe45,eval-python-us,profile_history_evidence,keyword_geo_date,date_country_constraint_violations,2,0,Deterministic date/country prefilter; does not evaluate budget fit,none for predicate; source dates may be stale,synthetic case; no human relevance labels,measured_functional
scoring_evaluations_faf216804b5f021b,eval-python-us,profile_tfidf,keyword_geo_date,top5_set_jaccard,2,1.0,Intersection / union of up to five IDs,deterministic in this snapshot,Ranking change is not relevance improvement,measured_functional
scoring_evaluations_fe49794cea0a9f40,eval-python-us,profile_history_evidence,keyword_geo_date,top5_set_jaccard,2,1.0,Intersection / union of up to five IDs,deterministic in this snapshot,Ranking change is not relevance improvement,measured_functional
scoring_evaluations_6ec9031da27e9a02,eval-python-us,all,keyword_geo_date,precision_at_5,0,,Relevant human labels / five judged candidates,,No evaluators recruited; no outcome data; no temporal holdout with archival captures,not_measured
