id,company_id,series_id,previous_event_id,next_event_id,previous_level,next_level,classification,coverage_basis,method,version,input_ids_json,cutoff
sponsorship_renewals_d507666e6e81d491,co_0fb9765e58d296e5,ser_90abdbe8763dea01,evt_20ccee0b7a792a00,evt_dd36adad3729b7b4,Visionary,Visionary,repeat_presence_observed; contract_renewal_unknown,year_specific_pages_observed_now; no_negative_inference,same canonical company and series in two observed editions,1,"[""role_f4cab4d88615c241"",""role_5c1c5cf4c40f4d82""]",2026-09-28
sponsorship_renewals_dbec155dd34e1156,co_0fb9765e58d296e5,ser_90abdbe8763dea01,evt_dd36adad3729b7b4,evt_1fc974874ad3a13f,Visionary,Visionary,repeat_presence_observed; contract_renewal_unknown,year_specific_pages_observed_now; no_negative_inference,same canonical company and series in two observed editions,1,"[""role_5c1c5cf4c40f4d82"",""role_4bb560aa282b676c""]",2026-09-28
sponsorship_renewals_dbfa431e045758b2,co_0fb9765e58d296e5,ser_90abdbe8763dea01,evt_1fc974874ad3a13f,evt_ec56dad6b0f54653,Visionary,Visionary,repeat_presence_observed; contract_renewal_unknown,year_specific_pages_observed_now; no_negative_inference,same canonical company and series in two observed editions,1,"[""role_4bb560aa282b676c"",""role_65fec8dd52bbb1e7""]",2026-09-28
sponsorship_renewals_01809b6dbf0afec0,co_ea3bd73e2b506e00,ser_90abdbe8763dea01,evt_20ccee0b7a792a00,evt_dd36adad3729b7b4,Visionary,Visionary,repeat_presence_observed; contract_renewal_unknown,year_specific_pages_observed_now; no_negative_inference,same canonical company and series in two observed editions,1,"[""role_d571807a4c17d17f"",""role_0e974ba8ef8f4aa1""]",2026-09-28
sponsorship_renewals_7faa6f3a2190d4db,co_ea3bd73e2b506e00,ser_90abdbe8763dea01,evt_dd36adad3729b7b4,evt_1fc974874ad3a13f,Visionary,Visionary,repeat_presence_observed; contract_renewal_unknown,year_specific_pages_observed_now; no_negative_inference,same canonical company and series in two observed editions,1,"[""role_0e974ba8ef8f4aa1"",""role_fd2947ad6d9666db""]",2026-09-28
sponsorship_renewals_ad032f8da36fd3da,co_ea3bd73e2b506e00,ser_90abdbe8763dea01,evt_1fc974874ad3a13f,evt_ec56dad6b0f54653,Visionary,Visionary,repeat_presence_observed; contract_renewal_unknown,year_specific_pages_observed_now; no_negative_inference,same canonical company and series in two observed editions,1,"[""role_fd2947ad6d9666db"",""role_b50c363da8916701""]",2026-09-28
sponsorship_renewals_973c5deaf71cbd34,co_bbdefa2950f49882,ser_90abdbe8763dea01,evt_20ccee0b7a792a00,evt_dd36adad3729b7b4,Visionary,Visionary,repeat_presence_observed; contract_renewal_unknown,year_specific_pages_observed_now; no_negative_inference,same canonical company and series in two observed editions,1,"[""role_9825e8c2ca2d478c"",""role_819c0af9793c1541""]",2026-09-28
sponsorship_renewals_2ebf975ca515c805,co_bbdefa2950f49882,ser_90abdbe8763dea01,evt_dd36adad3729b7b4,evt_1fc974874ad3a13f,Visionary,Visionary,repeat_presence_observed; contract_renewal_unknown,year_specific_pages_observed_now; no_negative_inference,same canonical company and series in two observed editions,1,"[""role_819c0af9793c1541"",""role_e21c75297c9dc871""]",2026-09-28
sponsorship_renewals_6429ce3562262494,co_bbdefa2950f49882,ser_90abdbe8763dea01,evt_1fc974874ad3a13f,evt_ec56dad6b0f54653,Visionary,Visionary,repeat_presence_observed; contract_renewal_unknown,year_specific_pages_observed_now; no_negative_inference,same canonical company and series in two observed editions,1,"[""role_e21c75297c9dc871"",""role_351df5b6450e601f""]",2026-09-28
sponsorship_renewals_e282f85b27de8684,co_9fbf261b62c1d7c0,ser_90abdbe8763dea01,evt_20ccee0b7a792a00,evt_dd36adad3729b7b4,Sustainability,Sustainability,repeat_presence_observed; contract_renewal_unknown,year_specific_pages_observed_now; no_negative_inference,same canonical company and series in two observed editions,1,"[""role_869d9b15a8b30118"",""role_0cbb72354c95ae37""]",2026-09-28
sponsorship_renewals_ed4de3b950e543f0,co_9fbf261b62c1d7c0,ser_90abdbe8763dea01,evt_dd36adad3729b7b4,evt_1fc974874ad3a13f,Sustainability,Sustainability,repeat_presence_observed; contract_renewal_unknown,year_specific_pages_observed_now; no_negative_inference,same canonical company and series in two observed editions,1,"[""role_0cbb72354c95ae37"",""role_742fe9b34e28a3bd""]",2026-09-28
sponsorship_renewals_7950423b430ae97d,co_9fbf261b62c1d7c0,ser_90abdbe8763dea01,evt_1fc974874ad3a13f,evt_ec56dad6b0f54653,Sustainability,Sustainability,repeat_presence_observed; contract_renewal_unknown,year_specific_pages_observed_now; no_negative_inference,same canonical company and series in two observed editions,1,"[""role_742fe9b34e28a3bd"",""role_8bc4e66f05d84116""]",2026-09-28
sponsorship_renewals_6e2f46d33095c0a4,co_8d4321d936320802,ser_90abdbe8763dea01,evt_20ccee0b7a792a00,evt_dd36adad3729b7b4,Sustainability,Sustainability,repeat_presence_observed; contract_renewal_unknown,year_specific_pages_observed_now; no_negative_inference,same canonical company and series in two observed editions,1,"[""role_83500aa115d9b6d6"",""role_6fda499776056f3b""]",2026-09-28
sponsorship_renewals_496178bc1e3032a4,co_8d4321d936320802,ser_90abdbe8763dea01,evt_dd36adad3729b7b4,evt_1fc974874ad3a13f,Sustainability,Visionary,repeat_presence_observed; contract_renewal_unknown,year_specific_pages_observed_now; no_negative_inference,same canonical company and series in two observed editions,1,"[""role_6fda499776056f3b"",""role_227df471ec8482ec""]",2026-09-28
sponsorship_renewals_70c14f9d8077b897,co_8d4321d936320802,ser_90abdbe8763dea01,evt_1fc974874ad3a13f,evt_ec56dad6b0f54653,Visionary,Visionary,repeat_presence_observed; contract_renewal_unknown,year_specific_pages_observed_now; no_negative_inference,same canonical company and series in two observed editions,1,"[""role_227df471ec8482ec"",""role_f0b1d8f25ea29a0f""]",2026-09-28
sponsorship_renewals_beff197eeb4f96e9,co_7d1507284a5757ca,ser_90abdbe8763dea01,evt_20ccee0b7a792a00,evt_dd36adad3729b7b4,Sustainability,Maintaining,repeat_presence_observed; contract_renewal_unknown,year_specific_pages_observed_now; no_negative_inference,same canonical company and series in two observed editions,1,"[""role_bc16a057a2f55815"",""role_688710357a26208d""]",2026-09-28
sponsorship_renewals_39fb9ddf02353de2,co_7d1507284a5757ca,ser_90abdbe8763dea01,evt_dd36adad3729b7b4,evt_1fc974874ad3a13f,Maintaining,Maintaining,repeat_presence_observed; contract_renewal_unknown,year_specific_pages_observed_now; no_negative_inference,same canonical company and series in two observed editions,1,"[""role_688710357a26208d"",""role_998aaa743d3b1c24""]",2026-09-28
sponsorship_renewals_94fafcb71a7aad17,co_7d1507284a5757ca,ser_90abdbe8763dea01,evt_1fc974874ad3a13f,evt_ec56dad6b0f54653,Maintaining,Maintaining,repeat_presence_observed; contract_renewal_unknown,year_specific_pages_observed_now; no_negative_inference,same canonical company and series in two observed editions,1,"[""role_998aaa743d3b1c24"",""role_aefe0c63d526d180""]",2026-09-28
sponsorship_renewals_d1fca3c50b8f5bf4,co_67b51232d90eef07,ser_90abdbe8763dea01,evt_20ccee0b7a792a00,evt_dd36adad3729b7b4,Maintaining,Maintaining,repeat_presence_observed; contract_renewal_unknown,year_specific_pages_observed_now; no_negative_inference,same canonical company and series in two observed editions,1,"[""role_d4540e233d319304"",""role_ca5911b7c9440540""]",2026-09-28
sponsorship_renewals_0f1fd2b7a3587bea,co_67b51232d90eef07,ser_90abdbe8763dea01,evt_dd36adad3729b7b4,evt_1fc974874ad3a13f,Maintaining,Maintaining,repeat_presence_observed; contract_renewal_unknown,year_specific_pages_observed_now; no_negative_inference,same canonical company and series in two observed editions,1,"[""role_ca5911b7c9440540"",""role_67042ff381c0bc82""]",2026-09-28
sponsorship_renewals_a75166d1f3e66699,co_67b51232d90eef07,ser_90abdbe8763dea01,evt_1fc974874ad3a13f,evt_ec56dad6b0f54653,Maintaining,Maintaining,repeat_presence_observed; contract_renewal_unknown,year_specific_pages_observed_now; no_negative_inference,same canonical company and series in two observed editions,1,"[""role_67042ff381c0bc82"",""role_7f09a2eaf2270b05""]",2026-09-28
sponsorship_renewals_765cfb75b194a458,co_d888a3e4ea95d404,ser_90abdbe8763dea01,evt_20ccee0b7a792a00,evt_dd36adad3729b7b4,Maintaining,Maintaining,repeat_presence_observed; contract_renewal_unknown,year_specific_pages_observed_now; no_negative_inference,same canonical company and series in two observed editions,1,"[""role_92c7373e1adf6307"",""role_29f1591833dc7af7""]",2026-09-28
sponsorship_renewals_4fdbca17d40ed190,co_d888a3e4ea95d404,ser_90abdbe8763dea01,evt_dd36adad3729b7b4,evt_1fc974874ad3a13f,Maintaining,Contributing,repeat_presence_observed; contract_renewal_unknown,year_specific_pages_observed_now; no_negative_inference,same canonical company and series in two observed editions,1,"[""role_29f1591833dc7af7"",""role_aaad42d7d437413f""]",2026-09-28
sponsorship_renewals_813870c1368290cf,co_d888a3e4ea95d404,ser_90abdbe8763dea01,evt_1fc974874ad3a13f,evt_ec56dad6b0f54653,Contributing,Contributing,repeat_presence_observed; contract_renewal_unknown,year_specific_pages_observed_now; no_negative_inference,same canonical company and series in two observed editions,1,"[""role_aaad42d7d437413f"",""role_e78b898ff8729f5b""]",2026-09-28
sponsorship_renewals_153cea021c4b3d13,co_fee6fd0cc1707a18,ser_90abdbe8763dea01,evt_20ccee0b7a792a00,evt_dd36adad3729b7b4,Maintaining,Maintaining,repeat_presence_observed; contract_renewal_unknown,year_specific_pages_observed_now; no_negative_inference,same canonical company and series in two observed editions,1,"[""role_fe8eb96167490992"",""role_b3eb1265a9e9fa44""]",2026-09-28
sponsorship_renewals_3158c23d9195e6ae,co_fee6fd0cc1707a18,ser_90abdbe8763dea01,evt_dd36adad3729b7b4,evt_1fc974874ad3a13f,Maintaining,Sustainability,repeat_presence_observed; contract_renewal_unknown,year_specific_pages_observed_now; no_negative_inference,same canonical company and series in two observed editions,1,"[""role_b3eb1265a9e9fa44"",""role_a6745db1e395a787""]",2026-09-28
sponsorship_renewals_c2f1afd65179c0db,co_fee6fd0cc1707a18,ser_90abdbe8763dea01,evt_1fc974874ad3a13f,evt_ec56dad6b0f54653,Sustainability,Supporting,repeat_presence_observed; contract_renewal_unknown,year_specific_pages_observed_now; no_negative_inference,same canonical company and series in two observed editions,1,"[""role_a6745db1e395a787"",""role_6ccefc1d87ab0fd8""]",2026-09-28
sponsorship_renewals_93b583a1ba89037e,co_6f348ef7bc564637,ser_90abdbe8763dea01,evt_20ccee0b7a792a00,evt_dd36adad3729b7b4,Maintaining,Maintaining,repeat_presence_observed; contract_renewal_unknown,year_specific_pages_observed_now; no_negative_inference,same canonical company and series in two observed editions,1,"[""role_99ff137df7715ba1"",""role_a8797c46a363ab76""]",2026-09-28
sponsorship_renewals_5aede1ed3f92f355,co_6f348ef7bc564637,ser_90abdbe8763dea01,evt_dd36adad3729b7b4,evt_1fc974874ad3a13f,Maintaining,Maintaining,repeat_presence_observed; contract_renewal_unknown,year_specific_pages_observed_now; no_negative_inference,same canonical company and series in two observed editions,1,"[""role_a8797c46a363ab76"",""role_f90ee7531363b170""]",2026-09-28
sponsorship_renewals_d9a85172bf23936c,co_6f348ef7bc564637,ser_90abdbe8763dea01,evt_1fc974874ad3a13f,evt_ec56dad6b0f54653,Maintaining,Maintaining,repeat_presence_observed; contract_renewal_unknown,year_specific_pages_observed_now; no_negative_inference,same canonical company and series in two observed editions,1,"[""role_f90ee7531363b170"",""role_ca737924e7a61ba9""]",2026-09-28
sponsorship_renewals_d92699504aa8ffc7,co_c4fe98345289633c,ser_90abdbe8763dea01,evt_20ccee0b7a792a00,evt_dd36adad3729b7b4,Contributing,Contributing,repeat_presence_observed; contract_renewal_unknown,year_specific_pages_observed_now; no_negative_inference,same canonical company and series in two observed editions,1,"[""role_6e8310086868a331"",""role_05d8c1ab8588980f""]",2026-09-28
sponsorship_renewals_f1240984c0ff3568,co_9f8230c43ce398d6,ser_90abdbe8763dea01,evt_20ccee0b7a792a00,evt_ec56dad6b0f54653,Contributing,Partner,repeat_presence_observed; contract_renewal_unknown,year_specific_pages_observed_now; no_negative_inference,same canonical company and series in two observed editions,1,"[""role_71a65878254c773b"",""role_28412b22a457d0fe""]",2026-09-28
sponsorship_renewals_b73d25bc252a9be2,co_7606c4cbaae85d2d,ser_90abdbe8763dea01,evt_20ccee0b7a792a00,evt_dd36adad3729b7b4,Contributing,Contributing,repeat_presence_observed; contract_renewal_unknown,year_specific_pages_observed_now; no_negative_inference,same canonical company and series in two observed editions,1,"[""role_6ba64ab8a21106d8"",""role_a138513e8fb30581""]",2026-09-28
sponsorship_renewals_a69a1e39c5a8512b,co_7606c4cbaae85d2d,ser_90abdbe8763dea01,evt_dd36adad3729b7b4,evt_1fc974874ad3a13f,Contributing,Supporting,repeat_presence_observed; contract_renewal_unknown,year_specific_pages_observed_now; no_negative_inference,same canonical company and series in two observed editions,1,"[""role_a138513e8fb30581"",""role_5824f2f1a2a50d4e""]",2026-09-28
sponsorship_renewals_3d20834d3a3ebb34,co_7606c4cbaae85d2d,ser_90abdbe8763dea01,evt_1fc974874ad3a13f,evt_ec56dad6b0f54653,Supporting,Contributing,repeat_presence_observed; contract_renewal_unknown,year_specific_pages_observed_now; no_negative_inference,same canonical company and series in two observed editions,1,"[""role_5824f2f1a2a50d4e"",""role_95e628cd52be7ba1""]",2026-09-28
sponsorship_renewals_54741e16407a6b9f,co_c9a2dcb05123781d,ser_90abdbe8763dea01,evt_20ccee0b7a792a00,evt_1fc974874ad3a13f,Contributing,Partner,repeat_presence_observed; contract_renewal_unknown,year_specific_pages_observed_now; no_negative_inference,same canonical company and series in two observed editions,1,"[""role_8db811776d4932c6"",""role_cf312aeefbaab039""]",2026-09-28
sponsorship_renewals_1c4f202ec7fd3cdc,co_c9a2dcb05123781d,ser_90abdbe8763dea01,evt_1fc974874ad3a13f,evt_ec56dad6b0f54653,Partner,Partner,repeat_presence_observed; contract_renewal_unknown,year_specific_pages_observed_now; no_negative_inference,same canonical company and series in two observed editions,1,"[""role_cf312aeefbaab039"",""role_3508037c240b1fbe""]",2026-09-28
sponsorship_renewals_132d1a11fcb9d5eb,co_8dfe5e6cf73b1d6b,ser_90abdbe8763dea01,evt_20ccee0b7a792a00,evt_dd36adad3729b7b4,Contributing,Contributing,repeat_presence_observed; contract_renewal_unknown,year_specific_pages_observed_now; no_negative_inference,same canonical company and series in two observed editions,1,"[""role_7e1e67be55a3de13"",""role_36945fef73c8568a""]",2026-09-28
sponsorship_renewals_32d5724e52ac6e63,co_8dfe5e6cf73b1d6b,ser_90abdbe8763dea01,evt_dd36adad3729b7b4,evt_1fc974874ad3a13f,Contributing,Maintaining,repeat_presence_observed; contract_renewal_unknown,year_specific_pages_observed_now; no_negative_inference,same canonical company and series in two observed editions,1,"[""role_36945fef73c8568a"",""role_c83c5984f2bddded""]",2026-09-28
sponsorship_renewals_78a7cf00106ab72a,co_8dfe5e6cf73b1d6b,ser_90abdbe8763dea01,evt_1fc974874ad3a13f,evt_ec56dad6b0f54653,Maintaining,Maintaining,repeat_presence_observed; contract_renewal_unknown,year_specific_pages_observed_now; no_negative_inference,same canonical company and series in two observed editions,1,"[""role_c83c5984f2bddded"",""role_afb2e83b4efa1d2c""]",2026-09-28
sponsorship_renewals_16c60f24e938e70b,co_50cfd89765d6d5dd,ser_90abdbe8763dea01,evt_20ccee0b7a792a00,evt_dd36adad3729b7b4,Supporting,Supporting,repeat_presence_observed; contract_renewal_unknown,year_specific_pages_observed_now; no_negative_inference,same canonical company and series in two observed editions,1,"[""role_777ed1b7fda0ab19"",""role_ff9b1d52634b3c5d""]",2026-09-28
sponsorship_renewals_1feb0a8d047a2ec7,co_50cfd89765d6d5dd,ser_90abdbe8763dea01,evt_dd36adad3729b7b4,evt_1fc974874ad3a13f,Supporting,Supporting,repeat_presence_observed; contract_renewal_unknown,year_specific_pages_observed_now; no_negative_inference,same canonical company and series in two observed editions,1,"[""role_ff9b1d52634b3c5d"",""role_6aece9df72160d29""]",2026-09-28
sponsorship_renewals_5a29516e0d97626c,co_5a1ad84a47ec210d,ser_90abdbe8763dea01,evt_20ccee0b7a792a00,evt_dd36adad3729b7b4,Supporting,Partner,repeat_presence_observed; contract_renewal_unknown,year_specific_pages_observed_now; no_negative_inference,same canonical company and series in two observed editions,1,"[""role_1ce1b487095febca"",""role_672f38625b8b8cca""]",2026-09-28
sponsorship_renewals_ca0168b8b71b06c6,co_5a1ad84a47ec210d,ser_90abdbe8763dea01,evt_dd36adad3729b7b4,evt_1fc974874ad3a13f,Partner,Partner,repeat_presence_observed; contract_renewal_unknown,year_specific_pages_observed_now; no_negative_inference,same canonical company and series in two observed editions,1,"[""role_672f38625b8b8cca"",""role_5af3a1ad6bdf8de0""]",2026-09-28
sponsorship_renewals_6f70de5ec6c80cfb,co_5a1ad84a47ec210d,ser_90abdbe8763dea01,evt_1fc974874ad3a13f,evt_ec56dad6b0f54653,Partner,Partner,repeat_presence_observed; contract_renewal_unknown,year_specific_pages_observed_now; no_negative_inference,same canonical company and series in two observed editions,1,"[""role_5af3a1ad6bdf8de0"",""role_fc801e610d5372ea""]",2026-09-28
sponsorship_renewals_bbda822651740da4,co_6c2949a5b9698d22,ser_90abdbe8763dea01,evt_20ccee0b7a792a00,evt_dd36adad3729b7b4,Supporting,Supporting,repeat_presence_observed; contract_renewal_unknown,year_specific_pages_observed_now; no_negative_inference,same canonical company and series in two observed editions,1,"[""role_923508602155e6b0"",""role_6969dee36428cf93""]",2026-09-28
sponsorship_renewals_846341797db6e4bc,co_6c2949a5b9698d22,ser_90abdbe8763dea01,evt_dd36adad3729b7b4,evt_1fc974874ad3a13f,Supporting,Contributing,repeat_presence_observed; contract_renewal_unknown,year_specific_pages_observed_now; no_negative_inference,same canonical company and series in two observed editions,1,"[""role_6969dee36428cf93"",""role_6dcfae282aaa517d""]",2026-09-28
sponsorship_renewals_20c54a8c227679d4,co_6c2949a5b9698d22,ser_90abdbe8763dea01,evt_1fc974874ad3a13f,evt_ec56dad6b0f54653,Contributing,Contributing,repeat_presence_observed; contract_renewal_unknown,year_specific_pages_observed_now; no_negative_inference,same canonical company and series in two observed editions,1,"[""role_6dcfae282aaa517d"",""role_3e7552411e827326""]",2026-09-28
sponsorship_renewals_9f598bb6c5418c54,co_99c090636aa0f68a,ser_90abdbe8763dea01,evt_20ccee0b7a792a00,evt_dd36adad3729b7b4,Supporting,Contributing,repeat_presence_observed; contract_renewal_unknown,year_specific_pages_observed_now; no_negative_inference,same canonical company and series in two observed editions,1,"[""role_e0e6847fc58954bf"",""role_3e255c080c678505""]",2026-09-28
sponsorship_renewals_ca3a3cac8f84107f,co_99c090636aa0f68a,ser_90abdbe8763dea01,evt_dd36adad3729b7b4,evt_1fc974874ad3a13f,Contributing,Contributing,repeat_presence_observed; contract_renewal_unknown,year_specific_pages_observed_now; no_negative_inference,same canonical company and series in two observed editions,1,"[""role_3e255c080c678505"",""role_a4b36e8ff53fd09c""]",2026-09-28
sponsorship_renewals_102ad10a250e82ac,co_99c090636aa0f68a,ser_90abdbe8763dea01,evt_1fc974874ad3a13f,evt_ec56dad6b0f54653,Contributing,Contributing,repeat_presence_observed; contract_renewal_unknown,year_specific_pages_observed_now; no_negative_inference,same canonical company and series in two observed editions,1,"[""role_a4b36e8ff53fd09c"",""role_64395ff793902b73""]",2026-09-28
sponsorship_renewals_447e0d418e03d0f0,co_9202af6ce925b26a,ser_90abdbe8763dea01,evt_20ccee0b7a792a00,evt_1fc974874ad3a13f,Supporting,Supporting,repeat_presence_observed; contract_renewal_unknown,year_specific_pages_observed_now; no_negative_inference,same canonical company and series in two observed editions,1,"[""role_34ae856cc75399ec"",""role_83159f6f1f4beca1""]",2026-09-28
sponsorship_renewals_51f9ff1f798f1f8b,co_0cf6855c1a3c323b,ser_90abdbe8763dea01,evt_20ccee0b7a792a00,evt_dd36adad3729b7b4,Supporting,Supporting,repeat_presence_observed; contract_renewal_unknown,year_specific_pages_observed_now; no_negative_inference,same canonical company and series in two observed editions,1,"[""role_3f68763f9d8e849b"",""role_e877efec8a657649""]",2026-09-28
sponsorship_renewals_fa51094b6e5ab411,co_0cf6855c1a3c323b,ser_90abdbe8763dea01,evt_dd36adad3729b7b4,evt_1fc974874ad3a13f,Supporting,Supporting,repeat_presence_observed; contract_renewal_unknown,year_specific_pages_observed_now; no_negative_inference,same canonical company and series in two observed editions,1,"[""role_e877efec8a657649"",""role_85de6c015dc8e97c""]",2026-09-28
sponsorship_renewals_37d10ed95e627dcf,co_0cf6855c1a3c323b,ser_90abdbe8763dea01,evt_1fc974874ad3a13f,evt_ec56dad6b0f54653,Supporting,Supporting,repeat_presence_observed; contract_renewal_unknown,year_specific_pages_observed_now; no_negative_inference,same canonical company and series in two observed editions,1,"[""role_85de6c015dc8e97c"",""role_65810e7043fdc825""]",2026-09-28
sponsorship_renewals_5d18c0e9d7b84b44,co_472e893c30310a7b,ser_90abdbe8763dea01,evt_20ccee0b7a792a00,evt_dd36adad3729b7b4,Supporting,Supporting,repeat_presence_observed; contract_renewal_unknown,year_specific_pages_observed_now; no_negative_inference,same canonical company and series in two observed editions,1,"[""role_014527820157a15d"",""role_b596bb682a0da1af""]",2026-09-28
sponsorship_renewals_a46756cbecc66e8f,co_f8532933789406dc,ser_90abdbe8763dea01,evt_20ccee0b7a792a00,evt_dd36adad3729b7b4,Supporting,Partner,repeat_presence_observed; contract_renewal_unknown,year_specific_pages_observed_now; no_negative_inference,same canonical company and series in two observed editions,1,"[""role_236746ec5bf953e6"",""role_c7e37c5ad0cf0e83""]",2026-09-28
sponsorship_renewals_b0c81e258a20edff,co_737e91b03ee3cfc5,ser_90abdbe8763dea01,evt_20ccee0b7a792a00,evt_dd36adad3729b7b4,Supporting,Supporting,repeat_presence_observed; contract_renewal_unknown,year_specific_pages_observed_now; no_negative_inference,same canonical company and series in two observed editions,1,"[""role_07bfd1aa9a8d16ec"",""role_2ee0ed35cea271fd""]",2026-09-28
sponsorship_renewals_a55f15ae555b5dd0,co_1706716bb5eebbe2,ser_90abdbe8763dea01,evt_20ccee0b7a792a00,evt_dd36adad3729b7b4,Partner,Partner,repeat_presence_observed; contract_renewal_unknown,year_specific_pages_observed_now; no_negative_inference,same canonical company and series in two observed editions,1,"[""role_b9f930f7df4b5ac7"",""role_d5e1350f5ab21f65""]",2026-09-28
sponsorship_renewals_580981bdb50998d8,co_de5a1adf4fedcce1,ser_90abdbe8763dea01,evt_20ccee0b7a792a00,evt_dd36adad3729b7b4,Partner,Partner,repeat_presence_observed; contract_renewal_unknown,year_specific_pages_observed_now; no_negative_inference,same canonical company and series in two observed editions,1,"[""role_b74125d9a3a14d04"",""role_fdccab4ee498bc52""]",2026-09-28
sponsorship_renewals_8b2b3b6570b99588,co_de5a1adf4fedcce1,ser_90abdbe8763dea01,evt_dd36adad3729b7b4,evt_ec56dad6b0f54653,Partner,Maintaining,repeat_presence_observed; contract_renewal_unknown,year_specific_pages_observed_now; no_negative_inference,same canonical company and series in two observed editions,1,"[""role_fdccab4ee498bc52"",""role_097e31c42d5dc3e1""]",2026-09-28
sponsorship_renewals_e6dc29982d2de41f,co_7ba99a119580a884,ser_90abdbe8763dea01,evt_20ccee0b7a792a00,evt_dd36adad3729b7b4,Partner,Partner,repeat_presence_observed; contract_renewal_unknown,year_specific_pages_observed_now; no_negative_inference,same canonical company and series in two observed editions,1,"[""role_17e7b927ab3a15f0"",""role_0a060b59d6b30826""]",2026-09-28
sponsorship_renewals_c00c349d14dced4b,co_7ba99a119580a884,ser_90abdbe8763dea01,evt_dd36adad3729b7b4,evt_1fc974874ad3a13f,Partner,Participating,repeat_presence_observed; contract_renewal_unknown,year_specific_pages_observed_now; no_negative_inference,same canonical company and series in two observed editions,1,"[""role_0a060b59d6b30826"",""role_e5fb79eda0be0f8e""]",2026-09-28
sponsorship_renewals_0cb30f7ab8e8c5b6,co_986051385feae5b9,ser_90abdbe8763dea01,evt_20ccee0b7a792a00,evt_dd36adad3729b7b4,Partner,Partner,repeat_presence_observed; contract_renewal_unknown,year_specific_pages_observed_now; no_negative_inference,same canonical company and series in two observed editions,1,"[""role_564ebd894cd9e03c"",""role_fb6900edd7e7954c""]",2026-09-28
sponsorship_renewals_9caaf047d0a779dd,co_986051385feae5b9,ser_90abdbe8763dea01,evt_dd36adad3729b7b4,evt_1fc974874ad3a13f,Partner,Partner,repeat_presence_observed; contract_renewal_unknown,year_specific_pages_observed_now; no_negative_inference,same canonical company and series in two observed editions,1,"[""role_fb6900edd7e7954c"",""role_accebe28ea7eb89a""]",2026-09-28
sponsorship_renewals_710a406def07b1f6,co_19dd31ffd7bb951a,ser_90abdbe8763dea01,evt_20ccee0b7a792a00,evt_dd36adad3729b7b4,Partner,Participating,repeat_presence_observed; contract_renewal_unknown,year_specific_pages_observed_now; no_negative_inference,same canonical company and series in two observed editions,1,"[""role_d8246246b910f382"",""role_f3e6a1e9414e4cdb""]",2026-09-28
sponsorship_renewals_5687266f7cac771a,co_19dd31ffd7bb951a,ser_90abdbe8763dea01,evt_dd36adad3729b7b4,evt_1fc974874ad3a13f,Participating,Participating,repeat_presence_observed; contract_renewal_unknown,year_specific_pages_observed_now; no_negative_inference,same canonical company and series in two observed editions,1,"[""role_f3e6a1e9414e4cdb"",""role_36b627942074603b""]",2026-09-28
sponsorship_renewals_4310d627afc16bd0,co_4458f786505ab7bb,ser_90abdbe8763dea01,evt_20ccee0b7a792a00,evt_dd36adad3729b7b4,Partner,Contributing,repeat_presence_observed; contract_renewal_unknown,year_specific_pages_observed_now; no_negative_inference,same canonical company and series in two observed editions,1,"[""role_134fe73bd7ff768f"",""role_9052b55e57310a45""]",2026-09-28
sponsorship_renewals_2841cf4f2130c4a7,co_c723ccd1e1a6eb20,ser_90abdbe8763dea01,evt_20ccee0b7a792a00,evt_dd36adad3729b7b4,Partner,Participating,repeat_presence_observed; contract_renewal_unknown,year_specific_pages_observed_now; no_negative_inference,same canonical company and series in two observed editions,1,"[""role_6b5cbce46506ca49"",""role_c57c0787e6330f2e""]",2026-09-28
sponsorship_renewals_26c97c499b511ecd,co_1d772ffb5ed5f970,ser_90abdbe8763dea01,evt_20ccee0b7a792a00,evt_dd36adad3729b7b4,Partner,Partner,repeat_presence_observed; contract_renewal_unknown,year_specific_pages_observed_now; no_negative_inference,same canonical company and series in two observed editions,1,"[""role_a9727ffc484cc950"",""role_e1d5df9b2c7a5fca""]",2026-09-28
sponsorship_renewals_209fa532bb8419b8,co_50bc66d8aae5ae90,ser_90abdbe8763dea01,evt_20ccee0b7a792a00,evt_dd36adad3729b7b4,Partner,Partner,repeat_presence_observed; contract_renewal_unknown,year_specific_pages_observed_now; no_negative_inference,same canonical company and series in two observed editions,1,"[""role_94271b40caa009d7"",""role_9edb612c0c161c6a""]",2026-09-28
sponsorship_renewals_9a6039a3786dbb4d,co_50bc66d8aae5ae90,ser_90abdbe8763dea01,evt_dd36adad3729b7b4,evt_1fc974874ad3a13f,Partner,Partner,repeat_presence_observed; contract_renewal_unknown,year_specific_pages_observed_now; no_negative_inference,same canonical company and series in two observed editions,1,"[""role_9edb612c0c161c6a"",""role_021ccb6e0072c519""]",2026-09-28
sponsorship_renewals_485ff603fd441166,co_50bc66d8aae5ae90,ser_90abdbe8763dea01,evt_1fc974874ad3a13f,evt_ec56dad6b0f54653,Partner,Partner,repeat_presence_observed; contract_renewal_unknown,year_specific_pages_observed_now; no_negative_inference,same canonical company and series in two observed editions,1,"[""role_021ccb6e0072c519"",""role_3897c94822bf2920""]",2026-09-28
sponsorship_renewals_cb14f82acaba6bbe,co_d9082bdcf7eaf584,ser_90abdbe8763dea01,evt_20ccee0b7a792a00,evt_dd36adad3729b7b4,Partner,Partner,repeat_presence_observed; contract_renewal_unknown,year_specific_pages_observed_now; no_negative_inference,same canonical company and series in two observed editions,1,"[""role_fb40b212219c32bc"",""role_2e91f7fc6371ea50""]",2026-09-28
sponsorship_renewals_6b3b31f32e97dbc3,co_93d59962b06d8e0f,ser_90abdbe8763dea01,evt_20ccee0b7a792a00,evt_dd36adad3729b7b4,Partner,Partner,repeat_presence_observed; contract_renewal_unknown,year_specific_pages_observed_now; no_negative_inference,same canonical company and series in two observed editions,1,"[""role_c7b72860f0f3077b"",""role_9c8e5278bf55cfbe""]",2026-09-28
sponsorship_renewals_b95399c9077c2220,co_93d59962b06d8e0f,ser_90abdbe8763dea01,evt_dd36adad3729b7b4,evt_1fc974874ad3a13f,Partner,Partner,repeat_presence_observed; contract_renewal_unknown,year_specific_pages_observed_now; no_negative_inference,same canonical company and series in two observed editions,1,"[""role_9c8e5278bf55cfbe"",""role_e75b8f37046faf8e""]",2026-09-28
sponsorship_renewals_f90a47863bd7b315,co_93d59962b06d8e0f,ser_90abdbe8763dea01,evt_1fc974874ad3a13f,evt_ec56dad6b0f54653,Partner,Partner,repeat_presence_observed; contract_renewal_unknown,year_specific_pages_observed_now; no_negative_inference,same canonical company and series in two observed editions,1,"[""role_e75b8f37046faf8e"",""role_a191402022207665""]",2026-09-28
sponsorship_renewals_f64a7dff469a0dc8,co_2d6c9f56bae05223,ser_90abdbe8763dea01,evt_20ccee0b7a792a00,evt_dd36adad3729b7b4,Participating,Participating,repeat_presence_observed; contract_renewal_unknown,year_specific_pages_observed_now; no_negative_inference,same canonical company and series in two observed editions,1,"[""role_53bf15685722100f"",""role_3722b850acb8624c""]",2026-09-28
sponsorship_renewals_b2bc83fb1b215042,co_1e86eae524ed28f9,ser_90abdbe8763dea01,evt_20ccee0b7a792a00,evt_dd36adad3729b7b4,Participating,Participating,repeat_presence_observed; contract_renewal_unknown,year_specific_pages_observed_now; no_negative_inference,same canonical company and series in two observed editions,1,"[""role_07f17c02f7acd42b"",""role_39b4e9caf6430200""]",2026-09-28
sponsorship_renewals_2038c547f73943f6,co_1e86eae524ed28f9,ser_90abdbe8763dea01,evt_dd36adad3729b7b4,evt_1fc974874ad3a13f,Participating,Participating,repeat_presence_observed; contract_renewal_unknown,year_specific_pages_observed_now; no_negative_inference,same canonical company and series in two observed editions,1,"[""role_39b4e9caf6430200"",""role_6ac33165da481251""]",2026-09-28
sponsorship_renewals_d27732161d53018e,co_1e86eae524ed28f9,ser_90abdbe8763dea01,evt_1fc974874ad3a13f,evt_ec56dad6b0f54653,Participating,Associate,repeat_presence_observed; contract_renewal_unknown,year_specific_pages_observed_now; no_negative_inference,same canonical company and series in two observed editions,1,"[""role_6ac33165da481251"",""role_e2a5537618171cbb""]",2026-09-28
sponsorship_renewals_f11fe57e5fa091fb,co_13ed070478ef62c3,ser_90abdbe8763dea01,evt_20ccee0b7a792a00,evt_dd36adad3729b7b4,Participating,Participating,repeat_presence_observed; contract_renewal_unknown,year_specific_pages_observed_now; no_negative_inference,same canonical company and series in two observed editions,1,"[""role_bc8c1510f790aa25"",""role_915d9cf4dc36cb79""]",2026-09-28
sponsorship_renewals_07b6cde571af795c,co_13ed070478ef62c3,ser_90abdbe8763dea01,evt_dd36adad3729b7b4,evt_1fc974874ad3a13f,Participating,Participating,repeat_presence_observed; contract_renewal_unknown,year_specific_pages_observed_now; no_negative_inference,same canonical company and series in two observed editions,1,"[""role_915d9cf4dc36cb79"",""role_1c5269b9e4f7e00f""]",2026-09-28
sponsorship_renewals_c27139a564ef66b6,co_13ed070478ef62c3,ser_90abdbe8763dea01,evt_1fc974874ad3a13f,evt_ec56dad6b0f54653,Participating,Participating,repeat_presence_observed; contract_renewal_unknown,year_specific_pages_observed_now; no_negative_inference,same canonical company and series in two observed editions,1,"[""role_1c5269b9e4f7e00f"",""role_3ee00edd5c732c60""]",2026-09-28
sponsorship_renewals_6caf3364eca997f2,co_f96e1cd338ed25c1,ser_90abdbe8763dea01,evt_20ccee0b7a792a00,evt_dd36adad3729b7b4,Participating,Participating,repeat_presence_observed; contract_renewal_unknown,year_specific_pages_observed_now; no_negative_inference,same canonical company and series in two observed editions,1,"[""role_938980fc9677fb97"",""role_1bc735b0b6a87d19""]",2026-09-28
sponsorship_renewals_6aeb850fc4bb565e,co_89d01c9ba73cb5c4,ser_90abdbe8763dea01,evt_20ccee0b7a792a00,evt_1fc974874ad3a13f,Participating,Partner,repeat_presence_observed; contract_renewal_unknown,year_specific_pages_observed_now; no_negative_inference,same canonical company and series in two observed editions,1,"[""role_b8930c42995ccf5d"",""role_c5bf1bbb6b4859ee""]",2026-09-28
sponsorship_renewals_88b14aae2b2e0859,co_c629c048fbb93653,ser_90abdbe8763dea01,evt_20ccee0b7a792a00,evt_dd36adad3729b7b4,Participating,Participating,repeat_presence_observed; contract_renewal_unknown,year_specific_pages_observed_now; no_negative_inference,same canonical company and series in two observed editions,1,"[""role_fe1ef2802315d6e8"",""role_7b5b69a5db962ebe""]",2026-09-28
sponsorship_renewals_379efb87ac12baf9,co_c629c048fbb93653,ser_90abdbe8763dea01,evt_dd36adad3729b7b4,evt_1fc974874ad3a13f,Participating,Participating,repeat_presence_observed; contract_renewal_unknown,year_specific_pages_observed_now; no_negative_inference,same canonical company and series in two observed editions,1,"[""role_7b5b69a5db962ebe"",""role_0dcdbe9964eed7dc""]",2026-09-28
sponsorship_renewals_869eb34fc07a1745,co_c629c048fbb93653,ser_90abdbe8763dea01,evt_1fc974874ad3a13f,evt_ec56dad6b0f54653,Participating,Participating,repeat_presence_observed; contract_renewal_unknown,year_specific_pages_observed_now; no_negative_inference,same canonical company and series in two observed editions,1,"[""role_0dcdbe9964eed7dc"",""role_d1239a331e4be771""]",2026-09-28
sponsorship_renewals_1459f38fb5eec536,co_1dd7fa803674c56e,ser_90abdbe8763dea01,evt_20ccee0b7a792a00,evt_dd36adad3729b7b4,Associate,Associate,repeat_presence_observed; contract_renewal_unknown,year_specific_pages_observed_now; no_negative_inference,same canonical company and series in two observed editions,1,"[""role_c139bc2db53dc25e"",""role_b40f81ca1130ddc7""]",2026-09-28
sponsorship_renewals_3b15944b3f4d565e,co_067e837f5e319f9b,ser_90abdbe8763dea01,evt_20ccee0b7a792a00,evt_dd36adad3729b7b4,Associate,Associate,repeat_presence_observed; contract_renewal_unknown,year_specific_pages_observed_now; no_negative_inference,same canonical company and series in two observed editions,1,"[""role_f97dd8075b0d0c52"",""role_21e506d49290d266""]",2026-09-28
sponsorship_renewals_6f6be4359b4a57f2,co_031ac995a40ff061,ser_90abdbe8763dea01,evt_20ccee0b7a792a00,evt_dd36adad3729b7b4,Associate,Partner,repeat_presence_observed; contract_renewal_unknown,year_specific_pages_observed_now; no_negative_inference,same canonical company and series in two observed editions,1,"[""role_ec3d21504393983e"",""role_fd0c80ae4a4d1ab0""]",2026-09-28
sponsorship_renewals_da8e7c911be1e2d9,co_332668ef885f84aa,ser_90abdbe8763dea01,evt_20ccee0b7a792a00,evt_dd36adad3729b7b4,Associate,Associate,repeat_presence_observed; contract_renewal_unknown,year_specific_pages_observed_now; no_negative_inference,same canonical company and series in two observed editions,1,"[""role_259061bcc44a2047"",""role_4e282001860241b3""]",2026-09-28
sponsorship_renewals_4e6401b9d61a684a,co_bb3ff901cf098794,ser_90abdbe8763dea01,evt_20ccee0b7a792a00,evt_dd36adad3729b7b4,Associate,Associate,repeat_presence_observed; contract_renewal_unknown,year_specific_pages_observed_now; no_negative_inference,same canonical company and series in two observed editions,1,"[""role_41cebc9cd3e833df"",""role_4abdde6340fbb6be""]",2026-09-28
sponsorship_renewals_a76ee0ac336d4572,co_bb3ff901cf098794,ser_90abdbe8763dea01,evt_dd36adad3729b7b4,evt_1fc974874ad3a13f,Associate,Associate,repeat_presence_observed; contract_renewal_unknown,year_specific_pages_observed_now; no_negative_inference,same canonical company and series in two observed editions,1,"[""role_4abdde6340fbb6be"",""role_0480dfffd8cfbdcf""]",2026-09-28
sponsorship_renewals_a0a1bdf1e718741b,co_bb3ff901cf098794,ser_90abdbe8763dea01,evt_1fc974874ad3a13f,evt_ec56dad6b0f54653,Associate,Associate,repeat_presence_observed; contract_renewal_unknown,year_specific_pages_observed_now; no_negative_inference,same canonical company and series in two observed editions,1,"[""role_0480dfffd8cfbdcf"",""role_ab8bf726c5dca2b6""]",2026-09-28
sponsorship_renewals_3ff94b518e4afbb9,co_fff54f474949593e,ser_90abdbe8763dea01,evt_dd36adad3729b7b4,evt_1fc974874ad3a13f,Supporting,Supporting,repeat_presence_observed; contract_renewal_unknown,year_specific_pages_observed_now; no_negative_inference,same canonical company and series in two observed editions,1,"[""role_3dc7b19e481367c9"",""role_1b07d092d5190962""]",2026-09-28
sponsorship_renewals_e544d0207a7ed4b0,co_fff54f474949593e,ser_90abdbe8763dea01,evt_1fc974874ad3a13f,evt_ec56dad6b0f54653,Supporting,Supporting,repeat_presence_observed; contract_renewal_unknown,year_specific_pages_observed_now; no_negative_inference,same canonical company and series in two observed editions,1,"[""role_1b07d092d5190962"",""role_13792c8a704f6daf""]",2026-09-28
sponsorship_renewals_fbb93ebffd37046f,co_71cb02ed8285bbc0,ser_90abdbe8763dea01,evt_dd36adad3729b7b4,evt_1fc974874ad3a13f,Supporting,Supporting,repeat_presence_observed; contract_renewal_unknown,year_specific_pages_observed_now; no_negative_inference,same canonical company and series in two observed editions,1,"[""role_2e41ce8cfb08db4e"",""role_140e89fd921d9afa""]",2026-09-28
sponsorship_renewals_efbea87c1993052b,co_e4540a7c8404b1be,ser_90abdbe8763dea01,evt_dd36adad3729b7b4,evt_1fc974874ad3a13f,Partner,Partner,repeat_presence_observed; contract_renewal_unknown,year_specific_pages_observed_now; no_negative_inference,same canonical company and series in two observed editions,1,"[""role_07afdc1a4ff05ca5"",""role_612de4661024722f""]",2026-09-28
sponsorship_renewals_46cc1db787be5f28,co_e4540a7c8404b1be,ser_90abdbe8763dea01,evt_1fc974874ad3a13f,evt_ec56dad6b0f54653,Partner,Partner,repeat_presence_observed; contract_renewal_unknown,year_specific_pages_observed_now; no_negative_inference,same canonical company and series in two observed editions,1,"[""role_612de4661024722f"",""role_02d580bbed374603""]",2026-09-28
sponsorship_renewals_dfac1b1e98437731,co_e25481764d2dd413,ser_90abdbe8763dea01,evt_dd36adad3729b7b4,evt_1fc974874ad3a13f,Partner,Partner,repeat_presence_observed; contract_renewal_unknown,year_specific_pages_observed_now; no_negative_inference,same canonical company and series in two observed editions,1,"[""role_84e957e42349a7f8"",""role_1480135b83acbb18""]",2026-09-28
sponsorship_renewals_344296a9b7d741cc,co_4d8bd97f03109ac1,ser_90abdbe8763dea01,evt_dd36adad3729b7b4,evt_1fc974874ad3a13f,Partner,Partner,repeat_presence_observed; contract_renewal_unknown,year_specific_pages_observed_now; no_negative_inference,same canonical company and series in two observed editions,1,"[""role_0ba5e739998965b9"",""role_b9c69d32dd4394fb""]",2026-09-28
sponsorship_renewals_c64144378c156954,co_4d8bd97f03109ac1,ser_90abdbe8763dea01,evt_1fc974874ad3a13f,evt_ec56dad6b0f54653,Partner,Partner,repeat_presence_observed; contract_renewal_unknown,year_specific_pages_observed_now; no_negative_inference,same canonical company and series in two observed editions,1,"[""role_b9c69d32dd4394fb"",""role_ba4be58b20b97ecf""]",2026-09-28
sponsorship_renewals_cd7156c77ecbf416,co_a6158572ac986721,ser_90abdbe8763dea01,evt_dd36adad3729b7b4,evt_1fc974874ad3a13f,Partner,Partner,repeat_presence_observed; contract_renewal_unknown,year_specific_pages_observed_now; no_negative_inference,same canonical company and series in two observed editions,1,"[""role_aa243aae0cf3c6bb"",""role_009d03d293e0c5ab""]",2026-09-28
sponsorship_renewals_72f6d18f75005c83,co_a6158572ac986721,ser_90abdbe8763dea01,evt_1fc974874ad3a13f,evt_ec56dad6b0f54653,Partner,Participating,repeat_presence_observed; contract_renewal_unknown,year_specific_pages_observed_now; no_negative_inference,same canonical company and series in two observed editions,1,"[""role_009d03d293e0c5ab"",""role_877b0cee14a5886c""]",2026-09-28
sponsorship_renewals_a969727d4debde1d,co_bffa48eb238c593b,ser_90abdbe8763dea01,evt_dd36adad3729b7b4,evt_1fc974874ad3a13f,Participating,Participating,repeat_presence_observed; contract_renewal_unknown,year_specific_pages_observed_now; no_negative_inference,same canonical company and series in two observed editions,1,"[""role_99cabacf507cc654"",""role_2be4c5f0ef4f2a1b""]",2026-09-28
sponsorship_renewals_22af184103d74812,co_bffa48eb238c593b,ser_90abdbe8763dea01,evt_1fc974874ad3a13f,evt_ec56dad6b0f54653,Participating,Participating,repeat_presence_observed; contract_renewal_unknown,year_specific_pages_observed_now; no_negative_inference,same canonical company and series in two observed editions,1,"[""role_2be4c5f0ef4f2a1b"",""role_b7455c39b73bffca""]",2026-09-28
sponsorship_renewals_6c5b792e14f3a257,co_b17a3bcc21f120a7,ser_90abdbe8763dea01,evt_dd36adad3729b7b4,evt_1fc974874ad3a13f,Associate,Associate,repeat_presence_observed; contract_renewal_unknown,year_specific_pages_observed_now; no_negative_inference,same canonical company and series in two observed editions,1,"[""role_b6aea50a946b9461"",""role_cdcbf8370f2e89b4""]",2026-09-28
sponsorship_renewals_f18639b41a3415e2,co_5a0732b8ea1c3aad,ser_90abdbe8763dea01,evt_dd36adad3729b7b4,evt_1fc974874ad3a13f,Standalone Only,Standalone Only,repeat_presence_observed; contract_renewal_unknown,year_specific_pages_observed_now; no_negative_inference,same canonical company and series in two observed editions,1,"[""role_644afdec839b5970"",""role_52487479a9224d27""]",2026-09-28
sponsorship_renewals_2ecf82e266f63ac7,co_f68ae76006d5e2a5,ser_90abdbe8763dea01,evt_dd36adad3729b7b4,evt_1fc974874ad3a13f,Standalone Only,Standalone Only,repeat_presence_observed; contract_renewal_unknown,year_specific_pages_observed_now; no_negative_inference,same canonical company and series in two observed editions,1,"[""role_574945527127e162"",""role_772c2cbb7e31ee0e""]",2026-09-28
sponsorship_renewals_f2720cf1465b049b,co_f68ae76006d5e2a5,ser_90abdbe8763dea01,evt_1fc974874ad3a13f,evt_ec56dad6b0f54653,Standalone Only,Standalone Only,repeat_presence_observed; contract_renewal_unknown,year_specific_pages_observed_now; no_negative_inference,same canonical company and series in two observed editions,1,"[""role_772c2cbb7e31ee0e"",""role_ebf96a01b403c2f7""]",2026-09-28
sponsorship_renewals_64383af65d7bb8de,co_0f214b80de91c060,ser_90abdbe8763dea01,evt_1fc974874ad3a13f,evt_ec56dad6b0f54653,Visionary,Visionary,repeat_presence_observed; contract_renewal_unknown,year_specific_pages_observed_now; no_negative_inference,same canonical company and series in two observed editions,1,"[""role_bbd23958bda7e90a"",""role_865cf62732c1c268""]",2026-09-28
sponsorship_renewals_a0f4d38d81a12e3f,co_4202df23a0dc9b38,ser_90abdbe8763dea01,evt_1fc974874ad3a13f,evt_ec56dad6b0f54653,Maintaining,Contributing,repeat_presence_observed; contract_renewal_unknown,year_specific_pages_observed_now; no_negative_inference,same canonical company and series in two observed editions,1,"[""role_844f656cb38e236e"",""role_2af25e9622f35d90""]",2026-09-28
sponsorship_renewals_47b34d848df06612,co_066b5b5ad80702e1,ser_90abdbe8763dea01,evt_1fc974874ad3a13f,evt_ec56dad6b0f54653,Maintaining,Maintaining,repeat_presence_observed; contract_renewal_unknown,year_specific_pages_observed_now; no_negative_inference,same canonical company and series in two observed editions,1,"[""role_4504f24791c8277b"",""role_c5844e9cc61a93a9""]",2026-09-28
sponsorship_renewals_f7592240132e2e4f,co_1cc9a79bdaf09793,ser_90abdbe8763dea01,evt_1fc974874ad3a13f,evt_ec56dad6b0f54653,Maintaining,Maintaining,repeat_presence_observed; contract_renewal_unknown,year_specific_pages_observed_now; no_negative_inference,same canonical company and series in two observed editions,1,"[""role_8a508b6002060df8"",""role_354dcc16f931b97a""]",2026-09-28
sponsorship_renewals_740a510a26ae4259,co_df8e966c94469b23,ser_90abdbe8763dea01,evt_1fc974874ad3a13f,evt_ec56dad6b0f54653,Supporting,Supporting,repeat_presence_observed; contract_renewal_unknown,year_specific_pages_observed_now; no_negative_inference,same canonical company and series in two observed editions,1,"[""role_39c7a81c858cd607"",""role_6fd13830f1650117""]",2026-09-28
sponsorship_renewals_bf32ab404f4eff8e,co_307bc6d73f16c336,ser_90abdbe8763dea01,evt_1fc974874ad3a13f,evt_ec56dad6b0f54653,Supporting,Contributing,repeat_presence_observed; contract_renewal_unknown,year_specific_pages_observed_now; no_negative_inference,same canonical company and series in two observed editions,1,"[""role_5fc0abc6100fabd5"",""role_880fc5f9d43fdd0d""]",2026-09-28
sponsorship_renewals_6f9fce78e41e7ab3,co_2f9bbb1bdf86d55d,ser_90abdbe8763dea01,evt_1fc974874ad3a13f,evt_ec56dad6b0f54653,Partner,Partner,repeat_presence_observed; contract_renewal_unknown,year_specific_pages_observed_now; no_negative_inference,same canonical company and series in two observed editions,1,"[""role_0970c73996bb7e53"",""role_cc57d2ddff220291""]",2026-09-28
sponsorship_renewals_bab47d2c8e8a13c4,co_cdc00f6c62a542af,ser_90abdbe8763dea01,evt_1fc974874ad3a13f,evt_ec56dad6b0f54653,Partner,Supporting,repeat_presence_observed; contract_renewal_unknown,year_specific_pages_observed_now; no_negative_inference,same canonical company and series in two observed editions,1,"[""role_2795abad56eaeb36"",""role_968901da539bcade""]",2026-09-28
sponsorship_renewals_d3cf93320fcfd2ae,co_2e9f768344ff39ac,ser_90abdbe8763dea01,evt_1fc974874ad3a13f,evt_ec56dad6b0f54653,Participating,Participating,repeat_presence_observed; contract_renewal_unknown,year_specific_pages_observed_now; no_negative_inference,same canonical company and series in two observed editions,1,"[""role_81ce24390d02dd24"",""role_3ef82dd66ce236ee""]",2026-09-28
sponsorship_renewals_3666d6e918f50c9a,co_ddcaff469655adca,ser_b3b2f406610a9f31,evt_53fb9701a6a908e5,evt_4c0cf41806407c37,Global Lead Partner,Global Lead Partner,repeat_presence_observed; contract_renewal_unknown,year_specific_pages_observed_now; no_negative_inference,same canonical company and series in two observed editions,1,"[""role_099b2d401dd7c473"",""role_4d3e2c96554601f7""]",2026-09-28
sponsorship_renewals_27ad35c4bad19644,co_ddcaff469655adca,ser_b3b2f406610a9f31,evt_4c0cf41806407c37,evt_3fd86574b40703fe,Global Lead Partner,Patrocinador / colaboración de 22 años,repeat_presence_observed; contract_renewal_unknown,year_specific_pages_observed_now; no_negative_inference,same canonical company and series in two observed editions,1,"[""role_4d3e2c96554601f7"",""role_855658f37b4e9235""]",2026-09-28
sponsorship_renewals_6a31960c75305480,co_ddcaff469655adca,ser_b3b2f406610a9f31,evt_3fd86574b40703fe,evt_d4fe659e50c08239,Patrocinador / colaboración de 22 años,Global Lead Partner,repeat_presence_observed; contract_renewal_unknown,year_specific_pages_observed_now; no_negative_inference,same canonical company and series in two observed editions,1,"[""role_855658f37b4e9235"",""role_abcf06faba669204""]",2026-09-28
sponsorship_renewals_72db99075994f69a,co_573abb3ca06e6abb,ser_d932354fa0549d84,evt_52af40c014f2d2d3,evt_8d8eb916db13f136,Premium,Premium,repeat_presence_observed; contract_renewal_unknown,year_specific_pages_observed_now; no_negative_inference,same canonical company and series in two observed editions,1,"[""role_ba205a60f6760b3c"",""role_29337476da31dff1""]",2026-09-28
sponsorship_renewals_156b2fb3caa0d5e7,co_573abb3ca06e6abb,ser_d932354fa0549d84,evt_8d8eb916db13f136,evt_575050f022c31923,Premium,Premium,repeat_presence_observed; contract_renewal_unknown,year_specific_pages_observed_now; no_negative_inference,same canonical company and series in two observed editions,1,"[""role_29337476da31dff1"",""role_75ae9ec6fc54c02a""]",2026-09-28
sponsorship_renewals_788dcdabb0bce2e2,co_573abb3ca06e6abb,ser_d932354fa0549d84,evt_575050f022c31923,evt_2a698763747ecca0,Premium,Premium,repeat_presence_observed; contract_renewal_unknown,year_specific_pages_observed_now; no_negative_inference,same canonical company and series in two observed editions,1,"[""role_75ae9ec6fc54c02a"",""role_66edb1dd2fd3745e""]",2026-09-28
